#include "../rg_gui.h"

// File generated with font_converter.py (https://github.com/ashkan89/retro-go/tree/dev/tools)
// Latin-1 from OpenSans-Semibold, Arabic block and presentation forms from DejaVuSans.
// The presentation forms are what rg_text_shape() emits, so Persian and Arabic render joined.

// Font           : Sans 12
// Point Size     : 12
// Memory usage   : 12139 bytes
// Characters     : 800 (32-255, 1536-1791, 64336-64511, 65136-65279)

const rg_font_t font_Sans12 = {
    .name = "Sans 12",
    .type = 1,
    .width = 0,
    .height = 16,
    .chars = 800,
    .data = {
        /* U+0020 ' ' */
        0x20, 0x00, 0x00, 0x00, 0x00, 0x00, 0x03,
        
        /* U+0021 '!' */
        0x21, 0x00, 0x04, 0x01, 0x09, 0x01, 0x03,
        0xFD, 0x80,
        /* U+0022 '"' */
        0x22, 0x00, 0x04, 0x03, 0x03, 0x01, 0x05,
        0xB6, 0x80,
        /* U+0023 '#' */
        0x23, 0x00, 0x04, 0x08, 0x09, 0x00, 0x08,
        0x12, 0x14, 0x14, 0x7F, 0x24, 0xFE, 0x28, 0x28, 0x48,
        /* U+0024 '$' */
        0x24, 0x00, 0x04, 0x05, 0x09, 0x01, 0x07,
        0x23, 0xE9, 0xC7, 0x1C, 0xBF, 0x20,
        /* U+0025 '%' */
        0x25, 0x00, 0x04, 0x0A, 0x09, 0x00, 0x0A,
        0x63, 0x14, 0x8D, 0x63, 0x56, 0x5E, 0x9A, 0xB1, 0xAC, 0x4A, 0x31, 0x80,
        /* U+0026 '&' */
        0x26, 0x00, 0x04, 0x08, 0x09, 0x01, 0x09,
        0x70, 0xC8, 0xC8, 0x50, 0x63, 0x92, 0x8E, 0x8C, 0x7A,
        /* U+0027 ''' */
        0x27, 0x00, 0x04, 0x01, 0x03, 0x01, 0x03,
        0xE0,
        /* U+0028 '(' */
        0x28, 0x00, 0x04, 0x03, 0x0B, 0x00, 0x04,
        0x2D, 0x25, 0x92, 0x4C, 0x80,
        /* U+0029 ')' */
        0x29, 0x00, 0x04, 0x03, 0x0B, 0x01, 0x04,
        0x99, 0x24, 0xD2, 0x5A, 0x00,
        /* U+002A '*' */
        0x2A, 0x00, 0x04, 0x05, 0x06, 0x01, 0x07,
        0x21, 0x3E, 0x45, 0x28,
        /* U+002B '+' */
        0x2B, 0x00, 0x05, 0x05, 0x05, 0x01, 0x07,
        0x21, 0x3E, 0x42, 0x00,
        /* U+002C ',' */
        0x2C, 0x00, 0x0C, 0x02, 0x03, 0x00, 0x03,
        0x5C,
        /* U+002D '-' */
        0x2D, 0x00, 0x09, 0x04, 0x01, 0x00, 0x04,
        0xF0,
        /* U+002E '.' */
        0x2E, 0x00, 0x0B, 0x01, 0x02, 0x01, 0x03,
        0xC0,
        /* U+002F '/' */
        0x2F, 0x00, 0x04, 0x05, 0x09, 0x00, 0x05,
        0x18, 0x84, 0x62, 0x31, 0x08, 0xC0,
        /* U+0030 '0' */
        0x30, 0x00, 0x04, 0x05, 0x09, 0x01, 0x07,
        0x74, 0x63, 0x18, 0xC6, 0x31, 0x70,
        /* U+0031 '1' */
        0x31, 0x00, 0x04, 0x04, 0x09, 0x01, 0x07,
        0x37, 0xB3, 0x33, 0x33, 0x30,
        /* U+0032 '2' */
        0x32, 0x00, 0x04, 0x05, 0x09, 0x01, 0x07,
        0xF4, 0x42, 0x11, 0x19, 0x98, 0xF8,
        /* U+0033 '3' */
        0x33, 0x00, 0x04, 0x05, 0x09, 0x01, 0x07,
        0xF4, 0x42, 0x37, 0x04, 0x21, 0xF0,
        /* U+0034 '4' */
        0x34, 0x00, 0x04, 0x07, 0x09, 0x00, 0x07,
        0x0C, 0x38, 0x71, 0x64, 0xC9, 0xBF, 0x86, 0x0C,
        /* U+0035 '5' */
        0x35, 0x00, 0x04, 0x05, 0x09, 0x01, 0x07,
        0xFC, 0x21, 0xE1, 0x84, 0x23, 0xF0,
        /* U+0036 '6' */
        0x36, 0x00, 0x04, 0x06, 0x09, 0x01, 0x07,
        0x3B, 0x08, 0x3E, 0x8A, 0x38, 0xB2, 0x70,
        /* U+0037 '7' */
        0x37, 0x00, 0x04, 0x07, 0x09, 0x00, 0x07,
        0xFE, 0x08, 0x30, 0x41, 0x83, 0x04, 0x18, 0x20,
        /* U+0038 '8' */
        0x38, 0x00, 0x04, 0x05, 0x09, 0x01, 0x07,
        0x74, 0x63, 0xB7, 0x6E, 0x31, 0xF8,
        /* U+0039 '9' */
        0x39, 0x00, 0x04, 0x05, 0x09, 0x01, 0x07,
        0x74, 0xE3, 0x18, 0xFC, 0x23, 0xF0,
        /* U+003A ':' */
        0x3A, 0x00, 0x07, 0x01, 0x06, 0x01, 0x03,
        0xCC,
        /* U+003B ';' */
        0x3B, 0x00, 0x07, 0x02, 0x08, 0x00, 0x03,
        0x50, 0x17,
        /* U+003C '<' */
        0x3C, 0x00, 0x05, 0x05, 0x06, 0x01, 0x07,
        0x09, 0xF1, 0x83, 0x84,
        /* U+003D '=' */
        0x3D, 0x00, 0x07, 0x05, 0x03, 0x01, 0x07,
        0xF8, 0x3E,
        /* U+003E '>' */
        0x3E, 0x00, 0x05, 0x05, 0x06, 0x01, 0x07,
        0x87, 0x06, 0x3E, 0x40,
        /* U+003F '?' */
        0x3F, 0x00, 0x04, 0x05, 0x09, 0x00, 0x05,
        0xF0, 0xC6, 0x22, 0x10, 0x0C, 0x60,
        /* U+0040 '@' */
        0x40, 0x00, 0x04, 0x09, 0x0A, 0x01, 0x0B,
        0x3E, 0x30, 0xB7, 0xB6, 0x5A, 0x2D, 0x16, 0x9B, 0x36, 0x40, 0x1F, 0x00,
        /* U+0041 'A' */
        0x41, 0x00, 0x04, 0x08, 0x09, 0x00, 0x08,
        0x18, 0x18, 0x3C, 0x24, 0x24, 0x7E, 0x42, 0x42, 0xC3,
        /* U+0042 'B' */
        0x42, 0x00, 0x04, 0x06, 0x09, 0x01, 0x08,
        0xFB, 0x3C, 0x73, 0xFB, 0x1C, 0x71, 0xF8,
        /* U+0043 'C' */
        0x43, 0x00, 0x04, 0x07, 0x09, 0x01, 0x08,
        0x3E, 0x83, 0x04, 0x08, 0x10, 0x30, 0x20, 0x3C,
        /* U+0044 'D' */
        0x44, 0x00, 0x04, 0x07, 0x09, 0x01, 0x09,
        0xF9, 0x8B, 0x1E, 0x1C, 0x38, 0x71, 0xE2, 0xF8,
        /* U+0045 'E' */
        0x45, 0x00, 0x04, 0x05, 0x09, 0x01, 0x07,
        0xFE, 0x31, 0x8F, 0xE3, 0x18, 0xF8,
        /* U+0046 'F' */
        0x46, 0x00, 0x04, 0x05, 0x09, 0x01, 0x06,
        0xFC, 0x21, 0x0F, 0x42, 0x10, 0x80,
        /* U+0047 'G' */
        0x47, 0x00, 0x04, 0x07, 0x09, 0x01, 0x09,
        0x3E, 0xC3, 0x04, 0x08, 0xF0, 0x70, 0xA1, 0x3E,
        /* U+0048 'H' */
        0x48, 0x00, 0x04, 0x07, 0x09, 0x01, 0x09,
        0xC7, 0x8F, 0x1E, 0x3F, 0xF8, 0xF1, 0xE3, 0xC6,
        /* U+0049 'I' */
        0x49, 0x00, 0x04, 0x02, 0x09, 0x01, 0x04,
        0xFF, 0xFF, 0xC0,
        /* U+004A 'J' */
        0x4A, 0x00, 0x04, 0x04, 0x0B, 0x00, 0x04,
        0x33, 0x33, 0x33, 0x33, 0x32, 0xE0,
        /* U+004B 'K' */
        0x4B, 0x00, 0x04, 0x07, 0x09, 0x01, 0x08,
        0xC5, 0x9B, 0x67, 0x8F, 0x1B, 0x32, 0x66, 0xC6,
        /* U+004C 'L' */
        0x4C, 0x00, 0x04, 0x06, 0x09, 0x01, 0x07,
        0xC3, 0x0C, 0x30, 0xC3, 0x0C, 0x30, 0xFC,
        /* U+004D 'M' */
        0x4D, 0x00, 0x04, 0x09, 0x09, 0x01, 0x0B,
        0xC1, 0xF1, 0xE8, 0xB4, 0x5B, 0x6C, 0xA6, 0x53, 0x39, 0x88, 0x80,
        /* U+004E 'N' */
        0x4E, 0x00, 0x04, 0x07, 0x09, 0x01, 0x09,
        0xC3, 0xC6, 0x8D, 0x99, 0x33, 0x62, 0xC7, 0x86,
        /* U+004F 'O' */
        0x4F, 0x00, 0x04, 0x07, 0x09, 0x01, 0x09,
        0x7D, 0x8E, 0x0C, 0x18, 0x30, 0x60, 0xE3, 0x7C,
        /* U+0050 'P' */
        0x50, 0x00, 0x04, 0x05, 0x09, 0x01, 0x07,
        0xFC, 0x63, 0x1F, 0x42, 0x10, 0x80,
        /* U+0051 'Q' */
        0x51, 0x00, 0x04, 0x07, 0x0B, 0x01, 0x09,
        0x7D, 0x8E, 0x0C, 0x18, 0x30, 0x60, 0xE3, 0x7C, 0x18, 0x18,
        /* U+0052 'R' */
        0x52, 0x00, 0x04, 0x07, 0x09, 0x01, 0x08,
        0xF9, 0x9B, 0x16, 0x6F, 0x9B, 0x32, 0x66, 0xC6,
        /* U+0053 'S' */
        0x53, 0x00, 0x04, 0x05, 0x09, 0x01, 0x07,
        0x7C, 0x21, 0x87, 0x0C, 0x21, 0xF0,
        /* U+0054 'T' */
        0x54, 0x00, 0x04, 0x07, 0x09, 0x00, 0x07,
        0xFE, 0x20, 0x40, 0x81, 0x02, 0x04, 0x08, 0x10,
        /* U+0055 'U' */
        0x55, 0x00, 0x04, 0x07, 0x09, 0x01, 0x09,
        0x83, 0x06, 0x0C, 0x18, 0x30, 0x71, 0xE2, 0x7C,
        /* U+0056 'V' */
        0x56, 0x00, 0x04, 0x07, 0x09, 0x00, 0x07,
        0xC7, 0x8D, 0x12, 0x26, 0xC5, 0x0A, 0x14, 0x10,
        /* U+0057 'W' */
        0x57, 0x00, 0x04, 0x0B, 0x09, 0x00, 0x0B,
        0xC4, 0x79, 0xCD, 0x29, 0x25, 0x24, 0xA4, 0xF7, 0x8C, 0x61, 0x8C, 0x31, 0x80,
        /* U+0058 'X' */
        0x58, 0x00, 0x04, 0x07, 0x09, 0x00, 0x07,
        0xC4, 0xD8, 0xA1, 0xC1, 0x05, 0x1B, 0x22, 0xC6,
        /* U+0059 'Y' */
        0x59, 0x00, 0x04, 0x07, 0x09, 0x00, 0x07,
        0xC6, 0x89, 0xB1, 0x43, 0x82, 0x04, 0x08, 0x10,
        /* U+005A 'Z' */
        0x5A, 0x00, 0x04, 0x07, 0x09, 0x00, 0x07,
        0x7C, 0x18, 0x20, 0xC1, 0x06, 0x18, 0x20, 0xFE,
        /* U+005B '[' */
        0x5B, 0x00, 0x04, 0x03, 0x0B, 0x01, 0x04,
        0xF2, 0x49, 0x24, 0x93, 0x80,
        /* U+005C '\' */
        0x5C, 0x00, 0x04, 0x05, 0x09, 0x00, 0x05,
        0xC2, 0x10, 0xC2, 0x18, 0x42, 0x18,
        /* U+005D ']' */
        0x5D, 0x00, 0x04, 0x03, 0x0B, 0x00, 0x04,
        0xE4, 0x92, 0x49, 0x27, 0x80,
        /* U+005E '^' */
        0x5E, 0x00, 0x04, 0x06, 0x05, 0x00, 0x06,
        0x20, 0xC5, 0x92, 0x8C,
        /* U+005F '_' */
        0x5F, 0x00, 0x0D, 0x05, 0x01, 0x00, 0x05,
        0xF8,
        /* U+0060 '`' */
        0x60, 0x00, 0x04, 0x03, 0x02, 0x02, 0x07,
        0xCC,
        /* U+0061 'a' */
        0x61, 0x00, 0x07, 0x05, 0x06, 0x01, 0x07,
        0xF0, 0x7F, 0x19, 0xF4,
        /* U+0062 'b' */
        0x62, 0x00, 0x04, 0x05, 0x09, 0x01, 0x07,
        0x84, 0x21, 0x7C, 0xC6, 0x39, 0xB8,
        /* U+0063 'c' */
        0x63, 0x00, 0x07, 0x05, 0x06, 0x01, 0x06,
        0x7C, 0x21, 0x08, 0x38,
        /* U+0064 'd' */
        0x64, 0x00, 0x04, 0x05, 0x09, 0x01, 0x07,
        0x08, 0x43, 0xD9, 0xC6, 0x33, 0xE8,
        /* U+0065 'e' */
        0x65, 0x00, 0x07, 0x05, 0x06, 0x01, 0x07,
        0x74, 0x7F, 0x0C, 0x3C,
        /* U+0066 'f' */
        0x66, 0x00, 0x04, 0x05, 0x09, 0x00, 0x05,
        0x3B, 0x19, 0xE6, 0x31, 0x8C, 0x60,
        /* U+0067 'g' */
        0x67, 0x00, 0x07, 0x07, 0x09, 0x00, 0x07,
        0x7E, 0x89, 0x13, 0xC4, 0x0F, 0xB1, 0xC3, 0x7C,
        /* U+0068 'h' */
        0x68, 0x00, 0x04, 0x06, 0x09, 0x01, 0x08,
        0x82, 0x08, 0x2E, 0xCE, 0x18, 0x61, 0x84,
        /* U+0069 'i' */
        0x69, 0x00, 0x04, 0x01, 0x09, 0x01, 0x03,
        0xDF, 0x80,
        /* U+006A 'j' */
        0x6A, 0x00, 0x04, 0x03, 0x0C, 0x00, 0x03,
        0x24, 0x12, 0x49, 0x24, 0xF0,
        /* U+006B 'k' */
        0x6B, 0x00, 0x04, 0x06, 0x09, 0x01, 0x07,
        0x82, 0x08, 0x22, 0x92, 0x8F, 0x26, 0x8C,
        /* U+006C 'l' */
        0x6C, 0x00, 0x04, 0x01, 0x09, 0x01, 0x03,
        0xFF, 0x80,
        /* U+006D 'm' */
        0x6D, 0x00, 0x07, 0x09, 0x06, 0x01, 0x0B,
        0xBF, 0xE6, 0x62, 0x31, 0x18, 0x8C, 0x44,
        /* U+006E 'n' */
        0x6E, 0x00, 0x07, 0x06, 0x06, 0x01, 0x08,
        0xBB, 0x38, 0x61, 0x86, 0x10,
        /* U+006F 'o' */
        0x6F, 0x00, 0x07, 0x05, 0x06, 0x01, 0x07,
        0x74, 0x63, 0x18, 0xB8,
        /* U+0070 'p' */
        0x70, 0x00, 0x07, 0x05, 0x09, 0x01, 0x07,
        0xBE, 0x63, 0x1C, 0xDE, 0x10, 0x80,
        /* U+0071 'q' */
        0x71, 0x00, 0x07, 0x05, 0x09, 0x01, 0x07,
        0xEC, 0xE3, 0x19, 0xF4, 0x21, 0x08,
        /* U+0072 'r' */
        0x72, 0x00, 0x07, 0x04, 0x06, 0x01, 0x05,
        0xBC, 0x88, 0x88,
        /* U+0073 's' */
        0x73, 0x00, 0x07, 0x04, 0x06, 0x01, 0x06,
        0xF8, 0xE3, 0x1F,
        /* U+0074 't' */
        0x74, 0x00, 0x06, 0x05, 0x07, 0x00, 0x05,
        0x67, 0xD8, 0xC6, 0x30, 0xE0,
        /* U+0075 'u' */
        0x75, 0x00, 0x07, 0x06, 0x06, 0x01, 0x08,
        0x86, 0x18, 0x61, 0xCD, 0xD0,
        /* U+0076 'v' */
        0x76, 0x00, 0x07, 0x06, 0x06, 0x00, 0x06,
        0xCD, 0x24, 0x9E, 0x30, 0xC0,
        /* U+0077 'w' */
        0x77, 0x00, 0x07, 0x0A, 0x06, 0x00, 0x0A,
        0xCC, 0xD3, 0x25, 0xE9, 0xCE, 0x33, 0x0C, 0xC0,
        /* U+0078 'x' */
        0x78, 0x00, 0x07, 0x05, 0x06, 0x01, 0x07,
        0x8E, 0xDC, 0xED, 0xC4,
        /* U+0079 'y' */
        0x79, 0x00, 0x07, 0x06, 0x09, 0x00, 0x06,
        0xCD, 0x24, 0x9E, 0x30, 0xC3, 0x08, 0xE0,
        /* U+007A 'z' */
        0x7A, 0x00, 0x07, 0x06, 0x06, 0x00, 0x06,
        0x78, 0x61, 0x08, 0x43, 0xF0,
        /* U+007B '{' */
        0x7B, 0x00, 0x04, 0x05, 0x0B, 0x00, 0x05,
        0x19, 0x08, 0x42, 0x60, 0x84, 0x21, 0x06,
        /* U+007C '|' */
        0x7C, 0x00, 0x03, 0x01, 0x0C, 0x03, 0x07,
        0xFF, 0xF0,
        /* U+007D '}' */
        0x7D, 0x00, 0x04, 0x04, 0x0B, 0x00, 0x04,
        0xC4, 0x44, 0x63, 0x64, 0x44, 0xC0,
        /* U+007E '~' */
        0x7E, 0x00, 0x07, 0x05, 0x02, 0x01, 0x07,
        0xE1, 0xC0,
        /* U+007F ' ' */
        0x7F, 0x00, 0x04, 0x05, 0x09, 0x01, 0x07,
        0xFC, 0x63, 0x18, 0xC6, 0x31, 0xF8,
        /* U+0080 ' ' */
        0x80, 0x00, 0x04, 0x05, 0x09, 0x01, 0x07,
        0xFC, 0x63, 0x18, 0xC6, 0x31, 0xF8,
        /* U+0081 ' ' */
        0x81, 0x00, 0x04, 0x05, 0x09, 0x01, 0x07,
        0xFC, 0x63, 0x18, 0xC6, 0x31, 0xF8,
        /* U+0082 ' ' */
        0x82, 0x00, 0x04, 0x05, 0x09, 0x01, 0x07,
        0xFC, 0x63, 0x18, 0xC6, 0x31, 0xF8,
        /* U+0083 ' ' */
        0x83, 0x00, 0x04, 0x05, 0x09, 0x01, 0x07,
        0xFC, 0x63, 0x18, 0xC6, 0x31, 0xF8,
        /* U+0084 ' ' */
        0x84, 0x00, 0x04, 0x05, 0x09, 0x01, 0x07,
        0xFC, 0x63, 0x18, 0xC6, 0x31, 0xF8,
        /* U+0085 ' ' */
        0x85, 0x00, 0x04, 0x05, 0x09, 0x01, 0x07,
        0xFC, 0x63, 0x18, 0xC6, 0x31, 0xF8,
        /* U+0086 ' ' */
        0x86, 0x00, 0x04, 0x05, 0x09, 0x01, 0x07,
        0xFC, 0x63, 0x18, 0xC6, 0x31, 0xF8,
        /* U+0087 ' ' */
        0x87, 0x00, 0x04, 0x05, 0x09, 0x01, 0x07,
        0xFC, 0x63, 0x18, 0xC6, 0x31, 0xF8,
        /* U+0088 ' ' */
        0x88, 0x00, 0x04, 0x05, 0x09, 0x01, 0x07,
        0xFC, 0x63, 0x18, 0xC6, 0x31, 0xF8,
        /* U+0089 ' ' */
        0x89, 0x00, 0x04, 0x05, 0x09, 0x01, 0x07,
        0xFC, 0x63, 0x18, 0xC6, 0x31, 0xF8,
        /* U+008A ' ' */
        0x8A, 0x00, 0x04, 0x05, 0x09, 0x01, 0x07,
        0xFC, 0x63, 0x18, 0xC6, 0x31, 0xF8,
        /* U+008B ' ' */
        0x8B, 0x00, 0x04, 0x05, 0x09, 0x01, 0x07,
        0xFC, 0x63, 0x18, 0xC6, 0x31, 0xF8,
        /* U+008C ' ' */
        0x8C, 0x00, 0x04, 0x05, 0x09, 0x01, 0x07,
        0xFC, 0x63, 0x18, 0xC6, 0x31, 0xF8,
        /* U+008D ' ' */
        0x8D, 0x00, 0x04, 0x05, 0x09, 0x01, 0x07,
        0xFC, 0x63, 0x18, 0xC6, 0x31, 0xF8,
        /* U+008E ' ' */
        0x8E, 0x00, 0x04, 0x05, 0x09, 0x01, 0x07,
        0xFC, 0x63, 0x18, 0xC6, 0x31, 0xF8,
        /* U+008F ' ' */
        0x8F, 0x00, 0x04, 0x05, 0x09, 0x01, 0x07,
        0xFC, 0x63, 0x18, 0xC6, 0x31, 0xF8,
        /* U+0090 ' ' */
        0x90, 0x00, 0x04, 0x05, 0x09, 0x01, 0x07,
        0xFC, 0x63, 0x18, 0xC6, 0x31, 0xF8,
        /* U+0091 ' ' */
        0x91, 0x00, 0x04, 0x05, 0x09, 0x01, 0x07,
        0xFC, 0x63, 0x18, 0xC6, 0x31, 0xF8,
        /* U+0092 ' ' */
        0x92, 0x00, 0x04, 0x05, 0x09, 0x01, 0x07,
        0xFC, 0x63, 0x18, 0xC6, 0x31, 0xF8,
        /* U+0093 ' ' */
        0x93, 0x00, 0x04, 0x05, 0x09, 0x01, 0x07,
        0xFC, 0x63, 0x18, 0xC6, 0x31, 0xF8,
        /* U+0094 ' ' */
        0x94, 0x00, 0x04, 0x05, 0x09, 0x01, 0x07,
        0xFC, 0x63, 0x18, 0xC6, 0x31, 0xF8,
        /* U+0095 ' ' */
        0x95, 0x00, 0x04, 0x05, 0x09, 0x01, 0x07,
        0xFC, 0x63, 0x18, 0xC6, 0x31, 0xF8,
        /* U+0096 ' ' */
        0x96, 0x00, 0x04, 0x05, 0x09, 0x01, 0x07,
        0xFC, 0x63, 0x18, 0xC6, 0x31, 0xF8,
        /* U+0097 ' ' */
        0x97, 0x00, 0x04, 0x05, 0x09, 0x01, 0x07,
        0xFC, 0x63, 0x18, 0xC6, 0x31, 0xF8,
        /* U+0098 ' ' */
        0x98, 0x00, 0x04, 0x05, 0x09, 0x01, 0x07,
        0xFC, 0x63, 0x18, 0xC6, 0x31, 0xF8,
        /* U+0099 ' ' */
        0x99, 0x00, 0x04, 0x05, 0x09, 0x01, 0x07,
        0xFC, 0x63, 0x18, 0xC6, 0x31, 0xF8,
        /* U+009A ' ' */
        0x9A, 0x00, 0x04, 0x05, 0x09, 0x01, 0x07,
        0xFC, 0x63, 0x18, 0xC6, 0x31, 0xF8,
        /* U+009B ' ' */
        0x9B, 0x00, 0x04, 0x05, 0x09, 0x01, 0x07,
        0xFC, 0x63, 0x18, 0xC6, 0x31, 0xF8,
        /* U+009C ' ' */
        0x9C, 0x00, 0x04, 0x05, 0x09, 0x01, 0x07,
        0xFC, 0x63, 0x18, 0xC6, 0x31, 0xF8,
        /* U+009D ' ' */
        0x9D, 0x00, 0x04, 0x05, 0x09, 0x01, 0x07,
        0xFC, 0x63, 0x18, 0xC6, 0x31, 0xF8,
        /* U+009E ' ' */
        0x9E, 0x00, 0x04, 0x05, 0x09, 0x01, 0x07,
        0xFC, 0x63, 0x18, 0xC6, 0x31, 0xF8,
        /* U+009F ' ' */
        0x9F, 0x00, 0x04, 0x05, 0x09, 0x01, 0x07,
        0xFC, 0x63, 0x18, 0xC6, 0x31, 0xF8,
        /* U+00A0 ' ' */
        0xA0, 0x00, 0x00, 0x00, 0x00, 0x00, 0x03,
        
        /* U+00A1 ' ' */
        0xA1, 0x00, 0x07, 0x01, 0x08, 0x01, 0x03,
        0xDF,
        /* U+00A2 ' ' */
        0xA2, 0x00, 0x04, 0x05, 0x09, 0x01, 0x07,
        0x23, 0xF1, 0x88, 0x43, 0x0F, 0x20,
        /* U+00A3 ' ' */
        0xA3, 0x00, 0x04, 0x07, 0x09, 0x00, 0x07,
        0x3C, 0x40, 0x81, 0x0F, 0x84, 0x08, 0x30, 0xFE,
        /* U+00A4 ' ' */
        0xA4, 0x00, 0x05, 0x05, 0x05, 0x01, 0x07,
        0xFC, 0x63, 0x1F, 0x80,
        /* U+00A5 ' ' */
        0xA5, 0x00, 0x04, 0x07, 0x09, 0x00, 0x07,
        0xC6, 0x89, 0xB1, 0x43, 0x8F, 0x84, 0x3E, 0x10,
        /* U+00A6 ' ' */
        0xA6, 0x00, 0x04, 0x01, 0x0C, 0x03, 0x07,
        0xF9, 0xF0,
        /* U+00A7 ' ' */
        0xA7, 0x00, 0x04, 0x04, 0x09, 0x01, 0x06,
        0xF8, 0xCB, 0x9D, 0x31, 0xF0,
        /* U+00A8 ' ' */
        0xA8, 0x00, 0x04, 0x03, 0x01, 0x02, 0x07,
        0xA0,
        /* U+00A9 ' ' */
        0xA9, 0x00, 0x04, 0x08, 0x09, 0x01, 0x0A,
        0x3C, 0x42, 0x9D, 0xA1, 0xA1, 0xA1, 0x9D, 0x42, 0x3C,
        /* U+00AA ' ' */
        0xAA, 0x00, 0x04, 0x04, 0x04, 0x00, 0x04,
        0x61, 0xFF,
        /* U+00AB ' ' */
        0xAB, 0x00, 0x07, 0x06, 0x05, 0x00, 0x07,
        0x35, 0xBD, 0x9B, 0x34,
        /* U+00AC ' ' */
        0xAC, 0x00, 0x08, 0x05, 0x03, 0x01, 0x07,
        0xF8, 0x42,
        /* U+00AD ' ' */
        0xAD, 0x00, 0x09, 0x04, 0x01, 0x00, 0x04,
        0xF0,
        /* U+00AE ' ' */
        0xAE, 0x00, 0x04, 0x08, 0x09, 0x01, 0x0A,
        0x3C, 0x42, 0xB9, 0xA5, 0xB9, 0xA9, 0xA5, 0x42, 0x3C,
        /* U+00AF ' ' */
        0xAF, 0x00, 0x03, 0x06, 0x01, 0x00, 0x06,
        0xFC,
        /* U+00B0 ' ' */
        0xB0, 0x00, 0x04, 0x03, 0x04, 0x01, 0x05,
        0xF6, 0xF0,
        /* U+00B1 ' ' */
        0xB1, 0x00, 0x05, 0x05, 0x07, 0x01, 0x07,
        0x21, 0x3E, 0x42, 0x03, 0xE0,
        /* U+00B2 ' ' */
        0xB2, 0x00, 0x04, 0x04, 0x05, 0x00, 0x04,
        0x62, 0x24, 0xF0,
        /* U+00B3 ' ' */
        0xB3, 0x00, 0x04, 0x04, 0x05, 0x00, 0x04,
        0xE2, 0x61, 0xE0,
        /* U+00B4 ' ' */
        0xB4, 0x00, 0x04, 0x03, 0x02, 0x02, 0x07,
        0x78,
        /* U+00B5 ' ' */
        0xB5, 0x00, 0x07, 0x06, 0x09, 0x01, 0x08,
        0x86, 0x18, 0x61, 0xCF, 0xD8, 0x20, 0x80,
        /* U+00B6 ' ' */
        0xB6, 0x00, 0x04, 0x06, 0x0B, 0x01, 0x08,
        0x7F, 0xDF, 0x7D, 0xF5, 0xD1, 0x45, 0x14, 0x51, 0x40,
        /* U+00B7 ' ' */
        0xB7, 0x00, 0x08, 0x01, 0x02, 0x01, 0x03,
        0xC0,
        /* U+00B8 ' ' */
        0xB8, 0x00, 0x0D, 0x03, 0x03, 0x00, 0x03,
        0x67, 0x00,
        /* U+00B9 ' ' */
        0xB9, 0x00, 0x04, 0x02, 0x05, 0x01, 0x04,
        0xD5, 0x40,
        /* U+00BA ' ' */
        0xBA, 0x00, 0x04, 0x05, 0x04, 0x00, 0x05,
        0x74, 0x62, 0xE0,
        /* U+00BB ' ' */
        0xBB, 0x00, 0x07, 0x06, 0x05, 0x01, 0x07,
        0xB3, 0x66, 0xF6, 0xB0,
        /* U+00BC ' ' */
        0xBC, 0x00, 0x04, 0x08, 0x09, 0x01, 0x0A,
        0xC2, 0x44, 0x44, 0x48, 0x5A, 0x16, 0x2A, 0x2F, 0x42,
        /* U+00BD ' ' */
        0xBD, 0x00, 0x04, 0x08, 0x09, 0x01, 0x0A,
        0xC2, 0x44, 0x44, 0x48, 0x5E, 0x12, 0x22, 0x24, 0x4F,
        /* U+00BE ' ' */
        0xBE, 0x00, 0x04, 0x09, 0x09, 0x00, 0x0A,
        0xE1, 0x11, 0x18, 0x82, 0x8E, 0xD0, 0x58, 0x54, 0x2F, 0x21, 0x00,
        /* U+00BF ' ' */
        0xBF, 0x00, 0x07, 0x05, 0x08, 0x00, 0x05,
        0x31, 0x80, 0x62, 0x63, 0x0F,
        /* U+00C0 ' ' */
        0xC0, 0x00, 0x01, 0x08, 0x0C, 0x00, 0x08,
        0x30, 0x18, 0x00, 0x18, 0x18, 0x3C, 0x24, 0x24, 0x7E, 0x42, 0x42, 0xC3,
        /* U+00C1 ' ' */
        0xC1, 0x00, 0x01, 0x08, 0x0C, 0x00, 0x08,
        0x0C, 0x18, 0x00, 0x18, 0x18, 0x3C, 0x24, 0x24, 0x7E, 0x42, 0x42, 0xC3,
        /* U+00C2 ' ' */
        0xC2, 0x00, 0x01, 0x08, 0x0C, 0x00, 0x08,
        0x38, 0x28, 0x00, 0x18, 0x18, 0x3C, 0x24, 0x24, 0x7E, 0x42, 0x42, 0xC3,
        /* U+00C3 ' ' */
        0xC3, 0x00, 0x01, 0x08, 0x0C, 0x00, 0x08,
        0x34, 0x48, 0x00, 0x18, 0x18, 0x3C, 0x24, 0x24, 0x7E, 0x42, 0x42, 0xC3,
        /* U+00C4 ' ' */
        0xC4, 0x00, 0x02, 0x08, 0x0B, 0x00, 0x08,
        0x28, 0x00, 0x18, 0x18, 0x3C, 0x24, 0x24, 0x7E, 0x42, 0x42, 0xC3,
        /* U+00C5 ' ' */
        0xC5, 0x00, 0x01, 0x08, 0x0B, 0x00, 0x08,
        0x1C, 0x14, 0x18, 0x18, 0x3C, 0x24, 0x24, 0x7E, 0x42, 0x42, 0xC3,
        /* U+00C6 ' ' */
        0xC6, 0x00, 0x04, 0x0A, 0x09, 0x00, 0x0B,
        0x0F, 0xC6, 0x81, 0x20, 0xC8, 0x23, 0xCF, 0x84, 0x21, 0x08, 0xC3, 0xC0,
        /* U+00C7 ' ' */
        0xC7, 0x00, 0x04, 0x07, 0x0C, 0x01, 0x08,
        0x3E, 0x83, 0x04, 0x08, 0x10, 0x30, 0x20, 0x3C, 0x30, 0x21, 0x80,
        /* U+00C8 ' ' */
        0xC8, 0x00, 0x01, 0x05, 0x0C, 0x01, 0x07,
        0x61, 0x81, 0xFC, 0x63, 0x1F, 0xC6, 0x31, 0xF0,
        /* U+00C9 ' ' */
        0xC9, 0x00, 0x01, 0x05, 0x0C, 0x01, 0x07,
        0x33, 0x01, 0xFC, 0x63, 0x1F, 0xC6, 0x31, 0xF0,
        /* U+00CA ' ' */
        0xCA, 0x00, 0x01, 0x05, 0x0C, 0x01, 0x07,
        0x72, 0x81, 0xFC, 0x63, 0x1F, 0xC6, 0x31, 0xF0,
        /* U+00CB ' ' */
        0xCB, 0x00, 0x02, 0x05, 0x0B, 0x01, 0x07,
        0x50, 0x3F, 0x8C, 0x63, 0xF8, 0xC6, 0x3E,
        /* U+00CC ' ' */
        0xCC, 0x00, 0x01, 0x03, 0x0C, 0x00, 0x04,
        0xCC, 0x36, 0xDB, 0x6D, 0xB0,
        /* U+00CD ' ' */
        0xCD, 0x00, 0x01, 0x03, 0x0C, 0x01, 0x04,
        0x78, 0x6D, 0xB6, 0xDB, 0x60,
        /* U+00CE ' ' */
        0xCE, 0x00, 0x01, 0x03, 0x0C, 0x00, 0x04,
        0xF4, 0x36, 0xDB, 0x6D, 0xB0,
        /* U+00CF ' ' */
        0xCF, 0x00, 0x02, 0x03, 0x0B, 0x00, 0x04,
        0xA1, 0xB6, 0xDB, 0x6D, 0x80,
        /* U+00D0 ' ' */
        0xD0, 0x00, 0x04, 0x08, 0x09, 0x00, 0x09,
        0x7C, 0x62, 0x63, 0x61, 0xF1, 0x61, 0x63, 0x62, 0x7C,
        /* U+00D1 ' ' */
        0xD1, 0x00, 0x01, 0x07, 0x0C, 0x01, 0x09,
        0x34, 0x90, 0x06, 0x1E, 0x34, 0x6C, 0xC9, 0x9B, 0x16, 0x3C, 0x30,
        /* U+00D2 ' ' */
        0xD2, 0x00, 0x01, 0x07, 0x0C, 0x01, 0x09,
        0x30, 0x30, 0x03, 0xEC, 0x70, 0x60, 0xC1, 0x83, 0x07, 0x1B, 0xE0,
        /* U+00D3 ' ' */
        0xD3, 0x00, 0x01, 0x07, 0x0C, 0x01, 0x09,
        0x0C, 0x30, 0x03, 0xEC, 0x70, 0x60, 0xC1, 0x83, 0x07, 0x1B, 0xE0,
        /* U+00D4 ' ' */
        0xD4, 0x00, 0x01, 0x07, 0x0C, 0x01, 0x09,
        0x38, 0x50, 0x03, 0xEC, 0x70, 0x60, 0xC1, 0x83, 0x07, 0x1B, 0xE0,
        /* U+00D5 ' ' */
        0xD5, 0x00, 0x01, 0x07, 0x0C, 0x01, 0x09,
        0x34, 0x90, 0x03, 0xEC, 0x70, 0x60, 0xC1, 0x83, 0x07, 0x1B, 0xE0,
        /* U+00D6 ' ' */
        0xD6, 0x00, 0x02, 0x07, 0x0B, 0x01, 0x09,
        0x28, 0x01, 0xF6, 0x38, 0x30, 0x60, 0xC1, 0x83, 0x8D, 0xF0,
        /* U+00D7 ' ' */
        0xD7, 0x00, 0x05, 0x05, 0x05, 0x01, 0x07,
        0x8A, 0x88, 0xA8, 0x80,
        /* U+00D8 ' ' */
        0xD8, 0x00, 0x03, 0x07, 0x09, 0x01, 0x09,
        0x7F, 0x8E, 0x2C, 0x59, 0x34, 0x68, 0xE3, 0xFC,
        /* U+00D9 ' ' */
        0xD9, 0x00, 0x01, 0x07, 0x0C, 0x01, 0x09,
        0x60, 0x60, 0x04, 0x18, 0x30, 0x60, 0xC1, 0x83, 0x8F, 0x13, 0xE0,
        /* U+00DA ' ' */
        0xDA, 0x00, 0x01, 0x07, 0x0C, 0x01, 0x09,
        0x18, 0x60, 0x04, 0x18, 0x30, 0x60, 0xC1, 0x83, 0x8F, 0x13, 0xE0,
        /* U+00DB ' ' */
        0xDB, 0x00, 0x01, 0x07, 0x0C, 0x01, 0x09,
        0x38, 0x50, 0x04, 0x18, 0x30, 0x60, 0xC1, 0x83, 0x8F, 0x13, 0xE0,
        /* U+00DC ' ' */
        0xDC, 0x00, 0x02, 0x07, 0x0B, 0x01, 0x09,
        0x28, 0x02, 0x0C, 0x18, 0x30, 0x60, 0xC1, 0xC7, 0x89, 0xF0,
        /* U+00DD ' ' */
        0xDD, 0x00, 0x01, 0x07, 0x0C, 0x00, 0x07,
        0x0C, 0x30, 0x06, 0x34, 0x4D, 0x8A, 0x1C, 0x10, 0x20, 0x40, 0x80,
        /* U+00DE ' ' */
        0xDE, 0x00, 0x04, 0x05, 0x09, 0x01, 0x07,
        0x84, 0x3F, 0x18, 0xC7, 0xD0, 0x80,
        /* U+00DF ' ' */
        0xDF, 0x00, 0x04, 0x06, 0x09, 0x01, 0x08,
        0x7B, 0x38, 0xE6, 0x92, 0x78, 0x61, 0xBC,
        /* U+00E0 ' ' */
        0xE0, 0x00, 0x04, 0x05, 0x09, 0x01, 0x07,
        0xC3, 0x01, 0xE0, 0xFE, 0x33, 0xE8,
        /* U+00E1 ' ' */
        0xE1, 0x00, 0x04, 0x05, 0x09, 0x01, 0x07,
        0x33, 0x01, 0xE0, 0xFE, 0x33, 0xE8,
        /* U+00E2 ' ' */
        0xE2, 0x00, 0x04, 0x05, 0x09, 0x01, 0x07,
        0x72, 0x81, 0xE0, 0xFE, 0x33, 0xE8,
        /* U+00E3 ' ' */
        0xE3, 0x00, 0x04, 0x05, 0x09, 0x01, 0x07,
        0x6C, 0x81, 0xE0, 0xFE, 0x33, 0xE8,
        /* U+00E4 ' ' */
        0xE4, 0x00, 0x05, 0x05, 0x08, 0x01, 0x07,
        0x50, 0x3C, 0x1F, 0xC6, 0x7D,
        /* U+00E5 ' ' */
        0xE5, 0x00, 0x03, 0x05, 0x0A, 0x01, 0x07,
        0x72, 0x9C, 0x0F, 0x07, 0xF1, 0x9F, 0x40,
        /* U+00E6 ' ' */
        0xE6, 0x00, 0x07, 0x09, 0x06, 0x01, 0x0B,
        0xF7, 0x04, 0x7F, 0xF1, 0x09, 0xC7, 0xBC,
        /* U+00E7 ' ' */
        0xE7, 0x00, 0x07, 0x05, 0x09, 0x01, 0x06,
        0x7C, 0x21, 0x08, 0x38, 0xC2, 0x60,
        /* U+00E8 ' ' */
        0xE8, 0x00, 0x04, 0x05, 0x09, 0x01, 0x07,
        0x61, 0x80, 0xE8, 0xFE, 0x18, 0x78,
        /* U+00E9 ' ' */
        0xE9, 0x00, 0x04, 0x05, 0x09, 0x01, 0x07,
        0x19, 0x80, 0xE8, 0xFE, 0x18, 0x78,
        /* U+00EA ' ' */
        0xEA, 0x00, 0x04, 0x05, 0x09, 0x01, 0x07,
        0x72, 0x80, 0xE8, 0xFE, 0x18, 0x78,
        /* U+00EB ' ' */
        0xEB, 0x00, 0x05, 0x05, 0x08, 0x01, 0x07,
        0x50, 0x1D, 0x1F, 0xC3, 0x0F,
        /* U+00EC ' ' */
        0xEC, 0x00, 0x04, 0x03, 0x09, 0x00, 0x03,
        0xCC, 0x12, 0x49, 0x20,
        /* U+00ED ' ' */
        0xED, 0x00, 0x04, 0x03, 0x09, 0x01, 0x04,
        0x78, 0x49, 0x24, 0x80,
        /* U+00EE ' ' */
        0xEE, 0x00, 0x04, 0x03, 0x09, 0x00, 0x03,
        0xF4, 0x24, 0x92, 0x40,
        /* U+00EF ' ' */
        0xEF, 0x00, 0x05, 0x03, 0x08, 0x00, 0x03,
        0xA1, 0x24, 0x92,
        /* U+00F0 ' ' */
        0xF0, 0x00, 0x04, 0x05, 0x09, 0x01, 0x07,
        0x49, 0x96, 0xF8, 0xC6, 0x31, 0x70,
        /* U+00F1 ' ' */
        0xF1, 0x00, 0x04, 0x06, 0x09, 0x01, 0x08,
        0x6A, 0x40, 0x2E, 0xCE, 0x18, 0x61, 0x84,
        /* U+00F2 ' ' */
        0xF2, 0x00, 0x04, 0x05, 0x09, 0x01, 0x07,
        0x61, 0x80, 0xE8, 0xC6, 0x31, 0x70,
        /* U+00F3 ' ' */
        0xF3, 0x00, 0x04, 0x05, 0x09, 0x01, 0x07,
        0x19, 0x80, 0xE8, 0xC6, 0x31, 0x70,
        /* U+00F4 ' ' */
        0xF4, 0x00, 0x04, 0x05, 0x09, 0x01, 0x07,
        0x72, 0x80, 0xE8, 0xC6, 0x31, 0x70,
        /* U+00F5 ' ' */
        0xF5, 0x00, 0x04, 0x05, 0x09, 0x01, 0x07,
        0x6C, 0x80, 0xE8, 0xC6, 0x31, 0x70,
        /* U+00F6 ' ' */
        0xF6, 0x00, 0x05, 0x05, 0x08, 0x01, 0x07,
        0x50, 0x1D, 0x18, 0xC6, 0x2E,
        /* U+00F7 ' ' */
        0xF7, 0x00, 0x06, 0x05, 0x05, 0x01, 0x07,
        0x21, 0x3E, 0x42, 0x00,
        /* U+00F8 ' ' */
        0xF8, 0x00, 0x06, 0x05, 0x06, 0x01, 0x07,
        0x7C, 0xEB, 0x5C, 0xF8,
        /* U+00F9 ' ' */
        0xF9, 0x00, 0x04, 0x06, 0x09, 0x01, 0x08,
        0x60, 0xC0, 0x21, 0x86, 0x18, 0x73, 0x74,
        /* U+00FA ' ' */
        0xFA, 0x00, 0x04, 0x06, 0x09, 0x01, 0x08,
        0x18, 0xC0, 0x21, 0x86, 0x18, 0x73, 0x74,
        /* U+00FB ' ' */
        0xFB, 0x00, 0x04, 0x06, 0x09, 0x01, 0x08,
        0x71, 0x40, 0x21, 0x86, 0x18, 0x73, 0x74,
        /* U+00FC ' ' */
        0xFC, 0x00, 0x05, 0x06, 0x08, 0x01, 0x08,
        0x50, 0x08, 0x61, 0x86, 0x1C, 0xDD,
        /* U+00FD ' ' */
        0xFD, 0x00, 0x04, 0x06, 0x0C, 0x00, 0x06,
        0x18, 0xC0, 0x33, 0x49, 0x27, 0x8C, 0x30, 0xC2, 0x38,
        /* U+00FE ' ' */
        0xFE, 0x00, 0x04, 0x05, 0x0C, 0x01, 0x07,
        0x84, 0x21, 0x7C, 0xC6, 0x39, 0xBC, 0x21, 0x00,
        /* U+00FF ' ' */
        0xFF, 0x00, 0x05, 0x06, 0x0B, 0x00, 0x06,
        0x28, 0x0C, 0xD2, 0x49, 0xE3, 0x0C, 0x30, 0x8E, 0x00,
        /* U+0600 ' ' */
        0x00, 0x06, 0x04, 0x06, 0x0B, 0x01, 0x07,
        0xFE, 0x18, 0x61, 0x86, 0x18, 0x61, 0x86, 0x1F, 0xC0,
        /* U+0601 ' ' */
        0x01, 0x06, 0x04, 0x06, 0x0B, 0x01, 0x07,
        0xFE, 0x18, 0x61, 0x86, 0x18, 0x61, 0x86, 0x1F, 0xC0,
        /* U+0602 ' ' */
        0x02, 0x06, 0x04, 0x06, 0x0B, 0x01, 0x07,
        0xFE, 0x18, 0x61, 0x86, 0x18, 0x61, 0x86, 0x1F, 0xC0,
        /* U+0603 ' ' */
        0x03, 0x06, 0x04, 0x06, 0x0B, 0x01, 0x07,
        0xFE, 0x18, 0x61, 0x86, 0x18, 0x61, 0x86, 0x1F, 0xC0,
        /* U+0604 ' ' */
        0x04, 0x06, 0x04, 0x06, 0x0B, 0x01, 0x07,
        0xFE, 0x18, 0x61, 0x86, 0x18, 0x61, 0x86, 0x1F, 0xC0,
        /* U+0605 ' ' */
        0x05, 0x06, 0x04, 0x06, 0x0B, 0x01, 0x07,
        0xFE, 0x18, 0x61, 0x86, 0x18, 0x61, 0x86, 0x1F, 0xC0,
        /* U+0606 ' ' */
        0x06, 0x06, 0x01, 0x07, 0x0B, 0x00, 0x08,
        0x19, 0x39, 0x42, 0x84, 0x04, 0x09, 0x92, 0x1C, 0x10, 0x20,
        /* U+0607 ' ' */
        0x07, 0x06, 0x01, 0x07, 0x0B, 0x00, 0x08,
        0x09, 0x21, 0x22, 0x84, 0x84, 0x09, 0x92, 0x1C, 0x10, 0x20,
        /* U+0608 ' ' */
        0x08, 0x06, 0x04, 0x06, 0x0B, 0x01, 0x07,
        0xFE, 0x18, 0x61, 0x86, 0x18, 0x61, 0x86, 0x1F, 0xC0,
        /* U+0609 ' ' */
        0x09, 0x06, 0x04, 0x07, 0x08, 0x01, 0x09,
        0x89, 0x20, 0x41, 0x02, 0x08, 0x20, 0x45,
        /* U+060A ' ' */
        0x0A, 0x06, 0x04, 0x0A, 0x08, 0x01, 0x0C,
        0x88, 0x24, 0x01, 0x00, 0x80, 0x20, 0x10, 0x08, 0x02, 0x29,
        /* U+060B ' ' */
        0x0B, 0x06, 0x04, 0x06, 0x0B, 0x01, 0x07,
        0xFE, 0x18, 0x61, 0x86, 0x18, 0x61, 0x86, 0x1F, 0xC0,
        /* U+060C ' ' */
        0x0C, 0x06, 0x09, 0x02, 0x03, 0x01, 0x04,
        0x5C,
        /* U+060D ' ' */
        0x0D, 0x06, 0x04, 0x06, 0x0B, 0x01, 0x07,
        0xFE, 0x18, 0x61, 0x86, 0x18, 0x61, 0x86, 0x1F, 0xC0,
        /* U+060E ' ' */
        0x0E, 0x06, 0x04, 0x06, 0x0B, 0x01, 0x07,
        0xFE, 0x18, 0x61, 0x86, 0x18, 0x61, 0x86, 0x1F, 0xC0,
        /* U+060F ' ' */
        0x0F, 0x06, 0x04, 0x06, 0x0B, 0x01, 0x07,
        0xFE, 0x18, 0x61, 0x86, 0x18, 0x61, 0x86, 0x1F, 0xC0,
        /* U+0610 ' ' */
        0x10, 0x06, 0x04, 0x06, 0x0B, 0x01, 0x07,
        0xFE, 0x18, 0x61, 0x86, 0x18, 0x61, 0x86, 0x1F, 0xC0,
        /* U+0611 ' ' */
        0x11, 0x06, 0x04, 0x06, 0x0B, 0x01, 0x07,
        0xFE, 0x18, 0x61, 0x86, 0x18, 0x61, 0x86, 0x1F, 0xC0,
        /* U+0612 ' ' */
        0x12, 0x06, 0x04, 0x06, 0x0B, 0x01, 0x07,
        0xFE, 0x18, 0x61, 0x86, 0x18, 0x61, 0x86, 0x1F, 0xC0,
        /* U+0613 ' ' */
        0x13, 0x06, 0x04, 0x06, 0x0B, 0x01, 0x07,
        0xFE, 0x18, 0x61, 0x86, 0x18, 0x61, 0x86, 0x1F, 0xC0,
        /* U+0614 ' ' */
        0x14, 0x06, 0x04, 0x06, 0x0B, 0x01, 0x07,
        0xFE, 0x18, 0x61, 0x86, 0x18, 0x61, 0x86, 0x1F, 0xC0,
        /* U+0615 ' ' */
        0x15, 0x06, 0x01, 0x04, 0x03, 0x01, 0x05,
        0x47, 0xE0,
        /* U+0616 ' ' */
        0x16, 0x06, 0x04, 0x06, 0x0B, 0x01, 0x07,
        0xFE, 0x18, 0x61, 0x86, 0x18, 0x61, 0x86, 0x1F, 0xC0,
        /* U+0617 ' ' */
        0x17, 0x06, 0x04, 0x06, 0x0B, 0x01, 0x07,
        0xFE, 0x18, 0x61, 0x86, 0x18, 0x61, 0x86, 0x1F, 0xC0,
        /* U+0618 ' ' */
        0x18, 0x06, 0x04, 0x06, 0x0B, 0x01, 0x07,
        0xFE, 0x18, 0x61, 0x86, 0x18, 0x61, 0x86, 0x1F, 0xC0,
        /* U+0619 ' ' */
        0x19, 0x06, 0x04, 0x06, 0x0B, 0x01, 0x07,
        0xFE, 0x18, 0x61, 0x86, 0x18, 0x61, 0x86, 0x1F, 0xC0,
        /* U+061A ' ' */
        0x1A, 0x06, 0x04, 0x06, 0x0B, 0x01, 0x07,
        0xFE, 0x18, 0x61, 0x86, 0x18, 0x61, 0x86, 0x1F, 0xC0,
        /* U+061B ' ' */
        0x1B, 0x06, 0x04, 0x02, 0x08, 0x01, 0x04,
        0x5C, 0x03,
        /* U+061C ' ' */
        0x1C, 0x06, 0x04, 0x06, 0x0B, 0x01, 0x07,
        0xFE, 0x18, 0x61, 0x86, 0x18, 0x61, 0x86, 0x1F, 0xC0,
        /* U+061D ' ' */
        0x1D, 0x06, 0x04, 0x06, 0x0B, 0x01, 0x07,
        0xFE, 0x18, 0x61, 0x86, 0x18, 0x61, 0x86, 0x1F, 0xC0,
        /* U+061E ' ' */
        0x1E, 0x06, 0x04, 0x06, 0x0B, 0x01, 0x07,
        0xFE, 0x18, 0x61, 0x86, 0x18, 0x61, 0x86, 0x1F, 0xC0,
        /* U+061F ' ' */
        0x1F, 0x06, 0x03, 0x05, 0x09, 0x01, 0x06,
        0x74, 0x61, 0x86, 0x10, 0x80, 0x20,
        /* U+0620 ' ' */
        0x20, 0x06, 0x04, 0x06, 0x0B, 0x01, 0x07,
        0xFE, 0x18, 0x61, 0x86, 0x18, 0x61, 0x86, 0x1F, 0xC0,
        /* U+0621 ' ' */
        0x21, 0x06, 0x06, 0x04, 0x05, 0x01, 0x06,
        0x68, 0x8F, 0xE0,
        /* U+0622 ' ' */
        0x22, 0x06, 0x01, 0x04, 0x0B, 0x00, 0x04,
        0xF0, 0x44, 0x44, 0x44, 0x44, 0x40,
        /* U+0623 ' ' */
        0x23, 0x06, 0x00, 0x02, 0x0B, 0x01, 0x03,
        0xBA, 0xAA, 0xA8,
        /* U+0624 ' ' */
        0x24, 0x06, 0x05, 0x06, 0x09, 0x00, 0x06,
        0x30, 0x61, 0x8B, 0x24, 0x70, 0xC6, 0xF0,
        /* U+0625 ' ' */
        0x25, 0x06, 0x02, 0x02, 0x0C, 0x01, 0x03,
        0xAA, 0xAA, 0x8B,
        /* U+0626 ' ' */
        0x26, 0x06, 0x05, 0x08, 0x08, 0x01, 0x09,
        0xC0, 0x6E, 0x13, 0x1C, 0x82, 0x82, 0xDC, 0x30,
        /* U+0627 ' ' */
        0x27, 0x06, 0x02, 0x01, 0x09, 0x01, 0x03,
        0xFF, 0x80,
        /* U+0628 ' ' */
        0x28, 0x06, 0x08, 0x09, 0x06, 0x01, 0x0B,
        0x80, 0xC0, 0x60, 0x6F, 0xC0, 0x00, 0x40,
        /* U+0629 ' ' */
        0x29, 0x06, 0x06, 0x04, 0x06, 0x01, 0x06,
        0xC0, 0xE9, 0x9F,
        /* U+062A ' ' */
        0x2A, 0x06, 0x07, 0x09, 0x05, 0x01, 0x0B,
        0x18, 0x40, 0x60, 0x30, 0x37, 0xE0,
        /* U+062B ' ' */
        0x2B, 0x06, 0x05, 0x09, 0x06, 0x01, 0x0B,
        0x08, 0x0C, 0x20, 0x30, 0x18, 0x1B, 0xF0,
        /* U+062C ' ' */
        0x2C, 0x06, 0x06, 0x07, 0x08, 0x01, 0x08,
        0xFC, 0x61, 0x04, 0x08, 0x90, 0x10, 0x9E,
        /* U+062D ' ' */
        0x2D, 0x06, 0x06, 0x07, 0x08, 0x01, 0x08,
        0xFC, 0x61, 0x04, 0x08, 0x10, 0x10, 0x9E,
        /* U+062E ' ' */
        0x2E, 0x06, 0x05, 0x07, 0x0A, 0x01, 0x08,
        0x20, 0x03, 0xF1, 0x84, 0x10, 0x20, 0x40, 0x42, 0x78,
        /* U+062F ' ' */
        0x2F, 0x06, 0x07, 0x04, 0x05, 0x01, 0x05,
        0x62, 0x13, 0xE0,
        /* U+0630 ' ' */
        0x30, 0x06, 0x05, 0x04, 0x07, 0x01, 0x05,
        0x40, 0x62, 0x13, 0xE0,
        /* U+0631 ' ' */
        0x31, 0x06, 0x08, 0x06, 0x06, 0x00, 0x06,
        0x04, 0x10, 0x43, 0x1B, 0x80,
        /* U+0632 ' ' */
        0x32, 0x06, 0x06, 0x06, 0x09, 0x00, 0x06,
        0x04, 0x00, 0x01, 0x04, 0x10, 0xC6, 0xE0,
        /* U+0633 ' ' */
        0x33, 0x06, 0x07, 0x0D, 0x07, 0x01, 0x0F,
        0x04, 0x48, 0x26, 0x61, 0xB7, 0x0F, 0xE8, 0x40, 0x46, 0x01, 0xE0, 0x00,
        /* U+0634 ' ' */
        0x34, 0x06, 0x04, 0x0D, 0x0A, 0x01, 0x0F,
        0x01, 0x00, 0x18, 0x00, 0x00, 0x08, 0x90, 0x4C, 0xC3, 0x6E, 0x1F, 0xD0, 0x80, 0x8C, 0x03, 0xC0, 0x00,
        /* U+0635 ' ' */
        0x35, 0x06, 0x07, 0x0D, 0x07, 0x01, 0x0F,
        0x00, 0xF0, 0x2C, 0x61, 0xC5, 0x0F, 0xC8, 0x40, 0x46, 0x01, 0xE0, 0x00,
        /* U+0636 ' ' */
        0x36, 0x06, 0x06, 0x0D, 0x09, 0x01, 0x0F,
        0x02, 0x00, 0x00, 0x00, 0x3C, 0x0B, 0x18, 0x71, 0x43, 0xF2, 0x10, 0x11, 0x80, 0x78, 0x00,
        /* U+0637 ' ' */
        0x37, 0x06, 0x02, 0x09, 0x09, 0x01, 0x0B,
        0x20, 0x10, 0x08, 0x04, 0x02, 0x01, 0x3C, 0xA2, 0x63, 0xFF, 0x00,
        /* U+0638 ' ' */
        0x38, 0x06, 0x02, 0x09, 0x09, 0x01, 0x0B,
        0x20, 0x10, 0x08, 0x04, 0x82, 0x01, 0x3C, 0xA2, 0x63, 0xFF, 0x00,
        /* U+0639 ' ' */
        0x39, 0x06, 0x05, 0x06, 0x09, 0x01, 0x07,
        0x72, 0x09, 0x98, 0xC2, 0x08, 0x30, 0x7C,
        /* U+063A ' ' */
        0x3A, 0x06, 0x04, 0x06, 0x0B, 0x01, 0x07,
        0x40, 0x07, 0x20, 0x99, 0x8C, 0x20, 0x83, 0x07, 0xC0,
        /* U+063B ' ' */
        0x3B, 0x06, 0x04, 0x06, 0x0B, 0x01, 0x07,
        0xFE, 0x18, 0x61, 0x86, 0x18, 0x61, 0x86, 0x1F, 0xC0,
        /* U+063C ' ' */
        0x3C, 0x06, 0x04, 0x06, 0x0B, 0x01, 0x07,
        0xFE, 0x18, 0x61, 0x86, 0x18, 0x61, 0x86, 0x1F, 0xC0,
        /* U+063D ' ' */
        0x3D, 0x06, 0x04, 0x06, 0x0B, 0x01, 0x07,
        0xFE, 0x18, 0x61, 0x86, 0x18, 0x61, 0x86, 0x1F, 0xC0,
        /* U+063E ' ' */
        0x3E, 0x06, 0x04, 0x06, 0x0B, 0x01, 0x07,
        0xFE, 0x18, 0x61, 0x86, 0x18, 0x61, 0x86, 0x1F, 0xC0,
        /* U+063F ' ' */
        0x3F, 0x06, 0x04, 0x06, 0x0B, 0x01, 0x07,
        0xFE, 0x18, 0x61, 0x86, 0x18, 0x61, 0x86, 0x1F, 0xC0,
        /* U+0640 ' ' */
        0x40, 0x06, 0x0A, 0x04, 0x01, 0x00, 0x04,
        0xF0,
        /* U+0641 ' ' */
        0x41, 0x06, 0x04, 0x0A, 0x09, 0x01, 0x0C,
        0x00, 0x80, 0x00, 0x08, 0x05, 0x01, 0x60, 0x78, 0x07, 0xFE, 0x18, 0x00,
        /* U+0642 ' ' */
        0x42, 0x06, 0x04, 0x07, 0x0B, 0x01, 0x09,
        0x0C, 0x00, 0x30, 0x50, 0xB1, 0xE0, 0xC1, 0x85, 0xF1, 0x80,
        /* U+0643 ' ' */
        0x43, 0x06, 0x02, 0x08, 0x09, 0x01, 0x0A,
        0x01, 0x01, 0x09, 0x11, 0x09, 0x11, 0x01, 0x82, 0xFE,
        /* U+0644 ' ' */
        0x44, 0x06, 0x02, 0x07, 0x0B, 0x01, 0x09,
        0x02, 0x04, 0x08, 0x10, 0x20, 0x40, 0xC3, 0x85, 0x19, 0xC0,
        /* U+0645 ' ' */
        0x45, 0x06, 0x07, 0x06, 0x07, 0x01, 0x07,
        0x39, 0xBE, 0xA4, 0x82, 0x08, 0x00,
        /* U+0646 ' ' */
        0x46, 0x06, 0x06, 0x07, 0x08, 0x01, 0x09,
        0x20, 0x00, 0x0C, 0x18, 0x30, 0xF1, 0x3C,
        /* U+0647 ' ' */
        0x47, 0x06, 0x07, 0x04, 0x04, 0x01, 0x06,
        0xE9, 0x9F,
        /* U+0648 ' ' */
        0x48, 0x06, 0x08, 0x06, 0x07, 0x00, 0x06,
        0x18, 0xB2, 0x47, 0x0C, 0x6F, 0x00,
        /* U+0649 ' ' */
        0x49, 0x06, 0x07, 0x08, 0x07, 0x01, 0x09,
        0x0E, 0x13, 0x1C, 0x82, 0x82, 0xDC, 0x30,
        /* U+064A ' ' */
        0x4A, 0x06, 0x07, 0x08, 0x08, 0x01, 0x09,
        0x0E, 0x13, 0x1C, 0x82, 0x82, 0xDC, 0x30, 0x30,
        /* U+064B ' ' */
        0x4B, 0x06, 0x02, 0x04, 0x03, 0x01, 0x05,
        0x34, 0xE0,
        /* U+064C ' ' */
        0x4C, 0x06, 0x01, 0x04, 0x03, 0x01, 0x05,
        0x6B, 0x40,
        /* U+064D ' ' */
        0x4D, 0x06, 0x0C, 0x04, 0x03, 0x01, 0x05,
        0x34, 0xE0,
        /* U+064E ' ' */
        0x4E, 0x06, 0x04, 0x03, 0x01, 0x01, 0x04,
        0xE0,
        /* U+064F ' ' */
        0x4F, 0x06, 0x01, 0x04, 0x03, 0x01, 0x05,
        0x63, 0xC0,
        /* U+0650 ' ' */
        0x50, 0x06, 0x0C, 0x04, 0x02, 0x01, 0x05,
        0x1E,
        /* U+0651 ' ' */
        0x51, 0x06, 0x01, 0x04, 0x03, 0x01, 0x05,
        0xDB, 0xC0,
        /* U+0652 ' ' */
        0x52, 0x06, 0x02, 0x04, 0x03, 0x01, 0x05,
        0xE9, 0x60,
        /* U+0653 ' ' */
        0x53, 0x06, 0x04, 0x04, 0x01, 0x01, 0x05,
        0xF0,
        /* U+0654 ' ' */
        0x54, 0x06, 0x02, 0x02, 0x02, 0x02, 0x04,
        0xB0,
        /* U+0655 ' ' */
        0x55, 0x06, 0x0D, 0x02, 0x02, 0x02, 0x04,
        0xB0,
        /* U+0656 ' ' */
        0x56, 0x06, 0x04, 0x06, 0x0B, 0x01, 0x07,
        0xFE, 0x18, 0x61, 0x86, 0x18, 0x61, 0x86, 0x1F, 0xC0,
        /* U+0657 ' ' */
        0x57, 0x06, 0x01, 0x04, 0x04, 0x01, 0x05,
        0x16, 0xA4,
        /* U+0658 ' ' */
        0x58, 0x06, 0x04, 0x06, 0x0B, 0x01, 0x07,
        0xFE, 0x18, 0x61, 0x86, 0x18, 0x61, 0x86, 0x1F, 0xC0,
        /* U+0659 ' ' */
        0x59, 0x06, 0x04, 0x06, 0x0B, 0x01, 0x07,
        0xFE, 0x18, 0x61, 0x86, 0x18, 0x61, 0x86, 0x1F, 0xC0,
        /* U+065A ' ' */
        0x5A, 0x06, 0x02, 0x02, 0x02, 0x02, 0x06,
        0xF0,
        /* U+065B ' ' */
        0x5B, 0x06, 0x04, 0x06, 0x0B, 0x01, 0x07,
        0xFE, 0x18, 0x61, 0x86, 0x18, 0x61, 0x86, 0x1F, 0xC0,
        /* U+065C ' ' */
        0x5C, 0x06, 0x04, 0x06, 0x0B, 0x01, 0x07,
        0xFE, 0x18, 0x61, 0x86, 0x18, 0x61, 0x86, 0x1F, 0xC0,
        /* U+065D ' ' */
        0x5D, 0x06, 0x04, 0x06, 0x0B, 0x01, 0x07,
        0xFE, 0x18, 0x61, 0x86, 0x18, 0x61, 0x86, 0x1F, 0xC0,
        /* U+065E ' ' */
        0x5E, 0x06, 0x04, 0x06, 0x0B, 0x01, 0x07,
        0xFE, 0x18, 0x61, 0x86, 0x18, 0x61, 0x86, 0x1F, 0xC0,
        /* U+065F ' ' */
        0x5F, 0x06, 0x04, 0x06, 0x0B, 0x01, 0x07,
        0xFE, 0x18, 0x61, 0x86, 0x18, 0x61, 0x86, 0x1F, 0xC0,
        /* U+0660 ' ' */
        0x60, 0x06, 0x07, 0x01, 0x01, 0x03, 0x06,
        0x80,
        /* U+0661 ' ' */
        0x61, 0x06, 0x04, 0x02, 0x08, 0x02, 0x06,
        0xAD, 0x55,
        /* U+0662 ' ' */
        0x62, 0x06, 0x04, 0x05, 0x08, 0x01, 0x06,
        0x8C, 0x7C, 0x84, 0x21, 0x08,
        /* U+0663 ' ' */
        0x63, 0x06, 0x04, 0x05, 0x08, 0x01, 0x06,
        0xAD, 0x7F, 0x84, 0x21, 0x08,
        /* U+0664 ' ' */
        0x64, 0x06, 0x04, 0x04, 0x08, 0x01, 0x06,
        0x16, 0x46, 0xC8, 0x87,
        /* U+0665 ' ' */
        0x65, 0x06, 0x04, 0x05, 0x08, 0x01, 0x06,
        0x23, 0xA5, 0x28, 0xC6, 0x5E,
        /* U+0666 ' ' */
        0x66, 0x06, 0x04, 0x06, 0x08, 0x00, 0x06,
        0x89, 0xE0, 0x82, 0x08, 0x20, 0xC1,
        /* U+0667 ' ' */
        0x67, 0x06, 0x04, 0x06, 0x08, 0x00, 0x06,
        0xC5, 0x34, 0x8A, 0x30, 0xC3, 0x04,
        /* U+0668 ' ' */
        0x68, 0x06, 0x04, 0x05, 0x08, 0x01, 0x06,
        0x21, 0x18, 0xC5, 0x6A, 0x51,
        /* U+0669 ' ' */
        0x69, 0x06, 0x04, 0x05, 0x08, 0x01, 0x06,
        0x65, 0xA5, 0xE1, 0x08, 0x61,
        /* U+066A ' ' */
        0x6A, 0x06, 0x04, 0x05, 0x08, 0x01, 0x06,
        0x8C, 0x84, 0x42, 0x22, 0x11,
        /* U+066B ' ' */
        0x6B, 0x06, 0x08, 0x04, 0x05, 0x00, 0x04,
        0x11, 0x22, 0xC0,
        /* U+066C ' ' */
        0x6C, 0x06, 0x03, 0x02, 0x03, 0x01, 0x04,
        0x78,
        /* U+066D ' ' */
        0x6D, 0x06, 0x05, 0x04, 0x04, 0x01, 0x07,
        0x22, 0xF7,
        /* U+066E ' ' */
        0x6E, 0x06, 0x08, 0x09, 0x04, 0x01, 0x0B,
        0x80, 0xC0, 0x60, 0x6F, 0xC0,
        /* U+066F ' ' */
        0x6F, 0x06, 0x06, 0x07, 0x09, 0x01, 0x09,
        0x0C, 0x14, 0x2C, 0x78, 0x30, 0x61, 0x7C, 0x60,
        /* U+0670 ' ' */
        0x70, 0x06, 0x02, 0x01, 0x02, 0x03, 0x04,
        0xC0,
        /* U+0671 ' ' */
        0x71, 0x06, 0x04, 0x06, 0x0B, 0x01, 0x07,
        0xFE, 0x18, 0x61, 0x86, 0x18, 0x61, 0x86, 0x1F, 0xC0,
        /* U+0672 ' ' */
        0x72, 0x06, 0x04, 0x06, 0x0B, 0x01, 0x07,
        0xFE, 0x18, 0x61, 0x86, 0x18, 0x61, 0x86, 0x1F, 0xC0,
        /* U+0673 ' ' */
        0x73, 0x06, 0x04, 0x06, 0x0B, 0x01, 0x07,
        0xFE, 0x18, 0x61, 0x86, 0x18, 0x61, 0x86, 0x1F, 0xC0,
        /* U+0674 ' ' */
        0x74, 0x06, 0x01, 0x02, 0x02, 0x01, 0x04,
        0xB0,
        /* U+0675 ' ' */
        0x75, 0x06, 0x04, 0x06, 0x0B, 0x01, 0x07,
        0xFE, 0x18, 0x61, 0x86, 0x18, 0x61, 0x86, 0x1F, 0xC0,
        /* U+0676 ' ' */
        0x76, 0x06, 0x04, 0x06, 0x0B, 0x01, 0x07,
        0xFE, 0x18, 0x61, 0x86, 0x18, 0x61, 0x86, 0x1F, 0xC0,
        /* U+0677 ' ' */
        0x77, 0x06, 0x04, 0x06, 0x0B, 0x01, 0x07,
        0xFE, 0x18, 0x61, 0x86, 0x18, 0x61, 0x86, 0x1F, 0xC0,
        /* U+0678 ' ' */
        0x78, 0x06, 0x04, 0x06, 0x0B, 0x01, 0x07,
        0xFE, 0x18, 0x61, 0x86, 0x18, 0x61, 0x86, 0x1F, 0xC0,
        /* U+0679 ' ' */
        0x79, 0x06, 0x05, 0x09, 0x06, 0x01, 0x0B,
        0x10, 0x0E, 0x2E, 0x30, 0x18, 0x1B, 0xF0,
        /* U+067A ' ' */
        0x7A, 0x06, 0x06, 0x09, 0x06, 0x01, 0x0B,
        0x08, 0x00, 0x20, 0x30, 0x18, 0x1B, 0xF0,
        /* U+067B ' ' */
        0x7B, 0x06, 0x08, 0x09, 0x05, 0x01, 0x0B,
        0x80, 0xC0, 0x60, 0x6F, 0xC0, 0x80,
        /* U+067C ' ' */
        0x7C, 0x06, 0x07, 0x09, 0x07, 0x01, 0x0B,
        0x18, 0x40, 0x60, 0x30, 0x37, 0xE0, 0xA0, 0x60,
        /* U+067D ' ' */
        0x7D, 0x06, 0x06, 0x09, 0x06, 0x01, 0x0B,
        0x18, 0x00, 0x20, 0x30, 0x18, 0x1B, 0xF0,
        /* U+067E ' ' */
        0x7E, 0x06, 0x08, 0x09, 0x05, 0x01, 0x0B,
        0x80, 0xC0, 0x60, 0x6F, 0xC1, 0x80,
        /* U+067F ' ' */
        0x7F, 0x06, 0x06, 0x09, 0x06, 0x01, 0x0B,
        0x18, 0x00, 0x20, 0x30, 0x18, 0x1B, 0xF0,
        /* U+0680 ' ' */
        0x80, 0x06, 0x08, 0x09, 0x05, 0x01, 0x0B,
        0x80, 0xC0, 0x60, 0x6F, 0xC1, 0x80,
        /* U+0681 ' ' */
        0x81, 0x06, 0x03, 0x07, 0x0B, 0x01, 0x08,
        0x60, 0x60, 0x07, 0xE3, 0x08, 0x20, 0x40, 0x80, 0x84, 0xF0,
        /* U+0682 ' ' */
        0x82, 0x06, 0x03, 0x07, 0x0C, 0x01, 0x08,
        0x20, 0x00, 0x00, 0x0F, 0xC6, 0x10, 0x40, 0x81, 0x01, 0x09, 0xE0,
        /* U+0683 ' ' */
        0x83, 0x06, 0x06, 0x07, 0x08, 0x01, 0x08,
        0xFC, 0x61, 0x04, 0x09, 0x90, 0x10, 0x9E,
        /* U+0684 ' ' */
        0x84, 0x06, 0x06, 0x07, 0x08, 0x01, 0x08,
        0xFC, 0x61, 0x04, 0x48, 0x10, 0x10, 0x9E,
        /* U+0685 ' ' */
        0x85, 0x06, 0x03, 0x07, 0x0B, 0x01, 0x08,
        0x10, 0x60, 0x07, 0xE3, 0x08, 0x20, 0x40, 0x80, 0x84, 0xF0,
        /* U+0686 ' ' */
        0x86, 0x06, 0x06, 0x07, 0x08, 0x01, 0x08,
        0xFC, 0x61, 0x04, 0xC8, 0x10, 0x10, 0x9E,
        /* U+0687 ' ' */
        0x87, 0x06, 0x06, 0x07, 0x08, 0x01, 0x08,
        0xFC, 0x61, 0x04, 0xC8, 0x10, 0x10, 0x9E,
        /* U+0688 ' ' */
        0x88, 0x06, 0x02, 0x04, 0x09, 0x01, 0x05,
        0x47, 0xE0, 0x62, 0x13, 0xE0,
        /* U+0689 ' ' */
        0x89, 0x06, 0x07, 0x04, 0x07, 0x01, 0x05,
        0x62, 0x13, 0xE5, 0x60,
        /* U+068A ' ' */
        0x8A, 0x06, 0x07, 0x04, 0x07, 0x01, 0x05,
        0x62, 0x13, 0xE0, 0x40,
        /* U+068B ' ' */
        0x8B, 0x06, 0x02, 0x04, 0x0B, 0x01, 0x05,
        0x47, 0xE0, 0x62, 0x13, 0xE0, 0x40,
        /* U+068C ' ' */
        0x8C, 0x06, 0x05, 0x04, 0x07, 0x01, 0x05,
        0xC0, 0x62, 0x13, 0xE0,
        /* U+068D ' ' */
        0x8D, 0x06, 0x07, 0x04, 0x07, 0x01, 0x05,
        0x62, 0x13, 0xE0, 0x60,
        /* U+068E ' ' */
        0x8E, 0x06, 0x03, 0x04, 0x08, 0x01, 0x05,
        0x4C, 0x06, 0x21, 0x3E,
        /* U+068F ' ' */
        0x8F, 0x06, 0x04, 0x04, 0x08, 0x01, 0x05,
        0xC0, 0x06, 0x21, 0x3E,
        /* U+0690 ' ' */
        0x90, 0x06, 0x03, 0x04, 0x09, 0x01, 0x05,
        0xC0, 0x00, 0x62, 0x13, 0xE0,
        /* U+0691 ' ' */
        0x91, 0x06, 0x04, 0x07, 0x0A, 0x00, 0x07,
        0x08, 0x1C, 0x70, 0x00, 0x40, 0x81, 0x06, 0x19, 0xC0,
        /* U+0692 ' ' */
        0x92, 0x06, 0x05, 0x06, 0x09, 0x00, 0x06,
        0x0C, 0x30, 0x01, 0x04, 0x10, 0xC6, 0xE0,
        /* U+0693 ' ' */
        0x93, 0x06, 0x08, 0x08, 0x06, 0x00, 0x08,
        0x04, 0x04, 0x04, 0x0E, 0x1D, 0xE6,
        /* U+0694 ' ' */
        0x94, 0x06, 0x08, 0x07, 0x06, 0x00, 0x07,
        0x04, 0x08, 0x10, 0x61, 0x9C, 0x40,
        /* U+0695 ' ' */
        0x95, 0x06, 0x08, 0x08, 0x06, 0x00, 0x08,
        0x04, 0x04, 0x04, 0x0C, 0x1B, 0xE3,
        /* U+0696 ' ' */
        0x96, 0x06, 0x08, 0x07, 0x06, 0x00, 0x07,
        0x04, 0x08, 0x90, 0x61, 0x9C, 0x40,
        /* U+0697 ' ' */
        0x97, 0x06, 0x06, 0x06, 0x09, 0x00, 0x06,
        0x0C, 0x00, 0x01, 0x04, 0x10, 0xC6, 0xE0,
        /* U+0698 ' ' */
        0x98, 0x06, 0x04, 0x06, 0x0A, 0x00, 0x06,
        0x04, 0x30, 0x00, 0x04, 0x10, 0x43, 0x1B, 0x80,
        /* U+0699 ' ' */
        0x99, 0x06, 0x05, 0x06, 0x0A, 0x00, 0x06,
        0x0C, 0x00, 0x00, 0x04, 0x10, 0x43, 0x1B, 0x80,
        /* U+069A ' ' */
        0x9A, 0x06, 0x06, 0x0D, 0x09, 0x01, 0x0F,
        0x01, 0x00, 0x00, 0x01, 0x12, 0x09, 0x98, 0x6D, 0xC3, 0xFA, 0x10, 0x11, 0x90, 0x78, 0x00,
        /* U+069B ' ' */
        0x9B, 0x06, 0x07, 0x0D, 0x07, 0x01, 0x0F,
        0x04, 0x48, 0x26, 0x61, 0xB7, 0x0F, 0xE8, 0x58, 0x46, 0x01, 0xE0, 0x00,
        /* U+069C ' ' */
        0x9C, 0x06, 0x04, 0x0D, 0x0A, 0x01, 0x0F,
        0x01, 0x00, 0x18, 0x00, 0x00, 0x08, 0x90, 0x4C, 0xC3, 0x6E, 0x1F, 0xD0, 0xB0, 0x8C, 0x03, 0xC0, 0x00,
        /* U+069D ' ' */
        0x9D, 0x06, 0x07, 0x0D, 0x07, 0x01, 0x0F,
        0x00, 0xF0, 0x2C, 0x61, 0xC5, 0x0F, 0xC8, 0x40, 0x46, 0xC1, 0xE0, 0x00,
        /* U+069E ' ' */
        0x9E, 0x06, 0x04, 0x0D, 0x0A, 0x01, 0x0F,
        0x01, 0x00, 0x18, 0x00, 0x00, 0x01, 0xE0, 0x58, 0xC3, 0x8A, 0x1F, 0x90, 0x80, 0x8C, 0x03, 0xC0, 0x00,
        /* U+069F ' ' */
        0x9F, 0x06, 0x02, 0x09, 0x09, 0x01, 0x0B,
        0x20, 0x10, 0x09, 0x05, 0x82, 0x01, 0x3C, 0xA2, 0x63, 0xFF, 0x00,
        /* U+06A0 ' ' */
        0xA0, 0x06, 0x02, 0x06, 0x0C, 0x01, 0x07,
        0x21, 0x80, 0x1C, 0x82, 0x66, 0x30, 0x82, 0x0C, 0x1F,
        /* U+06A1 ' ' */
        0xA1, 0x06, 0x06, 0x0A, 0x07, 0x01, 0x0C,
        0x00, 0x80, 0x50, 0x16, 0x07, 0x80, 0x7F, 0xE1, 0x80,
        /* U+06A2 ' ' */
        0xA2, 0x06, 0x06, 0x0A, 0x08, 0x01, 0x0C,
        0x00, 0x80, 0x50, 0x16, 0x07, 0x80, 0x7F, 0xE1, 0x80, 0x20,
        /* U+06A3 ' ' */
        0xA3, 0x06, 0x04, 0x0A, 0x0A, 0x01, 0x0C,
        0x00, 0x80, 0x00, 0x08, 0x05, 0x01, 0x60, 0x78, 0x07, 0xFE, 0x18, 0x02, 0x00,
        /* U+06A4 ' ' */
        0xA4, 0x06, 0x02, 0x0A, 0x0A, 0x01, 0x0C,
        0x00, 0x80, 0x60, 0x00, 0x02, 0x01, 0x40, 0x58, 0x1E, 0x01, 0xFF, 0x86, 0x00,
        /* U+06A5 ' ' */
        0xA5, 0x06, 0x06, 0x0A, 0x08, 0x01, 0x0C,
        0x00, 0x80, 0x50, 0x16, 0x07, 0x80, 0x7F, 0xE1, 0x80, 0x60,
        /* U+06A6 ' ' */
        0xA6, 0x06, 0x03, 0x0A, 0x0A, 0x01, 0x0C,
        0x01, 0x80, 0x00, 0x00, 0x02, 0x01, 0x40, 0x58, 0x1E, 0x01, 0xFF, 0x86, 0x00,
        /* U+06A7 ' ' */
        0xA7, 0x06, 0x04, 0x07, 0x0B, 0x01, 0x09,
        0x04, 0x00, 0x30, 0x50, 0xB1, 0xE0, 0xC1, 0x85, 0xF1, 0x80,
        /* U+06A8 ' ' */
        0xA8, 0x06, 0x02, 0x07, 0x0C, 0x01, 0x09,
        0x04, 0x18, 0x00, 0x60, 0xA1, 0x63, 0xC1, 0x83, 0x0B, 0xE3, 0x00,
        /* U+06A9 ' ' */
        0xA9, 0x06, 0x02, 0x0A, 0x0A, 0x01, 0x0B,
        0x00, 0xC0, 0xC0, 0x40, 0x10, 0x06, 0x00, 0xC8, 0x12, 0x04, 0xFE, 0x04, 0x00,
        /* U+06AA ' ' */
        0xAA, 0x06, 0x02, 0x0B, 0x0A, 0x01, 0x0D,
        0x03, 0x01, 0x80, 0xC0, 0x10, 0x03, 0x80, 0x0F, 0xA0, 0x0C, 0x01, 0xFF, 0xC3, 0xC0,
        /* U+06AB ' ' */
        0xAB, 0x06, 0x02, 0x0A, 0x0A, 0x01, 0x0B,
        0x00, 0xC0, 0xE0, 0x54, 0x16, 0x06, 0x00, 0xC8, 0x12, 0x04, 0xFE, 0x04, 0x00,
        /* U+06AC ' ' */
        0xAC, 0x06, 0x02, 0x08, 0x09, 0x01, 0x0A,
        0x11, 0x01, 0x09, 0x11, 0x09, 0x11, 0x01, 0x82, 0xFE,
        /* U+06AD ' ' */
        0xAD, 0x06, 0x01, 0x08, 0x0A, 0x01, 0x0A,
        0x08, 0x19, 0x01, 0x09, 0x11, 0x09, 0x11, 0x01, 0x82, 0xFE,
        /* U+06AE ' ' */
        0xAE, 0x06, 0x02, 0x08, 0x0B, 0x01, 0x0A,
        0x01, 0x01, 0x09, 0x11, 0x09, 0x11, 0x01, 0x82, 0xFE, 0x00, 0x18,
        /* U+06AF ' ' */
        0xAF, 0x06, 0x01, 0x0A, 0x0C, 0x01, 0x0B,
        0x00, 0x40, 0x60, 0x6C, 0x0C, 0x04, 0x01, 0x00, 0x60, 0x0C, 0x81, 0x20, 0x4F, 0xE0, 0x40,
        /* U+06B0 ' ' */
        0xB0, 0x06, 0x01, 0x0A, 0x0C, 0x01, 0x0B,
        0x00, 0x40, 0x60, 0x6C, 0x0E, 0x05, 0x41, 0x60, 0x60, 0x0C, 0x81, 0x20, 0x4F, 0xE0, 0x40,
        /* U+06B1 ' ' */
        0xB1, 0x06, 0x01, 0x0A, 0x0C, 0x01, 0x0B,
        0x0C, 0x40, 0x60, 0x6C, 0x0C, 0x04, 0x01, 0x00, 0x60, 0x0C, 0x81, 0x20, 0x4F, 0xE0, 0x40,
        /* U+06B2 ' ' */
        0xB2, 0x06, 0x01, 0x0A, 0x0D, 0x01, 0x0B,
        0x00, 0x40, 0x60, 0x6C, 0x0C, 0x04, 0x01, 0x00, 0x60, 0x0C, 0x81, 0x20, 0x4F, 0xE0, 0x40, 0x18, 0x00,
        /* U+06B3 ' ' */
        0xB3, 0x06, 0x01, 0x0A, 0x0D, 0x01, 0x0B,
        0x00, 0x40, 0x60, 0x6C, 0x0C, 0x04, 0x01, 0x00, 0x60, 0x0C, 0x81, 0x20, 0x4F, 0xE0, 0x40, 0x10, 0x00,
        /* U+06B4 ' ' */
        0xB4, 0x06, 0x00, 0x0A, 0x0C, 0x01, 0x0B,
        0x0C, 0x40, 0x60, 0x6C, 0x0C, 0x04, 0x01, 0x00, 0x60, 0x0C, 0x81, 0x20, 0x4F, 0xE0, 0x40,
        /* U+06B5 ' ' */
        0xB5, 0x06, 0x00, 0x07, 0x0D, 0x01, 0x09,
        0x06, 0x0C, 0x08, 0x10, 0x20, 0x40, 0x81, 0x03, 0x0E, 0x14, 0x67, 0x00,
        /* U+06B6 ' ' */
        0xB6, 0x06, 0x00, 0x07, 0x0E, 0x01, 0x09,
        0x02, 0x00, 0x00, 0x10, 0x20, 0x40, 0x81, 0x02, 0x06, 0x1C, 0x28, 0xCE, 0x00,
        /* U+06B7 ' ' */
        0xB7, 0x06, 0x00, 0x07, 0x0D, 0x01, 0x09,
        0x06, 0x00, 0x08, 0x10, 0x20, 0x40, 0x81, 0x03, 0x0E, 0x14, 0x67, 0x00,
        /* U+06B8 ' ' */
        0xB8, 0x06, 0x02, 0x07, 0x0C, 0x01, 0x09,
        0x02, 0x04, 0x08, 0x10, 0x20, 0x40, 0xC3, 0x85, 0x19, 0xC1, 0x80,
        /* U+06B9 ' ' */
        0xB9, 0x06, 0x06, 0x07, 0x0A, 0x01, 0x09,
        0x20, 0x00, 0x0C, 0x18, 0x30, 0xF1, 0x3C, 0x00, 0x20,
        /* U+06BA ' ' */
        0xBA, 0x06, 0x07, 0x07, 0x06, 0x01, 0x09,
        0x03, 0x06, 0x0C, 0x3C, 0x4F, 0x00,
        /* U+06BB ' ' */
        0xBB, 0x06, 0x04, 0x07, 0x09, 0x01, 0x09,
        0x20, 0x71, 0xC0, 0x18, 0x30, 0x61, 0xE2, 0x78,
        /* U+06BC ' ' */
        0xBC, 0x06, 0x06, 0x07, 0x0A, 0x01, 0x09,
        0x20, 0x00, 0x0C, 0x18, 0x30, 0xF1, 0x3C, 0x28, 0x60,
        /* U+06BD ' ' */
        0xBD, 0x06, 0x04, 0x07, 0x09, 0x01, 0x09,
        0x10, 0x60, 0x00, 0x18, 0x30, 0x61, 0xE2, 0x78,
        /* U+06BE ' ' */
        0xBE, 0x06, 0x06, 0x07, 0x06, 0x01, 0x08,
        0x20, 0x30, 0xB1, 0x6B, 0xBF, 0xC0,
        /* U+06BF ' ' */
        0xBF, 0x06, 0x05, 0x07, 0x0A, 0x01, 0x08,
        0x20, 0x03, 0xF1, 0x84, 0x13, 0x20, 0x40, 0x42, 0x78,
        /* U+06C0 ' ' */
        0xC0, 0x06, 0x04, 0x06, 0x0B, 0x01, 0x07,
        0xFE, 0x18, 0x61, 0x86, 0x18, 0x61, 0x86, 0x1F, 0xC0,
        /* U+06C1 ' ' */
        0xC1, 0x06, 0x04, 0x06, 0x0B, 0x01, 0x07,
        0xFE, 0x18, 0x61, 0x86, 0x18, 0x61, 0x86, 0x1F, 0xC0,
        /* U+06C2 ' ' */
        0xC2, 0x06, 0x04, 0x06, 0x0B, 0x01, 0x07,
        0xFE, 0x18, 0x61, 0x86, 0x18, 0x61, 0x86, 0x1F, 0xC0,
        /* U+06C3 ' ' */
        0xC3, 0x06, 0x04, 0x06, 0x0B, 0x01, 0x07,
        0xFE, 0x18, 0x61, 0x86, 0x18, 0x61, 0x86, 0x1F, 0xC0,
        /* U+06C4 ' ' */
        0xC4, 0x06, 0x04, 0x06, 0x0B, 0x01, 0x07,
        0xFE, 0x18, 0x61, 0x86, 0x18, 0x61, 0x86, 0x1F, 0xC0,
        /* U+06C5 ' ' */
        0xC5, 0x06, 0x04, 0x06, 0x0B, 0x01, 0x07,
        0xFE, 0x18, 0x61, 0x86, 0x18, 0x61, 0x86, 0x1F, 0xC0,
        /* U+06C6 ' ' */
        0xC6, 0x06, 0x05, 0x06, 0x09, 0x00, 0x06,
        0x18, 0x61, 0x8B, 0x24, 0x70, 0xC6, 0xF0,
        /* U+06C7 ' ' */
        0xC7, 0x06, 0x04, 0x06, 0x0B, 0x01, 0x07,
        0xFE, 0x18, 0x61, 0x86, 0x18, 0x61, 0x86, 0x1F, 0xC0,
        /* U+06C8 ' ' */
        0xC8, 0x06, 0x04, 0x06, 0x0B, 0x01, 0x07,
        0xFE, 0x18, 0x61, 0x86, 0x18, 0x61, 0x86, 0x1F, 0xC0,
        /* U+06C9 ' ' */
        0xC9, 0x06, 0x04, 0x06, 0x0B, 0x01, 0x07,
        0xFE, 0x18, 0x61, 0x86, 0x18, 0x61, 0x86, 0x1F, 0xC0,
        /* U+06CA ' ' */
        0xCA, 0x06, 0x04, 0x06, 0x0B, 0x01, 0x07,
        0xFE, 0x18, 0x61, 0x86, 0x18, 0x61, 0x86, 0x1F, 0xC0,
        /* U+06CB ' ' */
        0xCB, 0x06, 0x04, 0x06, 0x0B, 0x01, 0x07,
        0xFE, 0x18, 0x61, 0x86, 0x18, 0x61, 0x86, 0x1F, 0xC0,
        /* U+06CC ' ' */
        0xCC, 0x06, 0x07, 0x08, 0x07, 0x01, 0x09,
        0x0E, 0x13, 0x1C, 0x82, 0x82, 0xDC, 0x30,
        /* U+06CD ' ' */
        0xCD, 0x06, 0x04, 0x06, 0x0B, 0x01, 0x07,
        0xFE, 0x18, 0x61, 0x86, 0x18, 0x61, 0x86, 0x1F, 0xC0,
        /* U+06CE ' ' */
        0xCE, 0x06, 0x05, 0x08, 0x08, 0x01, 0x09,
        0x60, 0x6E, 0x13, 0x1C, 0x82, 0x82, 0xDC, 0x30,
        /* U+06CF ' ' */
        0xCF, 0x06, 0x04, 0x06, 0x0B, 0x01, 0x07,
        0xFE, 0x18, 0x61, 0x86, 0x18, 0x61, 0x86, 0x1F, 0xC0,
        /* U+06D0 ' ' */
        0xD0, 0x06, 0x04, 0x06, 0x0B, 0x01, 0x07,
        0xFE, 0x18, 0x61, 0x86, 0x18, 0x61, 0x86, 0x1F, 0xC0,
        /* U+06D1 ' ' */
        0xD1, 0x06, 0x04, 0x06, 0x0B, 0x01, 0x07,
        0xFE, 0x18, 0x61, 0x86, 0x18, 0x61, 0x86, 0x1F, 0xC0,
        /* U+06D2 ' ' */
        0xD2, 0x06, 0x04, 0x06, 0x0B, 0x01, 0x07,
        0xFE, 0x18, 0x61, 0x86, 0x18, 0x61, 0x86, 0x1F, 0xC0,
        /* U+06D3 ' ' */
        0xD3, 0x06, 0x04, 0x06, 0x0B, 0x01, 0x07,
        0xFE, 0x18, 0x61, 0x86, 0x18, 0x61, 0x86, 0x1F, 0xC0,
        /* U+06D4 ' ' */
        0xD4, 0x06, 0x04, 0x06, 0x0B, 0x01, 0x07,
        0xFE, 0x18, 0x61, 0x86, 0x18, 0x61, 0x86, 0x1F, 0xC0,
        /* U+06D5 ' ' */
        0xD5, 0x06, 0x07, 0x04, 0x04, 0x01, 0x06,
        0xE9, 0x9F,
        /* U+06D6 ' ' */
        0xD6, 0x06, 0x04, 0x06, 0x0B, 0x01, 0x07,
        0xFE, 0x18, 0x61, 0x86, 0x18, 0x61, 0x86, 0x1F, 0xC0,
        /* U+06D7 ' ' */
        0xD7, 0x06, 0x04, 0x06, 0x0B, 0x01, 0x07,
        0xFE, 0x18, 0x61, 0x86, 0x18, 0x61, 0x86, 0x1F, 0xC0,
        /* U+06D8 ' ' */
        0xD8, 0x06, 0x04, 0x06, 0x0B, 0x01, 0x07,
        0xFE, 0x18, 0x61, 0x86, 0x18, 0x61, 0x86, 0x1F, 0xC0,
        /* U+06D9 ' ' */
        0xD9, 0x06, 0x04, 0x06, 0x0B, 0x01, 0x07,
        0xFE, 0x18, 0x61, 0x86, 0x18, 0x61, 0x86, 0x1F, 0xC0,
        /* U+06DA ' ' */
        0xDA, 0x06, 0x04, 0x06, 0x0B, 0x01, 0x07,
        0xFE, 0x18, 0x61, 0x86, 0x18, 0x61, 0x86, 0x1F, 0xC0,
        /* U+06DB ' ' */
        0xDB, 0x06, 0x04, 0x06, 0x0B, 0x01, 0x07,
        0xFE, 0x18, 0x61, 0x86, 0x18, 0x61, 0x86, 0x1F, 0xC0,
        /* U+06DC ' ' */
        0xDC, 0x06, 0x04, 0x06, 0x0B, 0x01, 0x07,
        0xFE, 0x18, 0x61, 0x86, 0x18, 0x61, 0x86, 0x1F, 0xC0,
        /* U+06DD ' ' */
        0xDD, 0x06, 0x04, 0x06, 0x0B, 0x01, 0x07,
        0xFE, 0x18, 0x61, 0x86, 0x18, 0x61, 0x86, 0x1F, 0xC0,
        /* U+06DE ' ' */
        0xDE, 0x06, 0x04, 0x06, 0x0B, 0x01, 0x07,
        0xFE, 0x18, 0x61, 0x86, 0x18, 0x61, 0x86, 0x1F, 0xC0,
        /* U+06DF ' ' */
        0xDF, 0x06, 0x04, 0x06, 0x0B, 0x01, 0x07,
        0xFE, 0x18, 0x61, 0x86, 0x18, 0x61, 0x86, 0x1F, 0xC0,
        /* U+06E0 ' ' */
        0xE0, 0x06, 0x04, 0x06, 0x0B, 0x01, 0x07,
        0xFE, 0x18, 0x61, 0x86, 0x18, 0x61, 0x86, 0x1F, 0xC0,
        /* U+06E1 ' ' */
        0xE1, 0x06, 0x04, 0x06, 0x0B, 0x01, 0x07,
        0xFE, 0x18, 0x61, 0x86, 0x18, 0x61, 0x86, 0x1F, 0xC0,
        /* U+06E2 ' ' */
        0xE2, 0x06, 0x04, 0x06, 0x0B, 0x01, 0x07,
        0xFE, 0x18, 0x61, 0x86, 0x18, 0x61, 0x86, 0x1F, 0xC0,
        /* U+06E3 ' ' */
        0xE3, 0x06, 0x04, 0x06, 0x0B, 0x01, 0x07,
        0xFE, 0x18, 0x61, 0x86, 0x18, 0x61, 0x86, 0x1F, 0xC0,
        /* U+06E4 ' ' */
        0xE4, 0x06, 0x04, 0x06, 0x0B, 0x01, 0x07,
        0xFE, 0x18, 0x61, 0x86, 0x18, 0x61, 0x86, 0x1F, 0xC0,
        /* U+06E5 ' ' */
        0xE5, 0x06, 0x04, 0x06, 0x0B, 0x01, 0x07,
        0xFE, 0x18, 0x61, 0x86, 0x18, 0x61, 0x86, 0x1F, 0xC0,
        /* U+06E6 ' ' */
        0xE6, 0x06, 0x04, 0x06, 0x0B, 0x01, 0x07,
        0xFE, 0x18, 0x61, 0x86, 0x18, 0x61, 0x86, 0x1F, 0xC0,
        /* U+06E7 ' ' */
        0xE7, 0x06, 0x04, 0x06, 0x0B, 0x01, 0x07,
        0xFE, 0x18, 0x61, 0x86, 0x18, 0x61, 0x86, 0x1F, 0xC0,
        /* U+06E8 ' ' */
        0xE8, 0x06, 0x04, 0x06, 0x0B, 0x01, 0x07,
        0xFE, 0x18, 0x61, 0x86, 0x18, 0x61, 0x86, 0x1F, 0xC0,
        /* U+06E9 ' ' */
        0xE9, 0x06, 0x04, 0x06, 0x0B, 0x01, 0x07,
        0xFE, 0x18, 0x61, 0x86, 0x18, 0x61, 0x86, 0x1F, 0xC0,
        /* U+06EA ' ' */
        0xEA, 0x06, 0x04, 0x06, 0x0B, 0x01, 0x07,
        0xFE, 0x18, 0x61, 0x86, 0x18, 0x61, 0x86, 0x1F, 0xC0,
        /* U+06EB ' ' */
        0xEB, 0x06, 0x04, 0x06, 0x0B, 0x01, 0x07,
        0xFE, 0x18, 0x61, 0x86, 0x18, 0x61, 0x86, 0x1F, 0xC0,
        /* U+06EC ' ' */
        0xEC, 0x06, 0x04, 0x06, 0x0B, 0x01, 0x07,
        0xFE, 0x18, 0x61, 0x86, 0x18, 0x61, 0x86, 0x1F, 0xC0,
        /* U+06ED ' ' */
        0xED, 0x06, 0x04, 0x06, 0x0B, 0x01, 0x07,
        0xFE, 0x18, 0x61, 0x86, 0x18, 0x61, 0x86, 0x1F, 0xC0,
        /* U+06EE ' ' */
        0xEE, 0x06, 0x04, 0x06, 0x0B, 0x01, 0x07,
        0xFE, 0x18, 0x61, 0x86, 0x18, 0x61, 0x86, 0x1F, 0xC0,
        /* U+06EF ' ' */
        0xEF, 0x06, 0x04, 0x06, 0x0B, 0x01, 0x07,
        0xFE, 0x18, 0x61, 0x86, 0x18, 0x61, 0x86, 0x1F, 0xC0,
        /* U+06F0 ' ' */
        0xF0, 0x06, 0x07, 0x01, 0x01, 0x03, 0x06,
        0x80,
        /* U+06F1 ' ' */
        0xF1, 0x06, 0x04, 0x02, 0x08, 0x02, 0x06,
        0xAD, 0x55,
        /* U+06F2 ' ' */
        0xF2, 0x06, 0x04, 0x05, 0x08, 0x01, 0x06,
        0x8C, 0x7C, 0x84, 0x21, 0x08,
        /* U+06F3 ' ' */
        0xF3, 0x06, 0x04, 0x05, 0x08, 0x01, 0x06,
        0xAD, 0x7F, 0x84, 0x21, 0x08,
        /* U+06F4 ' ' */
        0xF4, 0x06, 0x04, 0x05, 0x08, 0x01, 0x06,
        0xB5, 0x3E, 0x84, 0x21, 0x08,
        /* U+06F5 ' ' */
        0xF5, 0x06, 0x04, 0x05, 0x08, 0x01, 0x06,
        0x23, 0xA5, 0x38, 0xC6, 0xBE,
        /* U+06F6 ' ' */
        0xF6, 0x06, 0x04, 0x04, 0x08, 0x01, 0x06,
        0x34, 0x47, 0x34, 0x48,
        /* U+06F7 ' ' */
        0xF7, 0x06, 0x04, 0x06, 0x08, 0x00, 0x06,
        0xC5, 0x34, 0x8A, 0x30, 0xC3, 0x04,
        /* U+06F8 ' ' */
        0xF8, 0x06, 0x04, 0x05, 0x08, 0x01, 0x06,
        0x21, 0x18, 0xC5, 0x6A, 0x51,
        /* U+06F9 ' ' */
        0xF9, 0x06, 0x04, 0x05, 0x08, 0x01, 0x06,
        0x65, 0xA5, 0xE1, 0x08, 0x61,
        /* U+06FA ' ' */
        0xFA, 0x06, 0x04, 0x06, 0x0B, 0x01, 0x07,
        0xFE, 0x18, 0x61, 0x86, 0x18, 0x61, 0x86, 0x1F, 0xC0,
        /* U+06FB ' ' */
        0xFB, 0x06, 0x04, 0x06, 0x0B, 0x01, 0x07,
        0xFE, 0x18, 0x61, 0x86, 0x18, 0x61, 0x86, 0x1F, 0xC0,
        /* U+06FC ' ' */
        0xFC, 0x06, 0x04, 0x06, 0x0B, 0x01, 0x07,
        0xFE, 0x18, 0x61, 0x86, 0x18, 0x61, 0x86, 0x1F, 0xC0,
        /* U+06FD ' ' */
        0xFD, 0x06, 0x04, 0x06, 0x0B, 0x01, 0x07,
        0xFE, 0x18, 0x61, 0x86, 0x18, 0x61, 0x86, 0x1F, 0xC0,
        /* U+06FE ' ' */
        0xFE, 0x06, 0x04, 0x06, 0x0B, 0x01, 0x07,
        0xFE, 0x18, 0x61, 0x86, 0x18, 0x61, 0x86, 0x1F, 0xC0,
        /* U+06FF ' ' */
        0xFF, 0x06, 0x04, 0x06, 0x0B, 0x01, 0x07,
        0xFE, 0x18, 0x61, 0x86, 0x18, 0x61, 0x86, 0x1F, 0xC0,
        /* U+FB50 ' ' */
        0x50, 0xFB, 0x04, 0x06, 0x0B, 0x01, 0x07,
        0xFE, 0x18, 0x61, 0x86, 0x18, 0x61, 0x86, 0x1F, 0xC0,
        /* U+FB51 ' ' */
        0x51, 0xFB, 0x04, 0x06, 0x0B, 0x01, 0x07,
        0xFE, 0x18, 0x61, 0x86, 0x18, 0x61, 0x86, 0x1F, 0xC0,
        /* U+FB52 ' ' */
        0x52, 0xFB, 0x08, 0x09, 0x05, 0x01, 0x0B,
        0x80, 0xC0, 0x60, 0x6F, 0xC0, 0x80,
        /* U+FB53 ' ' */
        0x53, 0xFB, 0x08, 0x0B, 0x05, 0x01, 0x0C,
        0x80, 0x90, 0x12, 0x07, 0x3F, 0x30, 0x80,
        /* U+FB54 ' ' */
        0x54, 0xFB, 0x08, 0x02, 0x05, 0x00, 0x03,
        0x57, 0x40,
        /* U+FB55 ' ' */
        0x55, 0xFB, 0x08, 0x04, 0x05, 0x00, 0x04,
        0x44, 0x4F, 0x40,
        /* U+FB56 ' ' */
        0x56, 0xFB, 0x08, 0x09, 0x05, 0x01, 0x0B,
        0x80, 0xC0, 0x60, 0x6F, 0xC1, 0x80,
        /* U+FB57 ' ' */
        0x57, 0xFB, 0x08, 0x0B, 0x05, 0x01, 0x0C,
        0x80, 0x90, 0x12, 0x07, 0x3F, 0x31, 0x80,
        /* U+FB58 ' ' */
        0x58, 0xFB, 0x08, 0x03, 0x05, 0x00, 0x03,
        0x49, 0x66,
        /* U+FB59 ' ' */
        0x59, 0xFB, 0x08, 0x04, 0x05, 0x00, 0x04,
        0x44, 0x4F, 0x60,
        /* U+FB5A ' ' */
        0x5A, 0xFB, 0x08, 0x09, 0x05, 0x01, 0x0B,
        0x80, 0xC0, 0x60, 0x6F, 0xC1, 0x80,
        /* U+FB5B ' ' */
        0x5B, 0xFB, 0x08, 0x0B, 0x05, 0x01, 0x0C,
        0x80, 0x90, 0x12, 0x07, 0x3F, 0x31, 0x80,
        /* U+FB5C ' ' */
        0x5C, 0xFB, 0x08, 0x03, 0x05, 0x00, 0x03,
        0x49, 0x66,
        /* U+FB5D ' ' */
        0x5D, 0xFB, 0x08, 0x04, 0x05, 0x00, 0x04,
        0x44, 0x4F, 0x60,
        /* U+FB5E ' ' */
        0x5E, 0xFB, 0x06, 0x09, 0x06, 0x01, 0x0B,
        0x08, 0x00, 0x20, 0x30, 0x18, 0x1B, 0xF0,
        /* U+FB5F ' ' */
        0x5F, 0xFB, 0x06, 0x0B, 0x06, 0x01, 0x0C,
        0x08, 0x00, 0x02, 0x02, 0x40, 0x48, 0x1C, 0xFC, 0xC0,
        /* U+FB60 ' ' */
        0x60, 0xFB, 0x05, 0x02, 0x07, 0x00, 0x03,
        0x41, 0x5C,
        /* U+FB61 ' ' */
        0x61, 0xFB, 0x05, 0x04, 0x07, 0x00, 0x04,
        0x40, 0x04, 0x44, 0xF0,
        /* U+FB62 ' ' */
        0x62, 0xFB, 0x06, 0x09, 0x06, 0x01, 0x0B,
        0x18, 0x00, 0x20, 0x30, 0x18, 0x1B, 0xF0,
        /* U+FB63 ' ' */
        0x63, 0xFB, 0x06, 0x0B, 0x06, 0x01, 0x0C,
        0x18, 0x00, 0x02, 0x02, 0x40, 0x48, 0x1C, 0xFC, 0xC0,
        /* U+FB64 ' ' */
        0x64, 0xFB, 0x05, 0x03, 0x07, 0x00, 0x03,
        0x60, 0x24, 0xB0,
        /* U+FB65 ' ' */
        0x65, 0xFB, 0x05, 0x04, 0x07, 0x00, 0x04,
        0x60, 0x04, 0x44, 0xF0,
        /* U+FB66 ' ' */
        0x66, 0xFB, 0x05, 0x09, 0x06, 0x01, 0x0B,
        0x10, 0x0E, 0x2E, 0x30, 0x18, 0x1B, 0xF0,
        /* U+FB67 ' ' */
        0x67, 0xFB, 0x05, 0x0B, 0x06, 0x01, 0x0C,
        0x10, 0x03, 0x82, 0xE2, 0x40, 0x48, 0x1C, 0xFC, 0xC0,
        /* U+FB68 ' ' */
        0x68, 0xFB, 0x03, 0x04, 0x08, 0x00, 0x04,
        0x47, 0xE0, 0x44, 0x4C,
        /* U+FB69 ' ' */
        0x69, 0xFB, 0x03, 0x04, 0x08, 0x00, 0x04,
        0x47, 0xE0, 0x44, 0x4F,
        /* U+FB6A ' ' */
        0x6A, 0xFB, 0x02, 0x0A, 0x0A, 0x01, 0x0C,
        0x00, 0x80, 0x60, 0x00, 0x02, 0x01, 0x40, 0x58, 0x1E, 0x01, 0xFF, 0x86, 0x00,
        /* U+FB6B ' ' */
        0x6B, 0xFB, 0x03, 0x0C, 0x09, 0x01, 0x0D,
        0x00, 0x80, 0x18, 0x00, 0x00, 0x08, 0x01, 0xC8, 0x14, 0x81, 0x4F, 0xFF, 0x18, 0x00,
        /* U+FB6C ' ' */
        0x6C, 0xFB, 0x02, 0x05, 0x09, 0x00, 0x06,
        0x11, 0x80, 0x67, 0xA4, 0xE3, 0xF0,
        /* U+FB6D ' ' */
        0x6D, 0xFB, 0x03, 0x06, 0x08, 0x00, 0x06,
        0x10, 0xC0, 0x00, 0x79, 0x23, 0xBF,
        /* U+FB6E ' ' */
        0x6E, 0xFB, 0x03, 0x0A, 0x0A, 0x01, 0x0C,
        0x01, 0x80, 0x00, 0x00, 0x02, 0x01, 0x40, 0x58, 0x1E, 0x01, 0xFF, 0x86, 0x00,
        /* U+FB6F ' ' */
        0x6F, 0xFB, 0x04, 0x0C, 0x09, 0x01, 0x0D,
        0x01, 0x80, 0x00, 0x00, 0x00, 0x08, 0x01, 0xC8, 0x14, 0x81, 0x4F, 0xFF, 0x18, 0x00,
        /* U+FB70 ' ' */
        0x70, 0xFB, 0x03, 0x05, 0x09, 0x00, 0x06,
        0x30, 0x00, 0x67, 0xA4, 0xE3, 0xF0,
        /* U+FB71 ' ' */
        0x71, 0xFB, 0x04, 0x06, 0x08, 0x00, 0x06,
        0x30, 0x00, 0x00, 0x79, 0x23, 0xBF,
        /* U+FB72 ' ' */
        0x72, 0xFB, 0x06, 0x07, 0x08, 0x01, 0x08,
        0xFC, 0x61, 0x04, 0x48, 0x10, 0x10, 0x9E,
        /* U+FB73 ' ' */
        0x73, 0xFB, 0x06, 0x07, 0x08, 0x01, 0x08,
        0xFC, 0x71, 0x24, 0xA8, 0x70, 0x10, 0x9E,
        /* U+FB74 ' ' */
        0x74, 0xFB, 0x07, 0x07, 0x06, 0x00, 0x07,
        0x70, 0x1C, 0x30, 0x8E, 0x02, 0x00,
        /* U+FB75 ' ' */
        0x75, 0xFB, 0x07, 0x08, 0x06, 0x00, 0x08,
        0x70, 0x0E, 0x0C, 0x14, 0xE3, 0x10,
        /* U+FB76 ' ' */
        0x76, 0xFB, 0x06, 0x07, 0x08, 0x01, 0x08,
        0xFC, 0x61, 0x04, 0x09, 0x90, 0x10, 0x9E,
        /* U+FB77 ' ' */
        0x77, 0xFB, 0x06, 0x07, 0x08, 0x01, 0x08,
        0xFC, 0x71, 0x24, 0x2B, 0x70, 0x10, 0x9E,
        /* U+FB78 ' ' */
        0x78, 0xFB, 0x07, 0x07, 0x06, 0x00, 0x07,
        0x70, 0x1C, 0x30, 0x8E, 0x06, 0x00,
        /* U+FB79 ' ' */
        0x79, 0xFB, 0x07, 0x08, 0x06, 0x00, 0x08,
        0x70, 0x0E, 0x0C, 0x14, 0xE3, 0x30,
        /* U+FB7A ' ' */
        0x7A, 0xFB, 0x06, 0x07, 0x08, 0x01, 0x08,
        0xFC, 0x61, 0x04, 0xC8, 0x10, 0x10, 0x9E,
        /* U+FB7B ' ' */
        0x7B, 0xFB, 0x06, 0x07, 0x08, 0x01, 0x08,
        0xFC, 0x71, 0x24, 0x2B, 0x70, 0x10, 0x9E,
        /* U+FB7C ' ' */
        0x7C, 0xFB, 0x07, 0x07, 0x06, 0x00, 0x07,
        0x70, 0x1C, 0x30, 0x8E, 0x06, 0x00,
        /* U+FB7D ' ' */
        0x7D, 0xFB, 0x07, 0x08, 0x06, 0x00, 0x08,
        0x70, 0x0E, 0x0C, 0x14, 0xE3, 0x30,
        /* U+FB7E ' ' */
        0x7E, 0xFB, 0x06, 0x07, 0x08, 0x01, 0x08,
        0xFC, 0x61, 0x04, 0xC8, 0x10, 0x10, 0x9E,
        /* U+FB7F ' ' */
        0x7F, 0xFB, 0x06, 0x07, 0x08, 0x01, 0x08,
        0xFC, 0x71, 0x24, 0x2B, 0x70, 0x10, 0x9E,
        /* U+FB80 ' ' */
        0x80, 0xFB, 0x07, 0x07, 0x06, 0x00, 0x07,
        0x70, 0x1C, 0x30, 0x8E, 0x06, 0x00,
        /* U+FB81 ' ' */
        0x81, 0xFB, 0x07, 0x08, 0x06, 0x00, 0x08,
        0x70, 0x0E, 0x0C, 0x14, 0xE3, 0x30,
        /* U+FB82 ' ' */
        0x82, 0xFB, 0x07, 0x04, 0x07, 0x01, 0x05,
        0x62, 0x13, 0xE0, 0x60,
        /* U+FB83 ' ' */
        0x83, 0xFB, 0x07, 0x05, 0x07, 0x01, 0x06,
        0x61, 0x04, 0x6F, 0x81, 0x80,
        /* U+FB84 ' ' */
        0x84, 0xFB, 0x05, 0x04, 0x07, 0x01, 0x05,
        0xC0, 0x62, 0x13, 0xE0,
        /* U+FB85 ' ' */
        0x85, 0xFB, 0x05, 0x05, 0x07, 0x01, 0x06,
        0xC0, 0x18, 0x41, 0x1B, 0xE0,
        /* U+FB86 ' ' */
        0x86, 0xFB, 0x03, 0x04, 0x08, 0x01, 0x05,
        0x4C, 0x06, 0x21, 0x3E,
        /* U+FB87 ' ' */
        0x87, 0xFB, 0x03, 0x05, 0x08, 0x01, 0x06,
        0x46, 0x00, 0xC2, 0x08, 0xDF,
        /* U+FB88 ' ' */
        0x88, 0xFB, 0x02, 0x04, 0x09, 0x01, 0x05,
        0x47, 0xE0, 0x62, 0x13, 0xE0,
        /* U+FB89 ' ' */
        0x89, 0xFB, 0x02, 0x05, 0x09, 0x01, 0x06,
        0x43, 0xB8, 0x06, 0x10, 0x46, 0xF8,
        /* U+FB8A ' ' */
        0x8A, 0xFB, 0x04, 0x06, 0x0A, 0x00, 0x06,
        0x04, 0x30, 0x00, 0x04, 0x10, 0x43, 0x1B, 0x80,
        /* U+FB8B ' ' */
        0x8B, 0xFB, 0x04, 0x08, 0x0A, 0x00, 0x08,
        0x04, 0x0C, 0x00, 0x00, 0x04, 0x04, 0x07, 0x0C, 0x18, 0xE0,
        /* U+FB8C ' ' */
        0x8C, 0xFB, 0x04, 0x07, 0x0A, 0x00, 0x07,
        0x08, 0x1C, 0x70, 0x00, 0x40, 0x81, 0x06, 0x19, 0xC0,
        /* U+FB8D ' ' */
        0x8D, 0xFB, 0x04, 0x08, 0x0A, 0x00, 0x08,
        0x08, 0x0E, 0x1C, 0x00, 0x04, 0x04, 0x07, 0x0C, 0x18, 0xE0,
        /* U+FB8E ' ' */
        0x8E, 0xFB, 0x02, 0x0A, 0x0A, 0x01, 0x0B,
        0x00, 0xC0, 0xC0, 0x40, 0x10, 0x06, 0x00, 0xC8, 0x12, 0x04, 0xFE, 0x04, 0x00,
        /* U+FB8F ' ' */
        0x8F, 0xFB, 0x02, 0x0B, 0x0A, 0x01, 0x0C,
        0x00, 0xC0, 0x60, 0x10, 0x02, 0x00, 0x60, 0x06, 0x20, 0x44, 0x0C, 0xFE, 0x62, 0x00,
        /* U+FB90 ' ' */
        0x90, 0xFB, 0x02, 0x06, 0x09, 0x00, 0x06,
        0x0C, 0xC4, 0x10, 0x60, 0xC1, 0x04, 0xE0,
        /* U+FB91 ' ' */
        0x91, 0xFB, 0x02, 0x07, 0x09, 0x00, 0x07,
        0x0C, 0x61, 0x02, 0x06, 0x06, 0x04, 0x0C, 0xE6,
        /* U+FB92 ' ' */
        0x92, 0xFB, 0x01, 0x0A, 0x0C, 0x01, 0x0B,
        0x00, 0x40, 0x60, 0x6C, 0x0C, 0x04, 0x01, 0x00, 0x60, 0x0C, 0x81, 0x20, 0x4F, 0xE0, 0x40,
        /* U+FB93 ' ' */
        0x93, 0xFB, 0x01, 0x0B, 0x0C, 0x01, 0x0C,
        0x00, 0x40, 0x30, 0x1B, 0x01, 0x80, 0x40, 0x08, 0x01, 0x80, 0x18, 0x81, 0x10, 0x33, 0xF9, 0x88, 0x00,
        /* U+FB94 ' ' */
        0x94, 0xFB, 0x01, 0x06, 0x0B, 0x00, 0x06,
        0x04, 0x66, 0xCC, 0x41, 0x06, 0x0C, 0x10, 0x4E, 0x00,
        /* U+FB95 ' ' */
        0x95, 0xFB, 0x01, 0x07, 0x0B, 0x00, 0x07,
        0x04, 0x31, 0xB1, 0x84, 0x08, 0x18, 0x18, 0x10, 0x33, 0x98,
        /* U+FB96 ' ' */
        0x96, 0xFB, 0x01, 0x0A, 0x0D, 0x01, 0x0B,
        0x00, 0x40, 0x60, 0x6C, 0x0C, 0x04, 0x01, 0x00, 0x60, 0x0C, 0x81, 0x20, 0x4F, 0xE0, 0x40, 0x10, 0x00,
        /* U+FB97 ' ' */
        0x97, 0xFB, 0x01, 0x0B, 0x0D, 0x01, 0x0C,
        0x00, 0x40, 0x30, 0x1B, 0x01, 0x80, 0x40, 0x08, 0x01, 0x80, 0x18, 0x81, 0x10, 0x33, 0xF9, 0x88, 0x01, 0x00,
        /* U+FB98 ' ' */
        0x98, 0xFB, 0x01, 0x06, 0x0D, 0x00, 0x06,
        0x04, 0x66, 0xCC, 0x41, 0x06, 0x0C, 0x10, 0x4E, 0x00, 0x20,
        /* U+FB99 ' ' */
        0x99, 0xFB, 0x01, 0x07, 0x0D, 0x00, 0x07,
        0x04, 0x31, 0xB1, 0x84, 0x08, 0x18, 0x18, 0x10, 0x33, 0x98, 0x02, 0x00,
        /* U+FB9A ' ' */
        0x9A, 0xFB, 0x01, 0x0A, 0x0C, 0x01, 0x0B,
        0x0C, 0x40, 0x60, 0x6C, 0x0C, 0x04, 0x01, 0x00, 0x60, 0x0C, 0x81, 0x20, 0x4F, 0xE0, 0x40,
        /* U+FB9B ' ' */
        0x9B, 0xFB, 0x01, 0x0B, 0x0C, 0x01, 0x0C,
        0x0C, 0x40, 0x30, 0x1B, 0x01, 0x80, 0x40, 0x08, 0x01, 0x80, 0x18, 0x81, 0x10, 0x33, 0xF9, 0x88, 0x00,
        /* U+FB9C ' ' */
        0x9C, 0xFB, 0x01, 0x06, 0x0B, 0x00, 0x06,
        0xC4, 0x66, 0xCC, 0x41, 0x06, 0x0C, 0x10, 0x4E, 0x00,
        /* U+FB9D ' ' */
        0x9D, 0xFB, 0x01, 0x07, 0x0B, 0x00, 0x07,
        0xC4, 0x31, 0xB1, 0x84, 0x08, 0x18, 0x18, 0x10, 0x33, 0x98,
        /* U+FB9E ' ' */
        0x9E, 0xFB, 0x07, 0x07, 0x06, 0x01, 0x09,
        0x03, 0x06, 0x0C, 0x3C, 0x4F, 0x00,
        /* U+FB9F ' ' */
        0x9F, 0xFB, 0x08, 0x08, 0x06, 0x01, 0x09,
        0x02, 0x82, 0x83, 0x86, 0xC4, 0x78,
        /* U+FBA0 ' ' */
        0xA0, 0xFB, 0x04, 0x07, 0x09, 0x01, 0x09,
        0x20, 0x71, 0xC0, 0x18, 0x30, 0x61, 0xE2, 0x78,
        /* U+FBA1 ' ' */
        0xA1, 0xFB, 0x05, 0x08, 0x09, 0x01, 0x09,
        0x20, 0x38, 0x70, 0x02, 0x82, 0x83, 0x86, 0xC4, 0x78,
        /* U+FBA2 ' ' */
        0xA2, 0xFB, 0x03, 0x04, 0x08, 0x00, 0x04,
        0x47, 0xE0, 0x44, 0x4C,
        /* U+FBA3 ' ' */
        0xA3, 0xFB, 0x03, 0x04, 0x08, 0x00, 0x04,
        0x47, 0xE0, 0x44, 0x4F,
        /* U+FBA4 ' ' */
        0xA4, 0xFB, 0x04, 0x06, 0x0B, 0x01, 0x07,
        0xFE, 0x18, 0x61, 0x86, 0x18, 0x61, 0x86, 0x1F, 0xC0,
        /* U+FBA5 ' ' */
        0xA5, 0xFB, 0x04, 0x06, 0x0B, 0x01, 0x07,
        0xFE, 0x18, 0x61, 0x86, 0x18, 0x61, 0x86, 0x1F, 0xC0,
        /* U+FBA6 ' ' */
        0xA6, 0xFB, 0x04, 0x06, 0x0B, 0x01, 0x07,
        0xFE, 0x18, 0x61, 0x86, 0x18, 0x61, 0x86, 0x1F, 0xC0,
        /* U+FBA7 ' ' */
        0xA7, 0xFB, 0x04, 0x06, 0x0B, 0x01, 0x07,
        0xFE, 0x18, 0x61, 0x86, 0x18, 0x61, 0x86, 0x1F, 0xC0,
        /* U+FBA8 ' ' */
        0xA8, 0xFB, 0x04, 0x06, 0x0B, 0x01, 0x07,
        0xFE, 0x18, 0x61, 0x86, 0x18, 0x61, 0x86, 0x1F, 0xC0,
        /* U+FBA9 ' ' */
        0xA9, 0xFB, 0x04, 0x06, 0x0B, 0x01, 0x07,
        0xFE, 0x18, 0x61, 0x86, 0x18, 0x61, 0x86, 0x1F, 0xC0,
        /* U+FBAA ' ' */
        0xAA, 0xFB, 0x06, 0x07, 0x06, 0x01, 0x08,
        0x20, 0x30, 0xB1, 0x6B, 0xBF, 0xC0,
        /* U+FBAB ' ' */
        0xAB, 0xFB, 0x08, 0x07, 0x07, 0x01, 0x08,
        0x18, 0x4A, 0xA7, 0xF2, 0x86, 0x86, 0x00,
        /* U+FBAC ' ' */
        0xAC, 0xFB, 0x06, 0x06, 0x06, 0x00, 0x06,
        0x40, 0xC5, 0x96, 0x77, 0xE0,
        /* U+FBAD ' ' */
        0xAD, 0xFB, 0x08, 0x06, 0x07, 0x00, 0x06,
        0x31, 0x25, 0x3F, 0x51, 0x23, 0x00,
        /* U+FBAE ' ' */
        0xAE, 0xFB, 0x04, 0x06, 0x0B, 0x01, 0x07,
        0xFE, 0x18, 0x61, 0x86, 0x18, 0x61, 0x86, 0x1F, 0xC0,
        /* U+FBAF ' ' */
        0xAF, 0xFB, 0x04, 0x06, 0x0B, 0x01, 0x07,
        0xFE, 0x18, 0x61, 0x86, 0x18, 0x61, 0x86, 0x1F, 0xC0,
        /* U+FBB0 ' ' */
        0xB0, 0xFB, 0x04, 0x06, 0x0B, 0x01, 0x07,
        0xFE, 0x18, 0x61, 0x86, 0x18, 0x61, 0x86, 0x1F, 0xC0,
        /* U+FBB1 ' ' */
        0xB1, 0xFB, 0x04, 0x06, 0x0B, 0x01, 0x07,
        0xFE, 0x18, 0x61, 0x86, 0x18, 0x61, 0x86, 0x1F, 0xC0,
        /* U+FBB2 ' ' */
        0xB2, 0xFB, 0x04, 0x06, 0x0B, 0x01, 0x07,
        0xFE, 0x18, 0x61, 0x86, 0x18, 0x61, 0x86, 0x1F, 0xC0,
        /* U+FBB3 ' ' */
        0xB3, 0xFB, 0x04, 0x06, 0x0B, 0x01, 0x07,
        0xFE, 0x18, 0x61, 0x86, 0x18, 0x61, 0x86, 0x1F, 0xC0,
        /* U+FBB4 ' ' */
        0xB4, 0xFB, 0x04, 0x06, 0x0B, 0x01, 0x07,
        0xFE, 0x18, 0x61, 0x86, 0x18, 0x61, 0x86, 0x1F, 0xC0,
        /* U+FBB5 ' ' */
        0xB5, 0xFB, 0x04, 0x06, 0x0B, 0x01, 0x07,
        0xFE, 0x18, 0x61, 0x86, 0x18, 0x61, 0x86, 0x1F, 0xC0,
        /* U+FBB6 ' ' */
        0xB6, 0xFB, 0x04, 0x06, 0x0B, 0x01, 0x07,
        0xFE, 0x18, 0x61, 0x86, 0x18, 0x61, 0x86, 0x1F, 0xC0,
        /* U+FBB7 ' ' */
        0xB7, 0xFB, 0x04, 0x06, 0x0B, 0x01, 0x07,
        0xFE, 0x18, 0x61, 0x86, 0x18, 0x61, 0x86, 0x1F, 0xC0,
        /* U+FBB8 ' ' */
        0xB8, 0xFB, 0x04, 0x06, 0x0B, 0x01, 0x07,
        0xFE, 0x18, 0x61, 0x86, 0x18, 0x61, 0x86, 0x1F, 0xC0,
        /* U+FBB9 ' ' */
        0xB9, 0xFB, 0x04, 0x06, 0x0B, 0x01, 0x07,
        0xFE, 0x18, 0x61, 0x86, 0x18, 0x61, 0x86, 0x1F, 0xC0,
        /* U+FBBA ' ' */
        0xBA, 0xFB, 0x04, 0x06, 0x0B, 0x01, 0x07,
        0xFE, 0x18, 0x61, 0x86, 0x18, 0x61, 0x86, 0x1F, 0xC0,
        /* U+FBBB ' ' */
        0xBB, 0xFB, 0x04, 0x06, 0x0B, 0x01, 0x07,
        0xFE, 0x18, 0x61, 0x86, 0x18, 0x61, 0x86, 0x1F, 0xC0,
        /* U+FBBC ' ' */
        0xBC, 0xFB, 0x04, 0x06, 0x0B, 0x01, 0x07,
        0xFE, 0x18, 0x61, 0x86, 0x18, 0x61, 0x86, 0x1F, 0xC0,
        /* U+FBBD ' ' */
        0xBD, 0xFB, 0x04, 0x06, 0x0B, 0x01, 0x07,
        0xFE, 0x18, 0x61, 0x86, 0x18, 0x61, 0x86, 0x1F, 0xC0,
        /* U+FBBE ' ' */
        0xBE, 0xFB, 0x04, 0x06, 0x0B, 0x01, 0x07,
        0xFE, 0x18, 0x61, 0x86, 0x18, 0x61, 0x86, 0x1F, 0xC0,
        /* U+FBBF ' ' */
        0xBF, 0xFB, 0x04, 0x06, 0x0B, 0x01, 0x07,
        0xFE, 0x18, 0x61, 0x86, 0x18, 0x61, 0x86, 0x1F, 0xC0,
        /* U+FBC0 ' ' */
        0xC0, 0xFB, 0x04, 0x06, 0x0B, 0x01, 0x07,
        0xFE, 0x18, 0x61, 0x86, 0x18, 0x61, 0x86, 0x1F, 0xC0,
        /* U+FBC1 ' ' */
        0xC1, 0xFB, 0x04, 0x06, 0x0B, 0x01, 0x07,
        0xFE, 0x18, 0x61, 0x86, 0x18, 0x61, 0x86, 0x1F, 0xC0,
        /* U+FBC2 ' ' */
        0xC2, 0xFB, 0x04, 0x06, 0x0B, 0x01, 0x07,
        0xFE, 0x18, 0x61, 0x86, 0x18, 0x61, 0x86, 0x1F, 0xC0,
        /* U+FBC3 ' ' */
        0xC3, 0xFB, 0x04, 0x06, 0x0B, 0x01, 0x07,
        0xFE, 0x18, 0x61, 0x86, 0x18, 0x61, 0x86, 0x1F, 0xC0,
        /* U+FBC4 ' ' */
        0xC4, 0xFB, 0x04, 0x06, 0x0B, 0x01, 0x07,
        0xFE, 0x18, 0x61, 0x86, 0x18, 0x61, 0x86, 0x1F, 0xC0,
        /* U+FBC5 ' ' */
        0xC5, 0xFB, 0x04, 0x06, 0x0B, 0x01, 0x07,
        0xFE, 0x18, 0x61, 0x86, 0x18, 0x61, 0x86, 0x1F, 0xC0,
        /* U+FBC6 ' ' */
        0xC6, 0xFB, 0x04, 0x06, 0x0B, 0x01, 0x07,
        0xFE, 0x18, 0x61, 0x86, 0x18, 0x61, 0x86, 0x1F, 0xC0,
        /* U+FBC7 ' ' */
        0xC7, 0xFB, 0x04, 0x06, 0x0B, 0x01, 0x07,
        0xFE, 0x18, 0x61, 0x86, 0x18, 0x61, 0x86, 0x1F, 0xC0,
        /* U+FBC8 ' ' */
        0xC8, 0xFB, 0x04, 0x06, 0x0B, 0x01, 0x07,
        0xFE, 0x18, 0x61, 0x86, 0x18, 0x61, 0x86, 0x1F, 0xC0,
        /* U+FBC9 ' ' */
        0xC9, 0xFB, 0x04, 0x06, 0x0B, 0x01, 0x07,
        0xFE, 0x18, 0x61, 0x86, 0x18, 0x61, 0x86, 0x1F, 0xC0,
        /* U+FBCA ' ' */
        0xCA, 0xFB, 0x04, 0x06, 0x0B, 0x01, 0x07,
        0xFE, 0x18, 0x61, 0x86, 0x18, 0x61, 0x86, 0x1F, 0xC0,
        /* U+FBCB ' ' */
        0xCB, 0xFB, 0x04, 0x06, 0x0B, 0x01, 0x07,
        0xFE, 0x18, 0x61, 0x86, 0x18, 0x61, 0x86, 0x1F, 0xC0,
        /* U+FBCC ' ' */
        0xCC, 0xFB, 0x04, 0x06, 0x0B, 0x01, 0x07,
        0xFE, 0x18, 0x61, 0x86, 0x18, 0x61, 0x86, 0x1F, 0xC0,
        /* U+FBCD ' ' */
        0xCD, 0xFB, 0x04, 0x06, 0x0B, 0x01, 0x07,
        0xFE, 0x18, 0x61, 0x86, 0x18, 0x61, 0x86, 0x1F, 0xC0,
        /* U+FBCE ' ' */
        0xCE, 0xFB, 0x04, 0x06, 0x0B, 0x01, 0x07,
        0xFE, 0x18, 0x61, 0x86, 0x18, 0x61, 0x86, 0x1F, 0xC0,
        /* U+FBCF ' ' */
        0xCF, 0xFB, 0x04, 0x06, 0x0B, 0x01, 0x07,
        0xFE, 0x18, 0x61, 0x86, 0x18, 0x61, 0x86, 0x1F, 0xC0,
        /* U+FBD0 ' ' */
        0xD0, 0xFB, 0x04, 0x06, 0x0B, 0x01, 0x07,
        0xFE, 0x18, 0x61, 0x86, 0x18, 0x61, 0x86, 0x1F, 0xC0,
        /* U+FBD1 ' ' */
        0xD1, 0xFB, 0x04, 0x06, 0x0B, 0x01, 0x07,
        0xFE, 0x18, 0x61, 0x86, 0x18, 0x61, 0x86, 0x1F, 0xC0,
        /* U+FBD2 ' ' */
        0xD2, 0xFB, 0x04, 0x06, 0x0B, 0x01, 0x07,
        0xFE, 0x18, 0x61, 0x86, 0x18, 0x61, 0x86, 0x1F, 0xC0,
        /* U+FBD3 ' ' */
        0xD3, 0xFB, 0x01, 0x08, 0x0A, 0x01, 0x0A,
        0x08, 0x19, 0x01, 0x09, 0x11, 0x09, 0x11, 0x01, 0x82, 0xFE,
        /* U+FBD4 ' ' */
        0xD4, 0xFB, 0x01, 0x09, 0x0A, 0x01, 0x0A,
        0x08, 0x0C, 0x80, 0x41, 0x21, 0x10, 0x48, 0x44, 0x02, 0x83, 0x7F, 0xC0,
        /* U+FBD5 ' ' */
        0xD5, 0xFB, 0x00, 0x06, 0x0B, 0x00, 0x06,
        0x43, 0x00, 0xCC, 0x41, 0x06, 0x0C, 0x10, 0x4E, 0x00,
        /* U+FBD6 ' ' */
        0xD6, 0xFB, 0x00, 0x07, 0x0B, 0x00, 0x07,
        0x41, 0x80, 0x31, 0x84, 0x08, 0x18, 0x18, 0x10, 0x33, 0x98,
        /* U+FBD7 ' ' */
        0xD7, 0xFB, 0x04, 0x06, 0x0B, 0x01, 0x07,
        0xFE, 0x18, 0x61, 0x86, 0x18, 0x61, 0x86, 0x1F, 0xC0,
        /* U+FBD8 ' ' */
        0xD8, 0xFB, 0x04, 0x06, 0x0B, 0x01, 0x07,
        0xFE, 0x18, 0x61, 0x86, 0x18, 0x61, 0x86, 0x1F, 0xC0,
        /* U+FBD9 ' ' */
        0xD9, 0xFB, 0x05, 0x06, 0x09, 0x00, 0x06,
        0x18, 0x61, 0x8B, 0x24, 0x70, 0xC6, 0xF0,
        /* U+FBDA ' ' */
        0xDA, 0xFB, 0x05, 0x07, 0x09, 0x00, 0x07,
        0x18, 0x30, 0x61, 0x62, 0x43, 0xC3, 0x0C, 0xF0,
        /* U+FBDB ' ' */
        0xDB, 0xFB, 0x04, 0x06, 0x0B, 0x01, 0x07,
        0xFE, 0x18, 0x61, 0x86, 0x18, 0x61, 0x86, 0x1F, 0xC0,
        /* U+FBDC ' ' */
        0xDC, 0xFB, 0x04, 0x06, 0x0B, 0x01, 0x07,
        0xFE, 0x18, 0x61, 0x86, 0x18, 0x61, 0x86, 0x1F, 0xC0,
        /* U+FBDD ' ' */
        0xDD, 0xFB, 0x04, 0x06, 0x0B, 0x01, 0x07,
        0xFE, 0x18, 0x61, 0x86, 0x18, 0x61, 0x86, 0x1F, 0xC0,
        /* U+FBDE ' ' */
        0xDE, 0xFB, 0x04, 0x06, 0x0B, 0x01, 0x07,
        0xFE, 0x18, 0x61, 0x86, 0x18, 0x61, 0x86, 0x1F, 0xC0,
        /* U+FBDF ' ' */
        0xDF, 0xFB, 0x04, 0x06, 0x0B, 0x01, 0x07,
        0xFE, 0x18, 0x61, 0x86, 0x18, 0x61, 0x86, 0x1F, 0xC0,
        /* U+FBE0 ' ' */
        0xE0, 0xFB, 0x04, 0x06, 0x0B, 0x01, 0x07,
        0xFE, 0x18, 0x61, 0x86, 0x18, 0x61, 0x86, 0x1F, 0xC0,
        /* U+FBE1 ' ' */
        0xE1, 0xFB, 0x04, 0x06, 0x0B, 0x01, 0x07,
        0xFE, 0x18, 0x61, 0x86, 0x18, 0x61, 0x86, 0x1F, 0xC0,
        /* U+FBE2 ' ' */
        0xE2, 0xFB, 0x04, 0x06, 0x0B, 0x01, 0x07,
        0xFE, 0x18, 0x61, 0x86, 0x18, 0x61, 0x86, 0x1F, 0xC0,
        /* U+FBE3 ' ' */
        0xE3, 0xFB, 0x04, 0x06, 0x0B, 0x01, 0x07,
        0xFE, 0x18, 0x61, 0x86, 0x18, 0x61, 0x86, 0x1F, 0xC0,
        /* U+FBE4 ' ' */
        0xE4, 0xFB, 0x04, 0x06, 0x0B, 0x01, 0x07,
        0xFE, 0x18, 0x61, 0x86, 0x18, 0x61, 0x86, 0x1F, 0xC0,
        /* U+FBE5 ' ' */
        0xE5, 0xFB, 0x04, 0x06, 0x0B, 0x01, 0x07,
        0xFE, 0x18, 0x61, 0x86, 0x18, 0x61, 0x86, 0x1F, 0xC0,
        /* U+FBE6 ' ' */
        0xE6, 0xFB, 0x04, 0x06, 0x0B, 0x01, 0x07,
        0xFE, 0x18, 0x61, 0x86, 0x18, 0x61, 0x86, 0x1F, 0xC0,
        /* U+FBE7 ' ' */
        0xE7, 0xFB, 0x04, 0x06, 0x0B, 0x01, 0x07,
        0xFE, 0x18, 0x61, 0x86, 0x18, 0x61, 0x86, 0x1F, 0xC0,
        /* U+FBE8 ' ' */
        0xE8, 0xFB, 0x08, 0x02, 0x04, 0x00, 0x03,
        0x57,
        /* U+FBE9 ' ' */
        0xE9, 0xFB, 0x08, 0x04, 0x04, 0x00, 0x04,
        0x44, 0x4F,
        /* U+FBEA ' ' */
        0xEA, 0xFB, 0x04, 0x06, 0x0B, 0x01, 0x07,
        0xFE, 0x18, 0x61, 0x86, 0x18, 0x61, 0x86, 0x1F, 0xC0,
        /* U+FBEB ' ' */
        0xEB, 0xFB, 0x04, 0x06, 0x0B, 0x01, 0x07,
        0xFE, 0x18, 0x61, 0x86, 0x18, 0x61, 0x86, 0x1F, 0xC0,
        /* U+FBEC ' ' */
        0xEC, 0xFB, 0x04, 0x06, 0x0B, 0x01, 0x07,
        0xFE, 0x18, 0x61, 0x86, 0x18, 0x61, 0x86, 0x1F, 0xC0,
        /* U+FBED ' ' */
        0xED, 0xFB, 0x04, 0x06, 0x0B, 0x01, 0x07,
        0xFE, 0x18, 0x61, 0x86, 0x18, 0x61, 0x86, 0x1F, 0xC0,
        /* U+FBEE ' ' */
        0xEE, 0xFB, 0x04, 0x06, 0x0B, 0x01, 0x07,
        0xFE, 0x18, 0x61, 0x86, 0x18, 0x61, 0x86, 0x1F, 0xC0,
        /* U+FBEF ' ' */
        0xEF, 0xFB, 0x04, 0x06, 0x0B, 0x01, 0x07,
        0xFE, 0x18, 0x61, 0x86, 0x18, 0x61, 0x86, 0x1F, 0xC0,
        /* U+FBF0 ' ' */
        0xF0, 0xFB, 0x04, 0x06, 0x0B, 0x01, 0x07,
        0xFE, 0x18, 0x61, 0x86, 0x18, 0x61, 0x86, 0x1F, 0xC0,
        /* U+FBF1 ' ' */
        0xF1, 0xFB, 0x04, 0x06, 0x0B, 0x01, 0x07,
        0xFE, 0x18, 0x61, 0x86, 0x18, 0x61, 0x86, 0x1F, 0xC0,
        /* U+FBF2 ' ' */
        0xF2, 0xFB, 0x04, 0x06, 0x0B, 0x01, 0x07,
        0xFE, 0x18, 0x61, 0x86, 0x18, 0x61, 0x86, 0x1F, 0xC0,
        /* U+FBF3 ' ' */
        0xF3, 0xFB, 0x04, 0x06, 0x0B, 0x01, 0x07,
        0xFE, 0x18, 0x61, 0x86, 0x18, 0x61, 0x86, 0x1F, 0xC0,
        /* U+FBF4 ' ' */
        0xF4, 0xFB, 0x04, 0x06, 0x0B, 0x01, 0x07,
        0xFE, 0x18, 0x61, 0x86, 0x18, 0x61, 0x86, 0x1F, 0xC0,
        /* U+FBF5 ' ' */
        0xF5, 0xFB, 0x04, 0x06, 0x0B, 0x01, 0x07,
        0xFE, 0x18, 0x61, 0x86, 0x18, 0x61, 0x86, 0x1F, 0xC0,
        /* U+FBF6 ' ' */
        0xF6, 0xFB, 0x04, 0x06, 0x0B, 0x01, 0x07,
        0xFE, 0x18, 0x61, 0x86, 0x18, 0x61, 0x86, 0x1F, 0xC0,
        /* U+FBF7 ' ' */
        0xF7, 0xFB, 0x04, 0x06, 0x0B, 0x01, 0x07,
        0xFE, 0x18, 0x61, 0x86, 0x18, 0x61, 0x86, 0x1F, 0xC0,
        /* U+FBF8 ' ' */
        0xF8, 0xFB, 0x04, 0x06, 0x0B, 0x01, 0x07,
        0xFE, 0x18, 0x61, 0x86, 0x18, 0x61, 0x86, 0x1F, 0xC0,
        /* U+FBF9 ' ' */
        0xF9, 0xFB, 0x04, 0x06, 0x0B, 0x01, 0x07,
        0xFE, 0x18, 0x61, 0x86, 0x18, 0x61, 0x86, 0x1F, 0xC0,
        /* U+FBFA ' ' */
        0xFA, 0xFB, 0x04, 0x06, 0x0B, 0x01, 0x07,
        0xFE, 0x18, 0x61, 0x86, 0x18, 0x61, 0x86, 0x1F, 0xC0,
        /* U+FBFB ' ' */
        0xFB, 0xFB, 0x04, 0x06, 0x0B, 0x01, 0x07,
        0xFE, 0x18, 0x61, 0x86, 0x18, 0x61, 0x86, 0x1F, 0xC0,
        /* U+FBFC ' ' */
        0xFC, 0xFB, 0x07, 0x08, 0x07, 0x01, 0x09,
        0x0E, 0x13, 0x1C, 0x82, 0x82, 0xDC, 0x30,
        /* U+FBFD ' ' */
        0xFD, 0xFB, 0x08, 0x09, 0x05, 0x01, 0x0A,
        0x03, 0x42, 0xA0, 0xBD, 0xC3, 0x80,
        /* U+FBFE ' ' */
        0xFE, 0xFB, 0x08, 0x03, 0x06, 0x00, 0x03,
        0x49, 0x60, 0xC0,
        /* U+FBFF ' ' */
        0xFF, 0xFB, 0x08, 0x04, 0x06, 0x00, 0x04,
        0x44, 0x4F, 0x06,
        /* U+FE70 ' ' */
        0x70, 0xFE, 0x02, 0x04, 0x03, 0x00, 0x04,
        0x34, 0xE0,
        /* U+FE71 ' ' */
        0x71, 0xFE, 0x02, 0x04, 0x0A, 0x00, 0x04,
        0x34, 0xE0, 0x00, 0x00, 0x0F,
        /* U+FE72 ' ' */
        0x72, 0xFE, 0x01, 0x04, 0x03, 0x00, 0x04,
        0x6B, 0x40,
        /* U+FE73 ' ' */
        0x73, 0xFE, 0x09, 0x02, 0x02, 0x01, 0x03,
        0xB0,
        /* U+FE74 ' ' */
        0x74, 0xFE, 0x0C, 0x04, 0x03, 0x00, 0x04,
        0x34, 0xE0,
        /* U+FE75 ' ' */
        0x75, 0xFE, 0x04, 0x06, 0x0B, 0x01, 0x07,
        0xFE, 0x18, 0x61, 0x86, 0x18, 0x61, 0x86, 0x1F, 0xC0,
        /* U+FE76 ' ' */
        0x76, 0xFE, 0x04, 0x03, 0x01, 0x00, 0x04,
        0xE0,
        /* U+FE77 ' ' */
        0x77, 0xFE, 0x04, 0x04, 0x08, 0x00, 0x04,
        0xE0, 0x00, 0x00, 0x0F,
        /* U+FE78 ' ' */
        0x78, 0xFE, 0x01, 0x04, 0x03, 0x00, 0x04,
        0x63, 0xC0,
        /* U+FE79 ' ' */
        0x79, 0xFE, 0x01, 0x04, 0x0A, 0x00, 0x04,
        0x63, 0xC0, 0x00, 0x00, 0x0F,
        /* U+FE7A ' ' */
        0x7A, 0xFE, 0x0C, 0x04, 0x02, 0x00, 0x04,
        0x1E,
        /* U+FE7B ' ' */
        0x7B, 0xFE, 0x0A, 0x04, 0x03, 0x00, 0x04,
        0xF1, 0xE0,
        /* U+FE7C ' ' */
        0x7C, 0xFE, 0x01, 0x04, 0x03, 0x00, 0x04,
        0xDB, 0xC0,
        /* U+FE7D ' ' */
        0x7D, 0xFE, 0x01, 0x04, 0x0A, 0x00, 0x04,
        0xDB, 0xC0, 0x00, 0x00, 0x0F,
        /* U+FE7E ' ' */
        0x7E, 0xFE, 0x02, 0x04, 0x03, 0x00, 0x04,
        0xE9, 0x60,
        /* U+FE7F ' ' */
        0x7F, 0xFE, 0x02, 0x04, 0x0A, 0x00, 0x04,
        0xE9, 0x60, 0x00, 0x00, 0x0F,
        /* U+FE80 ' ' */
        0x80, 0xFE, 0x06, 0x04, 0x05, 0x01, 0x06,
        0x68, 0x8F, 0xE0,
        /* U+FE81 ' ' */
        0x81, 0xFE, 0x01, 0x04, 0x0B, 0x00, 0x04,
        0xF0, 0x44, 0x44, 0x44, 0x44, 0x40,
        /* U+FE82 ' ' */
        0x82, 0xFE, 0x01, 0x04, 0x0B, 0x00, 0x04,
        0xF0, 0x44, 0x44, 0x44, 0x44, 0x30,
        /* U+FE83 ' ' */
        0x83, 0xFE, 0x00, 0x02, 0x0B, 0x01, 0x03,
        0xCA, 0xAA, 0xA8,
        /* U+FE84 ' ' */
        0x84, 0xFE, 0x00, 0x03, 0x0B, 0x01, 0x04,
        0xC2, 0x49, 0x24, 0x91, 0x80,
        /* U+FE85 ' ' */
        0x85, 0xFE, 0x05, 0x06, 0x09, 0x00, 0x06,
        0x30, 0x61, 0x8B, 0x24, 0x70, 0xC6, 0xF0,
        /* U+FE86 ' ' */
        0x86, 0xFE, 0x05, 0x07, 0x09, 0x00, 0x07,
        0x30, 0x30, 0x61, 0x62, 0x43, 0xC3, 0x0C, 0xF0,
        /* U+FE87 ' ' */
        0x87, 0xFE, 0x02, 0x02, 0x0C, 0x01, 0x03,
        0xAA, 0xAA, 0x8B,
        /* U+FE88 ' ' */
        0x88, 0xFE, 0x02, 0x03, 0x0C, 0x01, 0x04,
        0x92, 0x49, 0x24, 0x62, 0x60,
        /* U+FE89 ' ' */
        0x89, 0xFE, 0x05, 0x08, 0x08, 0x01, 0x09,
        0xC0, 0x6E, 0x13, 0x1C, 0x82, 0x82, 0xDC, 0x30,
        /* U+FE8A ' ' */
        0x8A, 0xFE, 0x06, 0x09, 0x07, 0x01, 0x0A,
        0x60, 0x18, 0x00, 0xD0, 0xA8, 0x2F, 0x70, 0xE0,
        /* U+FE8B ' ' */
        0x8B, 0xFE, 0x04, 0x03, 0x07, 0x00, 0x03,
        0xCC, 0x24, 0xB0,
        /* U+FE8C ' ' */
        0x8C, 0xFE, 0x04, 0x04, 0x07, 0x00, 0x04,
        0xC6, 0x04, 0x44, 0xF0,
        /* U+FE8D ' ' */
        0x8D, 0xFE, 0x02, 0x01, 0x09, 0x01, 0x03,
        0xFF, 0x80,
        /* U+FE8E ' ' */
        0x8E, 0xFE, 0x02, 0x03, 0x09, 0x01, 0x04,
        0x92, 0x49, 0x24, 0x60,
        /* U+FE8F ' ' */
        0x8F, 0xFE, 0x08, 0x09, 0x06, 0x01, 0x0B,
        0x80, 0xC0, 0x60, 0x6F, 0xC0, 0x00, 0x40,
        /* U+FE90 ' ' */
        0x90, 0xFE, 0x08, 0x0B, 0x06, 0x01, 0x0C,
        0x80, 0x90, 0x12, 0x07, 0x3F, 0x30, 0x00, 0x10, 0x00,
        /* U+FE91 ' ' */
        0x91, 0xFE, 0x08, 0x02, 0x06, 0x00, 0x03,
        0x57, 0x10,
        /* U+FE92 ' ' */
        0x92, 0xFE, 0x08, 0x04, 0x06, 0x00, 0x04,
        0x44, 0x4F, 0x04,
        /* U+FE93 ' ' */
        0x93, 0xFE, 0x06, 0x04, 0x06, 0x01, 0x06,
        0xC0, 0xE9, 0x9F,
        /* U+FE94 ' ' */
        0x94, 0xFE, 0x06, 0x06, 0x06, 0x01, 0x07,
        0x60, 0x07, 0x24, 0x91, 0xB0,
        /* U+FE95 ' ' */
        0x95, 0xFE, 0x07, 0x09, 0x05, 0x01, 0x0B,
        0x18, 0x40, 0x60, 0x30, 0x37, 0xE0,
        /* U+FE96 ' ' */
        0x96, 0xFE, 0x07, 0x0B, 0x05, 0x01, 0x0C,
        0x18, 0x10, 0x12, 0x02, 0x40, 0xE7, 0xE6,
        /* U+FE97 ' ' */
        0x97, 0xFE, 0x06, 0x03, 0x06, 0x00, 0x03,
        0x61, 0x25, 0x80,
        /* U+FE98 ' ' */
        0x98, 0xFE, 0x06, 0x04, 0x06, 0x00, 0x04,
        0x60, 0x44, 0x4F,
        /* U+FE99 ' ' */
        0x99, 0xFE, 0x05, 0x09, 0x06, 0x01, 0x0B,
        0x08, 0x0C, 0x20, 0x30, 0x18, 0x1B, 0xF0,
        /* U+FE9A ' ' */
        0x9A, 0xFE, 0x05, 0x0B, 0x06, 0x01, 0x0C,
        0x08, 0x03, 0x02, 0x02, 0x40, 0x48, 0x1C, 0xFC, 0xC0,
        /* U+FE9B ' ' */
        0x9B, 0xFE, 0x04, 0x03, 0x07, 0x00, 0x03,
        0x2C, 0x24, 0xB0,
        /* U+FE9C ' ' */
        0x9C, 0xFE, 0x04, 0x04, 0x07, 0x00, 0x04,
        0x26, 0x04, 0x44, 0xF0,
        /* U+FE9D ' ' */
        0x9D, 0xFE, 0x06, 0x07, 0x08, 0x01, 0x08,
        0xFC, 0x61, 0x04, 0x08, 0x90, 0x10, 0x9E,
        /* U+FE9E ' ' */
        0x9E, 0xFE, 0x06, 0x07, 0x08, 0x01, 0x08,
        0xFC, 0x71, 0x24, 0x29, 0x70, 0x10, 0x9E,
        /* U+FE9F ' ' */
        0x9F, 0xFE, 0x07, 0x07, 0x07, 0x00, 0x07,
        0x70, 0x1C, 0x30, 0x8E, 0x00, 0x04, 0x00,
        /* U+FEA0 ' ' */
        0xA0, 0xFE, 0x07, 0x08, 0x07, 0x00, 0x08,
        0x70, 0x0E, 0x0C, 0x14, 0xE3, 0x00, 0x10,
        /* U+FEA1 ' ' */
        0xA1, 0xFE, 0x06, 0x07, 0x08, 0x01, 0x08,
        0xFC, 0x61, 0x04, 0x08, 0x10, 0x10, 0x9E,
        /* U+FEA2 ' ' */
        0xA2, 0xFE, 0x06, 0x07, 0x08, 0x01, 0x08,
        0xFC, 0x71, 0x24, 0x28, 0x70, 0x10, 0x9E,
        /* U+FEA3 ' ' */
        0xA3, 0xFE, 0x07, 0x07, 0x05, 0x00, 0x07,
        0x70, 0x1C, 0x30, 0x8E, 0x00,
        /* U+FEA4 ' ' */
        0xA4, 0xFE, 0x07, 0x08, 0x05, 0x00, 0x08,
        0x70, 0x0E, 0x0C, 0x14, 0xE3,
        /* U+FEA5 ' ' */
        0xA5, 0xFE, 0x05, 0x07, 0x0A, 0x01, 0x08,
        0x20, 0x03, 0xF1, 0x84, 0x10, 0x20, 0x40, 0x42, 0x78,
        /* U+FEA6 ' ' */
        0xA6, 0xFE, 0x05, 0x07, 0x0A, 0x01, 0x08,
        0x20, 0x03, 0xF1, 0xC4, 0x90, 0xA1, 0xC0, 0x42, 0x78,
        /* U+FEA7 ' ' */
        0xA7, 0xFE, 0x05, 0x07, 0x07, 0x00, 0x07,
        0x10, 0x01, 0xC0, 0x70, 0xC2, 0x38, 0x00,
        /* U+FEA8 ' ' */
        0xA8, 0xFE, 0x05, 0x08, 0x07, 0x00, 0x08,
        0x10, 0x00, 0x70, 0x0E, 0x0C, 0x14, 0xE3,
        /* U+FEA9 ' ' */
        0xA9, 0xFE, 0x07, 0x04, 0x05, 0x01, 0x05,
        0x62, 0x13, 0xE0,
        /* U+FEAA ' ' */
        0xAA, 0xFE, 0x07, 0x05, 0x05, 0x01, 0x06,
        0x61, 0x04, 0x6F, 0x80,
        /* U+FEAB ' ' */
        0xAB, 0xFE, 0x05, 0x04, 0x07, 0x01, 0x05,
        0x40, 0x62, 0x13, 0xE0,
        /* U+FEAC ' ' */
        0xAC, 0xFE, 0x05, 0x05, 0x07, 0x01, 0x06,
        0x40, 0x18, 0x41, 0x1B, 0xE0,
        /* U+FEAD ' ' */
        0xAD, 0xFE, 0x08, 0x06, 0x06, 0x00, 0x06,
        0x04, 0x10, 0x43, 0x1B, 0x80,
        /* U+FEAE ' ' */
        0xAE, 0xFE, 0x08, 0x08, 0x06, 0x00, 0x08,
        0x04, 0x04, 0x07, 0x0C, 0x18, 0xE0,
        /* U+FEAF ' ' */
        0xAF, 0xFE, 0x06, 0x06, 0x09, 0x00, 0x06,
        0x04, 0x00, 0x01, 0x04, 0x10, 0xC6, 0xE0,
        /* U+FEB0 ' ' */
        0xB0, 0xFE, 0x06, 0x08, 0x09, 0x00, 0x08,
        0x04, 0x00, 0x00, 0x04, 0x04, 0x07, 0x0C, 0x18, 0xE0,
        /* U+FEB1 ' ' */
        0xB1, 0xFE, 0x07, 0x0D, 0x07, 0x01, 0x0F,
        0x04, 0x48, 0x26, 0x61, 0xB7, 0x0F, 0xE8, 0x40, 0x46, 0x01, 0xE0, 0x00,
        /* U+FEB2 ' ' */
        0xB2, 0xFE, 0x07, 0x0E, 0x07, 0x01, 0x0F,
        0x04, 0x48, 0x13, 0x28, 0x6D, 0xA1, 0xFF, 0x84, 0x02, 0x30, 0x07, 0x80, 0x00,
        /* U+FEB3 ' ' */
        0xB3, 0xFE, 0x07, 0x09, 0x04, 0x00, 0x0A,
        0x24, 0x92, 0x59, 0x3F, 0x60,
        /* U+FEB4 ' ' */
        0xB4, 0xFE, 0x07, 0x0B, 0x04, 0x00, 0x0B,
        0x24, 0x84, 0x91, 0x92, 0x7D, 0xB0,
        /* U+FEB5 ' ' */
        0xB5, 0xFE, 0x04, 0x0D, 0x0A, 0x01, 0x0F,
        0x01, 0x00, 0x18, 0x00, 0x00, 0x08, 0x90, 0x4C, 0xC3, 0x6E, 0x1F, 0xD0, 0x80, 0x8C, 0x03, 0xC0, 0x00,
        /* U+FEB6 ' ' */
        0xB6, 0xFE, 0x04, 0x0E, 0x0A, 0x01, 0x0F,
        0x01, 0x00, 0x0C, 0x00, 0x00, 0x01, 0x12, 0x04, 0xCA, 0x1B, 0x68, 0x7F, 0xE1, 0x00, 0x8C, 0x01, 0xE0, 0x00,
        /* U+FEB7 ' ' */
        0xB7, 0xFE, 0x04, 0x09, 0x07, 0x00, 0x0A,
        0x04, 0x06, 0x00, 0x04, 0x92, 0x4B, 0x27, 0xEC,
        /* U+FEB8 ' ' */
        0xB8, 0xFE, 0x04, 0x0B, 0x07, 0x00, 0x0B,
        0x04, 0x01, 0x80, 0x00, 0x12, 0x42, 0x48, 0xC9, 0x3E, 0xD8,
        /* U+FEB9 ' ' */
        0xB9, 0xFE, 0x07, 0x0D, 0x07, 0x01, 0x0F,
        0x00, 0xF0, 0x2C, 0x61, 0xC5, 0x0F, 0xC8, 0x40, 0x46, 0x01, 0xE0, 0x00,
        /* U+FEBA ' ' */
        0xBA, 0xFE, 0x07, 0x0E, 0x07, 0x01, 0x0F,
        0x00, 0xF0, 0x16, 0x28, 0x71, 0x21, 0xFB, 0x84, 0x02, 0x30, 0x07, 0x80, 0x00,
        /* U+FEBB ' ' */
        0xBB, 0xFE, 0x07, 0x09, 0x04, 0x00, 0x0A,
        0x07, 0x94, 0x5C, 0x7B, 0xE0,
        /* U+FEBC ' ' */
        0xBC, 0xFE, 0x07, 0x0B, 0x04, 0x00, 0x0B,
        0x07, 0x85, 0x11, 0xC6, 0x6F, 0xF0,
        /* U+FEBD ' ' */
        0xBD, 0xFE, 0x06, 0x0D, 0x09, 0x01, 0x0F,
        0x02, 0x00, 0x00, 0x00, 0x3C, 0x0B, 0x18, 0x71, 0x43, 0xF2, 0x10, 0x11, 0x80, 0x78, 0x00,
        /* U+FEBE ' ' */
        0xBE, 0xFE, 0x06, 0x0E, 0x09, 0x01, 0x0F,
        0x02, 0x00, 0x00, 0x00, 0x0F, 0x01, 0x62, 0x87, 0x12, 0x1F, 0xB8, 0x40, 0x23, 0x00, 0x78, 0x00,
        /* U+FEBF ' ' */
        0xBF, 0xFE, 0x06, 0x09, 0x06, 0x00, 0x0A,
        0x10, 0x00, 0x01, 0xE5, 0x17, 0x1E, 0xF8,
        /* U+FEC0 ' ' */
        0xC0, 0xFE, 0x06, 0x0B, 0x06, 0x00, 0x0B,
        0x10, 0x00, 0x00, 0x1E, 0x14, 0x47, 0x19, 0xBF, 0xC0,
        /* U+FEC1 ' ' */
        0xC1, 0xFE, 0x02, 0x09, 0x09, 0x01, 0x0B,
        0x20, 0x10, 0x08, 0x04, 0x02, 0x01, 0x3C, 0xA2, 0x63, 0xFF, 0x00,
        /* U+FEC2 ' ' */
        0xC2, 0xFE, 0x02, 0x0B, 0x09, 0x01, 0x0C,
        0x20, 0x04, 0x00, 0x80, 0x10, 0x02, 0x00, 0x4F, 0x0A, 0x21, 0x8C, 0xFF, 0xE0,
        /* U+FEC3 ' ' */
        0xC3, 0xFE, 0x02, 0x09, 0x09, 0x00, 0x0A,
        0x60, 0x30, 0x18, 0x0C, 0x06, 0x03, 0x79, 0xE2, 0xE3, 0xFE, 0x00,
        /* U+FEC4 ' ' */
        0xC4, 0xFE, 0x02, 0x0A, 0x09, 0x00, 0x0A,
        0x60, 0x18, 0x06, 0x01, 0x80, 0x60, 0x1B, 0xC7, 0x89, 0xC6, 0xFE, 0xC0,
        /* U+FEC5 ' ' */
        0xC5, 0xFE, 0x02, 0x09, 0x09, 0x01, 0x0B,
        0x20, 0x10, 0x08, 0x04, 0x82, 0x01, 0x3C, 0xA2, 0x63, 0xFF, 0x00,
        /* U+FEC6 ' ' */
        0xC6, 0xFE, 0x02, 0x0B, 0x09, 0x01, 0x0C,
        0x20, 0x04, 0x00, 0x80, 0x12, 0x02, 0x00, 0x4F, 0x0A, 0x21, 0x8C, 0xFF, 0xE0,
        /* U+FEC7 ' ' */
        0xC7, 0xFE, 0x02, 0x09, 0x09, 0x00, 0x0A,
        0x60, 0x30, 0x18, 0x0D, 0x06, 0x03, 0x79, 0xE2, 0xE3, 0xFE, 0x00,
        /* U+FEC8 ' ' */
        0xC8, 0xFE, 0x02, 0x0A, 0x09, 0x00, 0x0A,
        0x60, 0x18, 0x06, 0x01, 0xA0, 0x60, 0x1B, 0xC7, 0x89, 0xC6, 0xFE, 0xC0,
        /* U+FEC9 ' ' */
        0xC9, 0xFE, 0x05, 0x06, 0x09, 0x01, 0x07,
        0x72, 0x09, 0x98, 0xC2, 0x08, 0x30, 0x7C,
        /* U+FECA ' ' */
        0xCA, 0xFE, 0x07, 0x06, 0x08, 0x01, 0x07,
        0x63, 0xCF, 0x38, 0x9E, 0x08, 0x1F,
        /* U+FECB ' ' */
        0xCB, 0xFE, 0x05, 0x06, 0x06, 0x00, 0x07,
        0x39, 0x04, 0x1B, 0x3B, 0x00,
        /* U+FECC ' ' */
        0xCC, 0xFE, 0x07, 0x06, 0x05, 0x00, 0x06,
        0x31, 0xE7, 0x0C, 0xCC,
        /* U+FECD ' ' */
        0xCD, 0xFE, 0x04, 0x06, 0x0B, 0x01, 0x07,
        0x40, 0x07, 0x20, 0x99, 0x8C, 0x20, 0x83, 0x07, 0xC0,
        /* U+FECE ' ' */
        0xCE, 0xFE, 0x05, 0x06, 0x0A, 0x01, 0x07,
        0x40, 0x06, 0x3C, 0xF3, 0x89, 0xE0, 0x81, 0xF0,
        /* U+FECF ' ' */
        0xCF, 0xFE, 0x04, 0x06, 0x08, 0x00, 0x06,
        0x20, 0x03, 0x90, 0x41, 0xB3, 0xB0,
        /* U+FED0 ' ' */
        0xD0, 0xFE, 0x05, 0x06, 0x07, 0x00, 0x06,
        0x20, 0x03, 0x1E, 0x70, 0xCC, 0xC0,
        /* U+FED1 ' ' */
        0xD1, 0xFE, 0x04, 0x0A, 0x09, 0x01, 0x0C,
        0x00, 0x80, 0x00, 0x08, 0x05, 0x01, 0x60, 0x78, 0x07, 0xFE, 0x18, 0x00,
        /* U+FED2 ' ' */
        0xD2, 0xFE, 0x05, 0x0C, 0x08, 0x01, 0x0D,
        0x00, 0x80, 0x00, 0x00, 0x80, 0x1C, 0x81, 0x48, 0x14, 0xFF, 0xF1, 0x80,
        /* U+FED3 ' ' */
        0xD3, 0xFE, 0x04, 0x05, 0x08, 0x00, 0x06,
        0x20, 0x0C, 0xF4, 0x9C, 0x7E,
        /* U+FED4 ' ' */
        0xD4, 0xFE, 0x05, 0x06, 0x07, 0x00, 0x06,
        0x10, 0x00, 0x1E, 0x48, 0xEF, 0xC0,
        /* U+FED5 ' ' */
        0xD5, 0xFE, 0x04, 0x07, 0x0B, 0x01, 0x09,
        0x0C, 0x00, 0x30, 0x50, 0xB1, 0xE0, 0xC1, 0x85, 0xF1, 0x80,
        /* U+FED6 ' ' */
        0xD6, 0xFE, 0x06, 0x09, 0x09, 0x01, 0x0A,
        0x0C, 0x00, 0x03, 0x81, 0x40, 0xA4, 0x3E, 0x09, 0x18, 0x78, 0x00,
        /* U+FED7 ' ' */
        0xD7, 0xFE, 0x04, 0x05, 0x08, 0x00, 0x06,
        0x30, 0x0C, 0xF4, 0x9C, 0x7E,
        /* U+FED8 ' ' */
        0xD8, 0xFE, 0x05, 0x06, 0x07, 0x00, 0x06,
        0x30, 0x00, 0x1E, 0x48, 0xEF, 0xC0,
        /* U+FED9 ' ' */
        0xD9, 0xFE, 0x02, 0x08, 0x09, 0x01, 0x0A,
        0x01, 0x01, 0x09, 0x11, 0x09, 0x11, 0x01, 0x82, 0xFE,
        /* U+FEDA ' ' */
        0xDA, 0xFE, 0x02, 0x09, 0x09, 0x01, 0x0A,
        0x01, 0x00, 0x82, 0x42, 0x20, 0x90, 0x88, 0x05, 0x06, 0xFF, 0x80,
        /* U+FEDB ' ' */
        0xDB, 0xFE, 0x02, 0x06, 0x09, 0x00, 0x06,
        0x0C, 0xC4, 0x10, 0x60, 0xC1, 0x04, 0xE0,
        /* U+FEDC ' ' */
        0xDC, 0xFE, 0x02, 0x07, 0x09, 0x00, 0x07,
        0x0C, 0x61, 0x02, 0x06, 0x06, 0x04, 0x0C, 0xE6,
        /* U+FEDD ' ' */
        0xDD, 0xFE, 0x02, 0x07, 0x0B, 0x01, 0x09,
        0x02, 0x04, 0x08, 0x10, 0x20, 0x40, 0xC3, 0x85, 0x19, 0xC0,
        /* U+FEDE ' ' */
        0xDE, 0xFE, 0x02, 0x08, 0x0B, 0x01, 0x09,
        0x02, 0x02, 0x02, 0x02, 0x02, 0x02, 0x02, 0x86, 0x87, 0xCC, 0x70,
        /* U+FEDF ' ' */
        0xDF, 0xFE, 0x02, 0x03, 0x09, 0x00, 0x04,
        0x6D, 0xB6, 0xDA, 0xC0,
        /* U+FEE0 ' ' */
        0xE0, 0xFE, 0x02, 0x04, 0x09, 0x00, 0x04,
        0x66, 0x66, 0x66, 0x66, 0xF0,
        /* U+FEE1 ' ' */
        0xE1, 0xFE, 0x07, 0x06, 0x07, 0x01, 0x07,
        0x39, 0xBE, 0xA4, 0x82, 0x08, 0x00,
        /* U+FEE2 ' ' */
        0xE2, 0xFE, 0x08, 0x07, 0x07, 0x01, 0x08,
        0x10, 0x71, 0xB7, 0xF8, 0x10, 0x20, 0x00,
        /* U+FEE3 ' ' */
        0xE3, 0xFE, 0x08, 0x05, 0x04, 0x00, 0x06,
        0x11, 0xD3, 0xF0,
        /* U+FEE4 ' ' */
        0xE4, 0xFE, 0x08, 0x07, 0x04, 0x00, 0x07,
        0x10, 0x71, 0x37, 0xF0,
        /* U+FEE5 ' ' */
        0xE5, 0xFE, 0x06, 0x07, 0x08, 0x01, 0x09,
        0x20, 0x00, 0x0C, 0x18, 0x30, 0xF1, 0x3C,
        /* U+FEE6 ' ' */
        0xE6, 0xFE, 0x08, 0x08, 0x07, 0x01, 0x09,
        0x20, 0x02, 0x82, 0x83, 0x86, 0xC4, 0x78,
        /* U+FEE7 ' ' */
        0xE7, 0xFE, 0x06, 0x02, 0x06, 0x00, 0x03,
        0x45, 0x70,
        /* U+FEE8 ' ' */
        0xE8, 0xFE, 0x06, 0x04, 0x06, 0x00, 0x04,
        0x40, 0x44, 0x4F,
        /* U+FEE9 ' ' */
        0xE9, 0xFE, 0x07, 0x04, 0x04, 0x01, 0x06,
        0xE9, 0x9F,
        /* U+FEEA ' ' */
        0xEA, 0xFE, 0x07, 0x06, 0x04, 0x01, 0x07,
        0x72, 0x49, 0x1B,
        /* U+FEEB ' ' */
        0xEB, 0xFE, 0x06, 0x06, 0x06, 0x00, 0x06,
        0x40, 0xC5, 0x96, 0x77, 0xE0,
        /* U+FEEC ' ' */
        0xEC, 0xFE, 0x08, 0x06, 0x07, 0x00, 0x06,
        0x31, 0x25, 0x3F, 0x51, 0x23, 0x00,
        /* U+FEED ' ' */
        0xED, 0xFE, 0x08, 0x06, 0x07, 0x00, 0x06,
        0x18, 0xB2, 0x47, 0x0C, 0x6F, 0x00,
        /* U+FEEE ' ' */
        0xEE, 0xFE, 0x08, 0x07, 0x07, 0x00, 0x07,
        0x18, 0x58, 0x90, 0xF0, 0xC3, 0x3C, 0x00,
        /* U+FEEF ' ' */
        0xEF, 0xFE, 0x07, 0x08, 0x07, 0x01, 0x09,
        0x0E, 0x13, 0x1C, 0x82, 0x82, 0xDC, 0x30,
        /* U+FEF0 ' ' */
        0xF0, 0xFE, 0x08, 0x09, 0x05, 0x01, 0x0A,
        0x03, 0x42, 0xA0, 0xBD, 0xC3, 0x80,
        /* U+FEF1 ' ' */
        0xF1, 0xFE, 0x07, 0x08, 0x08, 0x01, 0x09,
        0x0E, 0x13, 0x1C, 0x82, 0x82, 0xDC, 0x30, 0x30,
        /* U+FEF2 ' ' */
        0xF2, 0xFE, 0x08, 0x09, 0x06, 0x01, 0x0A,
        0x03, 0x42, 0xA0, 0xBD, 0xC3, 0x81, 0x80,
        /* U+FEF3 ' ' */
        0xF3, 0xFE, 0x08, 0x03, 0x06, 0x00, 0x03,
        0x49, 0x60, 0xC0,
        /* U+FEF4 ' ' */
        0xF4, 0xFE, 0x08, 0x04, 0x06, 0x00, 0x04,
        0x44, 0x4F, 0x06,
        /* U+FEF5 ' ' */
        0xF5, 0xFE, 0x02, 0x06, 0x0A, 0x00, 0x07,
        0xE0, 0x14, 0x51, 0x24, 0x91, 0x86, 0x19, 0x80,
        /* U+FEF6 ' ' */
        0xF6, 0xFE, 0x02, 0x07, 0x0A, 0x00, 0x07,
        0xE0, 0x09, 0x12, 0x22, 0x44, 0x87, 0x0E, 0x1C, 0xCC,
        /* U+FEF7 ' ' */
        0xF7, 0xFE, 0x00, 0x06, 0x0B, 0x00, 0x07,
        0x83, 0x00, 0x51, 0x44, 0x92, 0x46, 0x18, 0x66, 0x00,
        /* U+FEF8 ' ' */
        0xF8, 0xFE, 0x00, 0x07, 0x0B, 0x00, 0x07,
        0x81, 0x80, 0x12, 0x24, 0x44, 0x89, 0x0E, 0x1C, 0x39, 0x98,
        /* U+FEF9 ' ' */
        0xF9, 0xFE, 0x02, 0x06, 0x0C, 0x00, 0x07,
        0x05, 0x14, 0x49, 0x24, 0x61, 0x86, 0x60, 0x08, 0x30,
        /* U+FEFA ' ' */
        0xFA, 0xFE, 0x02, 0x07, 0x0C, 0x00, 0x07,
        0x04, 0x89, 0x11, 0x22, 0x43, 0x87, 0x0E, 0x66, 0x02, 0x06, 0x00,
        /* U+FEFB ' ' */
        0xFB, 0xFE, 0x02, 0x05, 0x09, 0x01, 0x07,
        0x0C, 0x62, 0x94, 0x98, 0xC6, 0xC0,
        /* U+FEFC ' ' */
        0xFC, 0xFE, 0x02, 0x06, 0x09, 0x01, 0x07,
        0x0A, 0x28, 0x92, 0x48, 0xE3, 0x8E, 0xCC,
        /* U+FEFD ' ' */
        0xFD, 0xFE, 0x04, 0x06, 0x0B, 0x01, 0x07,
        0xFE, 0x18, 0x61, 0x86, 0x18, 0x61, 0x86, 0x1F, 0xC0,
        /* U+FEFE ' ' */
        0xFE, 0xFE, 0x04, 0x06, 0x0B, 0x01, 0x07,
        0xFE, 0x18, 0x61, 0x86, 0x18, 0x61, 0x86, 0x1F, 0xC0,
        /* U+FEFF ' ' */
        0xFF, 0xFE, 0x00, 0x00, 0x00, 0x00, 0x00,
        

        // Terminator
        0x00, 0x00,
    },
};
