#include "../rg_gui.h"

// File generated with font_converter.py (https://github.com/ashkan89/retro-go/tree/dev/tools)

// Font           : Sans 15
// Point Size     : 15
// Memory usage   : 23962 bytes
// Characters     : 1312 (32-255, 1536-1791, 64336-65023, 65136-65279)

const rg_font_t font_Sans15 = {
    .name = "Sans 15",
    .type = 1,
    .width = 0,
    .height = 19,
    .chars = 1312,
    .data = {
        /* U+0020 ' ' */
        0x20, 0x00, 0x00, 0x00, 0x00, 0x00, 0x04,
        
        /* U+0021 '!' */
        0x21, 0x00, 0x03, 0x02, 0x0B, 0x01, 0x04,
        0xFF, 0xFF, 0x3C,
        /* U+0022 '"' */
        0x22, 0x00, 0x03, 0x05, 0x04, 0x01, 0x07,
        0xDE, 0xF7, 0x10,
        /* U+0023 '#' */
        0x23, 0x00, 0x03, 0x0A, 0x0B, 0x00, 0x0A,
        0x09, 0x06, 0x41, 0x91, 0xFF, 0x12, 0x04, 0x81, 0x23, 0xFE, 0x36, 0x09, 0x82, 0x40,
        /* U+0024 '$' */
        0x24, 0x00, 0x02, 0x07, 0x0D, 0x01, 0x09,
        0x10, 0x21, 0xFE, 0x8D, 0x1E, 0x1F, 0x0F, 0x16, 0x2F, 0xF0, 0x81, 0x00,
        /* U+0025 '%' */
        0x25, 0x00, 0x03, 0x0B, 0x0B, 0x01, 0x0D,
        0x61, 0x92, 0x22, 0x4C, 0x49, 0x09, 0x6D, 0x2A, 0x5B, 0x48, 0x49, 0x19, 0x22, 0x24, 0x83, 0x00,
        /* U+0026 '&' */
        0x26, 0x00, 0x03, 0x09, 0x0B, 0x01, 0x0B,
        0x38, 0x26, 0x11, 0x0D, 0x87, 0x83, 0x87, 0x67, 0x9B, 0xC7, 0x63, 0x9F, 0x60,
        /* U+0027 ''' */
        0x27, 0x00, 0x03, 0x02, 0x04, 0x01, 0x04,
        0xFF,
        /* U+0028 '(' */
        0x28, 0x00, 0x03, 0x03, 0x0D, 0x01, 0x05,
        0x2F, 0x69, 0x24, 0x9B, 0x32,
        /* U+0029 ')' */
        0x29, 0x00, 0x03, 0x03, 0x0D, 0x01, 0x05,
        0x99, 0xB2, 0x49, 0x2D, 0xE8,
        /* U+002A '*' */
        0x2A, 0x00, 0x02, 0x06, 0x07, 0x01, 0x08,
        0x30, 0xCB, 0x7F, 0x31, 0xE4, 0x80,
        /* U+002B '+' */
        0x2B, 0x00, 0x05, 0x07, 0x07, 0x01, 0x09,
        0x10, 0x20, 0x47, 0xF1, 0x02, 0x04, 0x00,
        /* U+002C ',' */
        0x2C, 0x00, 0x0C, 0x02, 0x04, 0x01, 0x04,
        0xFA,
        /* U+002D '-' */
        0x2D, 0x00, 0x09, 0x03, 0x01, 0x01, 0x05,
        0xE0,
        /* U+002E '.' */
        0x2E, 0x00, 0x0C, 0x02, 0x02, 0x01, 0x04,
        0xF0,
        /* U+002F '/' */
        0x2F, 0x00, 0x03, 0x06, 0x0B, 0x00, 0x06,
        0x0C, 0x21, 0x86, 0x10, 0xC2, 0x18, 0x61, 0x0C, 0x00,
        /* U+0030 '0' */
        0x30, 0x00, 0x03, 0x07, 0x0B, 0x01, 0x09,
        0x38, 0x8B, 0x1E, 0x38, 0x30, 0x60, 0xE3, 0xC6, 0x88, 0xE0,
        /* U+0031 '1' */
        0x31, 0x00, 0x03, 0x05, 0x0B, 0x01, 0x09,
        0x19, 0xFE, 0x31, 0x8C, 0x63, 0x18, 0xC6,
        /* U+0032 '2' */
        0x32, 0x00, 0x03, 0x07, 0x0B, 0x01, 0x09,
        0x7D, 0x8C, 0x18, 0x30, 0x61, 0x86, 0x18, 0x61, 0x83, 0xF8,
        /* U+0033 '3' */
        0x33, 0x00, 0x03, 0x07, 0x0B, 0x01, 0x09,
        0xFD, 0x0C, 0x18, 0x30, 0xCF, 0x01, 0x83, 0x06, 0x0F, 0xF0,
        /* U+0034 '4' */
        0x34, 0x00, 0x03, 0x09, 0x0B, 0x00, 0x09,
        0x06, 0x07, 0x03, 0x82, 0xC3, 0x63, 0x31, 0x19, 0xFF, 0x06, 0x03, 0x01, 0x80,
        /* U+0035 '5' */
        0x35, 0x00, 0x03, 0x07, 0x0B, 0x01, 0x09,
        0x7D, 0x83, 0x06, 0x0F, 0xC0, 0xC1, 0x83, 0x06, 0x0F, 0xE0,
        /* U+0036 '6' */
        0x36, 0x00, 0x03, 0x07, 0x0B, 0x01, 0x09,
        0x3E, 0xC3, 0x06, 0x0B, 0xD8, 0xF0, 0xC1, 0xC2, 0x8C, 0xF0,
        /* U+0037 '7' */
        0x37, 0x00, 0x03, 0x07, 0x0B, 0x01, 0x09,
        0xFE, 0x0C, 0x18, 0x60, 0xC3, 0x06, 0x08, 0x30, 0x61, 0x80,
        /* U+0038 '8' */
        0x38, 0x00, 0x03, 0x07, 0x0B, 0x01, 0x09,
        0x7D, 0x8F, 0x1F, 0x77, 0x8F, 0xB1, 0xE3, 0xC7, 0x8D, 0xF0,
        /* U+0039 '9' */
        0x39, 0x00, 0x03, 0x07, 0x0B, 0x01, 0x09,
        0x79, 0x8A, 0x1C, 0x18, 0x78, 0xDE, 0x83, 0x06, 0x1B, 0xE0,
        /* U+003A ':' */
        0x3A, 0x00, 0x06, 0x02, 0x08, 0x01, 0x04,
        0xF0, 0x0F,
        /* U+003B ';' */
        0x3B, 0x00, 0x06, 0x02, 0x0A, 0x01, 0x04,
        0xF0, 0x0F, 0xA0,
        /* U+003C '<' */
        0x3C, 0x00, 0x04, 0x07, 0x08, 0x01, 0x09,
        0x02, 0x1C, 0xE7, 0x0C, 0x07, 0x03, 0x81,
        /* U+003D '=' */
        0x3D, 0x00, 0x06, 0x07, 0x04, 0x01, 0x09,
        0xFE, 0x00, 0x07, 0xF0,
        /* U+003E '>' */
        0x3E, 0x00, 0x04, 0x07, 0x08, 0x01, 0x09,
        0x81, 0xC0, 0xE0, 0x70, 0x67, 0x38, 0x40,
        /* U+003F '?' */
        0x3F, 0x00, 0x03, 0x07, 0x0B, 0x00, 0x07,
        0xF8, 0x08, 0x18, 0x30, 0xC3, 0x0C, 0x18, 0x00, 0x60, 0xC0,
        /* U+0040 '@' */
        0x40, 0x00, 0x03, 0x0B, 0x0C, 0x01, 0x0D,
        0x1F, 0x06, 0x19, 0x01, 0xE7, 0x99, 0x93, 0x22, 0x64, 0x4C, 0x9B, 0x9F, 0xD8, 0x01, 0x82, 0x0F, 0x80,
        /* U+0041 'A' */
        0x41, 0x00, 0x03, 0x0A, 0x0B, 0x00, 0x0A,
        0x0C, 0x07, 0x81, 0xE0, 0x48, 0x33, 0x0C, 0xC3, 0xF1, 0x86, 0x61, 0x90, 0x2C, 0x0C,
        /* U+0042 'B' */
        0x42, 0x00, 0x03, 0x08, 0x0B, 0x01, 0x0A,
        0xFE, 0xC3, 0xC3, 0xC3, 0xC2, 0xFC, 0xC3, 0xC3, 0xC3, 0xC3, 0xFE,
        /* U+0043 'C' */
        0x43, 0x00, 0x03, 0x08, 0x0B, 0x01, 0x0A,
        0x1F, 0x61, 0x40, 0xC0, 0xC0, 0xC0, 0xC0, 0xC0, 0x40, 0x60, 0x1F,
        /* U+0044 'D' */
        0x44, 0x00, 0x03, 0x09, 0x0B, 0x01, 0x0B,
        0xFC, 0x61, 0xB0, 0x58, 0x3C, 0x1E, 0x0F, 0x07, 0x83, 0xC1, 0x61, 0xBF, 0x00,
        /* U+0045 'E' */
        0x45, 0x00, 0x03, 0x06, 0x0B, 0x01, 0x08,
        0xFF, 0x0C, 0x30, 0xC3, 0xFC, 0x30, 0xC3, 0x0F, 0xC0,
        /* U+0046 'F' */
        0x46, 0x00, 0x03, 0x06, 0x0B, 0x01, 0x08,
        0xFF, 0x0C, 0x30, 0xC3, 0xFC, 0x30, 0xC3, 0x0C, 0x00,
        /* U+0047 'G' */
        0x47, 0x00, 0x03, 0x09, 0x0B, 0x01, 0x0B,
        0x1F, 0xB8, 0x18, 0x18, 0x0C, 0x06, 0x3F, 0x07, 0x83, 0xC1, 0xB0, 0xCF, 0xE0,
        /* U+0048 'H' */
        0x48, 0x00, 0x03, 0x09, 0x0B, 0x01, 0x0B,
        0xC1, 0xE0, 0xF0, 0x78, 0x3F, 0xFE, 0x0F, 0x07, 0x83, 0xC1, 0xE0, 0xF0, 0x60,
        /* U+0049 'I' */
        0x49, 0x00, 0x03, 0x01, 0x0B, 0x02, 0x05,
        0xFF, 0xE0,
        /* U+004A 'J' */
        0x4A, 0x00, 0x03, 0x03, 0x0E, 0x00, 0x04,
        0x6D, 0xB6, 0xDB, 0x6D, 0xB7, 0x80,
        /* U+004B 'K' */
        0x4B, 0x00, 0x03, 0x09, 0x0B, 0x01, 0x0A,
        0xC3, 0x61, 0xB1, 0x99, 0x8D, 0x87, 0xC3, 0xB1, 0x9C, 0xC6, 0x61, 0xB0, 0x60,
        /* U+004C 'L' */
        0x4C, 0x00, 0x03, 0x07, 0x0B, 0x01, 0x08,
        0xC1, 0x83, 0x06, 0x0C, 0x18, 0x30, 0x60, 0xC1, 0x83, 0xF8,
        /* U+004D 'M' */
        0x4D, 0x00, 0x03, 0x0C, 0x0B, 0x01, 0x0E,
        0xE0, 0x7E, 0x07, 0xF0, 0xFD, 0x0B, 0xD0, 0xBD, 0x9B, 0xC9, 0x3C, 0xF3, 0xCF, 0x3C, 0x63, 0xC6, 0x30,
        /* U+004E 'N' */
        0x4E, 0x00, 0x03, 0x0A, 0x0B, 0x01, 0x0C,
        0xE0, 0xFC, 0x3F, 0x0F, 0x63, 0xD8, 0xF3, 0x3C, 0x6F, 0x1B, 0xC3, 0xF0, 0xFC, 0x1C,
        /* U+004F 'O' */
        0x4F, 0x00, 0x03, 0x0A, 0x0B, 0x01, 0x0C,
        0x3F, 0x18, 0x6C, 0x0B, 0x03, 0xC0, 0xF0, 0x3C, 0x0F, 0x03, 0x40, 0x98, 0x63, 0xE0,
        /* U+0050 'P' */
        0x50, 0x00, 0x03, 0x07, 0x0B, 0x01, 0x09,
        0xFD, 0x8F, 0x1E, 0x3C, 0x7F, 0xB0, 0x60, 0xC1, 0x83, 0x00,
        /* U+0051 'Q' */
        0x51, 0x00, 0x03, 0x0A, 0x0D, 0x01, 0x0C,
        0x3F, 0x18, 0x6C, 0x0B, 0x03, 0xC0, 0xF0, 0x3C, 0x0F, 0x03, 0x40, 0x98, 0x63, 0xE0, 0x0C, 0x01, 0x80,
        /* U+0052 'R' */
        0x52, 0x00, 0x03, 0x09, 0x0B, 0x01, 0x0A,
        0xFC, 0x63, 0xB0, 0xD8, 0x6C, 0x67, 0xE3, 0x31, 0x8C, 0xC6, 0x61, 0xB0, 0x60,
        /* U+0053 'S' */
        0x53, 0x00, 0x03, 0x06, 0x0B, 0x01, 0x08,
        0x7F, 0x1C, 0x30, 0xE1, 0xE1, 0xC1, 0x04, 0x3F, 0x80,
        /* U+0054 'T' */
        0x54, 0x00, 0x03, 0x08, 0x0B, 0x00, 0x08,
        0xFF, 0x18, 0x18, 0x18, 0x18, 0x18, 0x18, 0x18, 0x18, 0x18, 0x18,
        /* U+0055 'U' */
        0x55, 0x00, 0x03, 0x09, 0x0B, 0x01, 0x0B,
        0xC1, 0xE0, 0xF0, 0x78, 0x3C, 0x1E, 0x0F, 0x07, 0x83, 0x41, 0x31, 0x8F, 0x80,
        /* U+0056 'V' */
        0x56, 0x00, 0x03, 0x09, 0x0B, 0x00, 0x09,
        0xC1, 0xE0, 0xD8, 0xCC, 0x66, 0x31, 0x30, 0xD8, 0x6C, 0x14, 0x0E, 0x07, 0x00,
        /* U+0057 'W' */
        0x57, 0x00, 0x03, 0x0E, 0x0B, 0x00, 0x0E,
        0xC3, 0x0F, 0x0C, 0x34, 0x78, 0x99, 0xE6, 0x65, 0x99, 0x92, 0x62, 0xCD, 0x0F, 0x3C, 0x38, 0x70, 0xE1, 0xC1, 0x86, 0x00,
        /* U+0058 'X' */
        0x58, 0x00, 0x03, 0x09, 0x0B, 0x00, 0x09,
        0x41, 0x31, 0x8D, 0x86, 0xC1, 0xC0, 0xE0, 0x70, 0x6C, 0x22, 0x31, 0xB0, 0x60,
        /* U+0059 'Y' */
        0x59, 0x00, 0x03, 0x09, 0x0B, 0x00, 0x09,
        0xC1, 0xB1, 0x98, 0xC6, 0xC3, 0x60, 0xE0, 0x60, 0x10, 0x08, 0x04, 0x02, 0x00,
        /* U+005A 'Z' */
        0x5A, 0x00, 0x03, 0x09, 0x0B, 0x00, 0x09,
        0x7F, 0x01, 0x81, 0x80, 0xC0, 0xC0, 0xC0, 0x60, 0x60, 0x30, 0x30, 0x3F, 0xE0,
        /* U+005B '[' */
        0x5B, 0x00, 0x03, 0x04, 0x0D, 0x01, 0x05,
        0xFC, 0xCC, 0xCC, 0xCC, 0xCC, 0xCC, 0xF0,
        /* U+005C '\' */
        0x5C, 0x00, 0x03, 0x06, 0x0B, 0x00, 0x06,
        0xC1, 0x06, 0x18, 0x20, 0xC1, 0x06, 0x18, 0x20, 0xC0,
        /* U+005D ']' */
        0x5D, 0x00, 0x03, 0x04, 0x0D, 0x00, 0x05,
        0xF3, 0x33, 0x33, 0x33, 0x33, 0x33, 0xF0,
        /* U+005E '^' */
        0x5E, 0x00, 0x03, 0x08, 0x07, 0x00, 0x08,
        0x18, 0x18, 0x3C, 0x24, 0x66, 0x42, 0xC3,
        /* U+005F '_' */
        0x5F, 0x00, 0x0E, 0x06, 0x01, 0x00, 0x06,
        0xFC,
        /* U+0060 '`' */
        0x60, 0x00, 0x03, 0x03, 0x02, 0x03, 0x09,
        0xCC,
        /* U+0061 'a' */
        0x61, 0x00, 0x06, 0x07, 0x08, 0x01, 0x09,
        0x7C, 0x0C, 0x1B, 0xFC, 0x70, 0xF3, 0xBB,
        /* U+0062 'b' */
        0x62, 0x00, 0x02, 0x07, 0x0C, 0x01, 0x09,
        0xC1, 0x83, 0x06, 0x0F, 0xD8, 0xF1, 0xE3, 0xC7, 0x8F, 0x1F, 0xE0,
        /* U+0063 'c' */
        0x63, 0x00, 0x06, 0x05, 0x08, 0x01, 0x07,
        0x7E, 0x31, 0x08, 0x63, 0x0F,
        /* U+0064 'd' */
        0x64, 0x00, 0x02, 0x07, 0x0C, 0x01, 0x09,
        0x06, 0x0C, 0x18, 0x37, 0xF8, 0xF1, 0xE3, 0x87, 0x8F, 0x1B, 0xF0,
        /* U+0065 'e' */
        0x65, 0x00, 0x06, 0x07, 0x08, 0x01, 0x09,
        0x3D, 0x8F, 0x0F, 0xFC, 0x18, 0x30, 0x1F,
        /* U+0066 'f' */
        0x66, 0x00, 0x02, 0x06, 0x0C, 0x00, 0x06,
        0x3C, 0x82, 0x18, 0xF9, 0x86, 0x18, 0x61, 0x86, 0x18,
        /* U+0067 'g' */
        0x67, 0x00, 0x06, 0x08, 0x0C, 0x00, 0x08,
        0x3F, 0x66, 0x46, 0x46, 0x64, 0x3C, 0x60, 0x3E, 0xC3, 0xC3, 0xC6, 0x7C,
        /* U+0068 'h' */
        0x68, 0x00, 0x02, 0x08, 0x0C, 0x01, 0x0A,
        0xC0, 0xC0, 0xC0, 0xC0, 0xDE, 0xE3, 0xC3, 0xC3, 0xC3, 0xC3, 0xC3, 0xC3,
        /* U+0069 'i' */
        0x69, 0x00, 0x02, 0x02, 0x0C, 0x01, 0x04,
        0xF0, 0xFF, 0xFF,
        /* U+006A 'j' */
        0x6A, 0x00, 0x02, 0x04, 0x10, 0x00, 0x04,
        0x33, 0x00, 0x33, 0x33, 0x33, 0x33, 0x33, 0x3E,
        /* U+006B 'k' */
        0x6B, 0x00, 0x02, 0x08, 0x0C, 0x01, 0x09,
        0xC0, 0xC0, 0xC0, 0xC0, 0xC6, 0xCC, 0xD8, 0xF0, 0xF8, 0xCC, 0xC6, 0xC3,
        /* U+006C 'l' */
        0x6C, 0x00, 0x02, 0x02, 0x0C, 0x01, 0x04,
        0xFF, 0xFF, 0xFF,
        /* U+006D 'm' */
        0x6D, 0x00, 0x06, 0x0C, 0x08, 0x01, 0x0E,
        0xFD, 0xEC, 0x63, 0xC6, 0x3C, 0x63, 0xC6, 0x3C, 0x63, 0xC6, 0x3C, 0x63,
        /* U+006E 'n' */
        0x6E, 0x00, 0x06, 0x08, 0x08, 0x01, 0x0A,
        0xDE, 0xE3, 0xC3, 0xC3, 0xC3, 0xC3, 0xC3, 0xC3,
        /* U+006F 'o' */
        0x6F, 0x00, 0x06, 0x07, 0x08, 0x01, 0x09,
        0x7D, 0x8F, 0x1E, 0x3C, 0x78, 0xF1, 0xBE,
        /* U+0070 'p' */
        0x70, 0x00, 0x06, 0x07, 0x0C, 0x01, 0x09,
        0xFD, 0x8F, 0x1E, 0x3C, 0x78, 0xF1, 0xFE, 0xC1, 0x83, 0x06, 0x00,
        /* U+0071 'q' */
        0x71, 0x00, 0x06, 0x07, 0x0C, 0x01, 0x09,
        0x7F, 0x8F, 0x1E, 0x38, 0x78, 0xF1, 0xBF, 0x06, 0x0C, 0x18, 0x30,
        /* U+0072 'r' */
        0x72, 0x00, 0x06, 0x05, 0x08, 0x01, 0x06,
        0xDF, 0xF1, 0x8C, 0x63, 0x18,
        /* U+0073 's' */
        0x73, 0x00, 0x06, 0x05, 0x08, 0x01, 0x07,
        0x7E, 0x31, 0xE3, 0x84, 0x3E,
        /* U+0074 't' */
        0x74, 0x00, 0x04, 0x06, 0x0A, 0x00, 0x06,
        0x20, 0x8F, 0xD8, 0x61, 0x86, 0x18, 0x20, 0xF0,
        /* U+0075 'u' */
        0x75, 0x00, 0x06, 0x08, 0x08, 0x01, 0x0A,
        0xC3, 0xC3, 0xC3, 0xC3, 0xC3, 0xC3, 0xC7, 0x7B,
        /* U+0076 'v' */
        0x76, 0x00, 0x06, 0x08, 0x08, 0x00, 0x08,
        0xC3, 0x42, 0x66, 0x66, 0x24, 0x3C, 0x38, 0x18,
        /* U+0077 'w' */
        0x77, 0x00, 0x06, 0x0C, 0x08, 0x00, 0x0C,
        0xC6, 0x34, 0x62, 0x6F, 0x66, 0xF6, 0x69, 0x62, 0x94, 0x39, 0xC3, 0x0C,
        /* U+0078 'x' */
        0x78, 0x00, 0x06, 0x06, 0x08, 0x01, 0x08,
        0xCF, 0x37, 0x8C, 0x31, 0xEC, 0xE1,
        /* U+0079 'y' */
        0x79, 0x00, 0x06, 0x08, 0x0C, 0x00, 0x08,
        0xC3, 0x42, 0x66, 0x66, 0x24, 0x3C, 0x1C, 0x18, 0x18, 0x18, 0x30, 0xE0,
        /* U+007A 'z' */
        0x7A, 0x00, 0x06, 0x06, 0x08, 0x00, 0x07,
        0x7C, 0x31, 0x86, 0x30, 0x86, 0x3F,
        /* U+007B '{' */
        0x7B, 0x00, 0x03, 0x06, 0x0D, 0x00, 0x06,
        0x1C, 0xE3, 0x0C, 0x30, 0xCE, 0x1C, 0x30, 0xC3, 0x0E, 0x1C,
        /* U+007C '|' */
        0x7C, 0x00, 0x01, 0x02, 0x10, 0x03, 0x08,
        0xFF, 0xFF, 0xFF, 0xFF,
        /* U+007D '}' */
        0x7D, 0x00, 0x03, 0x06, 0x0D, 0x00, 0x06,
        0xE1, 0xC3, 0x0C, 0x30, 0xC1, 0xCE, 0x30, 0xC3, 0x1C, 0xE0,
        /* U+007E '~' */
        0x7E, 0x00, 0x07, 0x07, 0x02, 0x01, 0x09,
        0xF3, 0x3C,
        /* U+007F '' */
        0x7F, 0x00, 0x03, 0x07, 0x0B, 0x01, 0x09,
        0xFF, 0x06, 0x0C, 0x18, 0x30, 0x60, 0xC1, 0x83, 0x07, 0xF8,
        /* U+0080 '' */
        0x80, 0x00, 0x03, 0x07, 0x0B, 0x01, 0x09,
        0xFF, 0x06, 0x0C, 0x18, 0x30, 0x60, 0xC1, 0x83, 0x07, 0xF8,
        /* U+0081 '' */
        0x81, 0x00, 0x03, 0x07, 0x0B, 0x01, 0x09,
        0xFF, 0x06, 0x0C, 0x18, 0x30, 0x60, 0xC1, 0x83, 0x07, 0xF8,
        /* U+0082 '' */
        0x82, 0x00, 0x03, 0x07, 0x0B, 0x01, 0x09,
        0xFF, 0x06, 0x0C, 0x18, 0x30, 0x60, 0xC1, 0x83, 0x07, 0xF8,
        /* U+0083 '' */
        0x83, 0x00, 0x03, 0x07, 0x0B, 0x01, 0x09,
        0xFF, 0x06, 0x0C, 0x18, 0x30, 0x60, 0xC1, 0x83, 0x07, 0xF8,
        /* U+0084 '' */
        0x84, 0x00, 0x03, 0x07, 0x0B, 0x01, 0x09,
        0xFF, 0x06, 0x0C, 0x18, 0x30, 0x60, 0xC1, 0x83, 0x07, 0xF8,
        /* U+0085 '' */
        0x85, 0x00, 0x03, 0x07, 0x0B, 0x01, 0x09,
        0xFF, 0x06, 0x0C, 0x18, 0x30, 0x60, 0xC1, 0x83, 0x07, 0xF8,
        /* U+0086 '' */
        0x86, 0x00, 0x03, 0x07, 0x0B, 0x01, 0x09,
        0xFF, 0x06, 0x0C, 0x18, 0x30, 0x60, 0xC1, 0x83, 0x07, 0xF8,
        /* U+0087 '' */
        0x87, 0x00, 0x03, 0x07, 0x0B, 0x01, 0x09,
        0xFF, 0x06, 0x0C, 0x18, 0x30, 0x60, 0xC1, 0x83, 0x07, 0xF8,
        /* U+0088 '' */
        0x88, 0x00, 0x03, 0x07, 0x0B, 0x01, 0x09,
        0xFF, 0x06, 0x0C, 0x18, 0x30, 0x60, 0xC1, 0x83, 0x07, 0xF8,
        /* U+0089 '' */
        0x89, 0x00, 0x03, 0x07, 0x0B, 0x01, 0x09,
        0xFF, 0x06, 0x0C, 0x18, 0x30, 0x60, 0xC1, 0x83, 0x07, 0xF8,
        /* U+008A '' */
        0x8A, 0x00, 0x03, 0x07, 0x0B, 0x01, 0x09,
        0xFF, 0x06, 0x0C, 0x18, 0x30, 0x60, 0xC1, 0x83, 0x07, 0xF8,
        /* U+008B '' */
        0x8B, 0x00, 0x03, 0x07, 0x0B, 0x01, 0x09,
        0xFF, 0x06, 0x0C, 0x18, 0x30, 0x60, 0xC1, 0x83, 0x07, 0xF8,
        /* U+008C '' */
        0x8C, 0x00, 0x03, 0x07, 0x0B, 0x01, 0x09,
        0xFF, 0x06, 0x0C, 0x18, 0x30, 0x60, 0xC1, 0x83, 0x07, 0xF8,
        /* U+008D '' */
        0x8D, 0x00, 0x03, 0x07, 0x0B, 0x01, 0x09,
        0xFF, 0x06, 0x0C, 0x18, 0x30, 0x60, 0xC1, 0x83, 0x07, 0xF8,
        /* U+008E '' */
        0x8E, 0x00, 0x03, 0x07, 0x0B, 0x01, 0x09,
        0xFF, 0x06, 0x0C, 0x18, 0x30, 0x60, 0xC1, 0x83, 0x07, 0xF8,
        /* U+008F '' */
        0x8F, 0x00, 0x03, 0x07, 0x0B, 0x01, 0x09,
        0xFF, 0x06, 0x0C, 0x18, 0x30, 0x60, 0xC1, 0x83, 0x07, 0xF8,
        /* U+0090 '' */
        0x90, 0x00, 0x03, 0x07, 0x0B, 0x01, 0x09,
        0xFF, 0x06, 0x0C, 0x18, 0x30, 0x60, 0xC1, 0x83, 0x07, 0xF8,
        /* U+0091 '' */
        0x91, 0x00, 0x03, 0x07, 0x0B, 0x01, 0x09,
        0xFF, 0x06, 0x0C, 0x18, 0x30, 0x60, 0xC1, 0x83, 0x07, 0xF8,
        /* U+0092 '' */
        0x92, 0x00, 0x03, 0x07, 0x0B, 0x01, 0x09,
        0xFF, 0x06, 0x0C, 0x18, 0x30, 0x60, 0xC1, 0x83, 0x07, 0xF8,
        /* U+0093 '' */
        0x93, 0x00, 0x03, 0x07, 0x0B, 0x01, 0x09,
        0xFF, 0x06, 0x0C, 0x18, 0x30, 0x60, 0xC1, 0x83, 0x07, 0xF8,
        /* U+0094 '' */
        0x94, 0x00, 0x03, 0x07, 0x0B, 0x01, 0x09,
        0xFF, 0x06, 0x0C, 0x18, 0x30, 0x60, 0xC1, 0x83, 0x07, 0xF8,
        /* U+0095 '' */
        0x95, 0x00, 0x03, 0x07, 0x0B, 0x01, 0x09,
        0xFF, 0x06, 0x0C, 0x18, 0x30, 0x60, 0xC1, 0x83, 0x07, 0xF8,
        /* U+0096 '' */
        0x96, 0x00, 0x03, 0x07, 0x0B, 0x01, 0x09,
        0xFF, 0x06, 0x0C, 0x18, 0x30, 0x60, 0xC1, 0x83, 0x07, 0xF8,
        /* U+0097 '' */
        0x97, 0x00, 0x03, 0x07, 0x0B, 0x01, 0x09,
        0xFF, 0x06, 0x0C, 0x18, 0x30, 0x60, 0xC1, 0x83, 0x07, 0xF8,
        /* U+0098 '' */
        0x98, 0x00, 0x03, 0x07, 0x0B, 0x01, 0x09,
        0xFF, 0x06, 0x0C, 0x18, 0x30, 0x60, 0xC1, 0x83, 0x07, 0xF8,
        /* U+0099 '' */
        0x99, 0x00, 0x03, 0x07, 0x0B, 0x01, 0x09,
        0xFF, 0x06, 0x0C, 0x18, 0x30, 0x60, 0xC1, 0x83, 0x07, 0xF8,
        /* U+009A '' */
        0x9A, 0x00, 0x03, 0x07, 0x0B, 0x01, 0x09,
        0xFF, 0x06, 0x0C, 0x18, 0x30, 0x60, 0xC1, 0x83, 0x07, 0xF8,
        /* U+009B '' */
        0x9B, 0x00, 0x03, 0x07, 0x0B, 0x01, 0x09,
        0xFF, 0x06, 0x0C, 0x18, 0x30, 0x60, 0xC1, 0x83, 0x07, 0xF8,
        /* U+009C '' */
        0x9C, 0x00, 0x03, 0x07, 0x0B, 0x01, 0x09,
        0xFF, 0x06, 0x0C, 0x18, 0x30, 0x60, 0xC1, 0x83, 0x07, 0xF8,
        /* U+009D '' */
        0x9D, 0x00, 0x03, 0x07, 0x0B, 0x01, 0x09,
        0xFF, 0x06, 0x0C, 0x18, 0x30, 0x60, 0xC1, 0x83, 0x07, 0xF8,
        /* U+009E '' */
        0x9E, 0x00, 0x03, 0x07, 0x0B, 0x01, 0x09,
        0xFF, 0x06, 0x0C, 0x18, 0x30, 0x60, 0xC1, 0x83, 0x07, 0xF8,
        /* U+009F '' */
        0x9F, 0x00, 0x03, 0x07, 0x0B, 0x01, 0x09,
        0xFF, 0x06, 0x0C, 0x18, 0x30, 0x60, 0xC1, 0x83, 0x07, 0xF8,
        /* U+00A0 ' ' */
        0xA0, 0x00, 0x00, 0x00, 0x00, 0x00, 0x04,
        
        /* U+00A1 '¡' */
        0xA1, 0x00, 0x06, 0x02, 0x0B, 0x01, 0x04,
        0xF3, 0xFF, 0xFC,
        /* U+00A2 '¢' */
        0xA2, 0x00, 0x03, 0x07, 0x0B, 0x01, 0x09,
        0x18, 0x7D, 0x82, 0x0C, 0x18, 0x30, 0x20, 0x60, 0x7C, 0x60,
        /* U+00A3 '£' */
        0xA3, 0x00, 0x03, 0x08, 0x0B, 0x01, 0x09,
        0x3E, 0x60, 0x60, 0x60, 0x60, 0xFC, 0x60, 0x60, 0x60, 0xC0, 0xFF,
        /* U+00A4 '¤' */
        0xA4, 0x00, 0x04, 0x07, 0x06, 0x01, 0x09,
        0xFE, 0xCB, 0x1E, 0x36, 0x5F, 0xC0,
        /* U+00A5 '¥' */
        0xA5, 0x00, 0x03, 0x09, 0x0B, 0x00, 0x09,
        0xC1, 0xB1, 0x98, 0xC6, 0xC3, 0x60, 0xE1, 0xFC, 0x10, 0x7F, 0x04, 0x02, 0x00,
        /* U+00A6 '¦' */
        0xA6, 0x00, 0x02, 0x02, 0x10, 0x03, 0x08,
        0xFF, 0xF0, 0x0F, 0xFF,
        /* U+00A7 '§' */
        0xA7, 0x00, 0x02, 0x06, 0x0C, 0x01, 0x08,
        0x7F, 0x0C, 0x1C, 0xDA, 0x3C, 0x5F, 0x1C, 0x30, 0xFE,
        /* U+00A8 '¨' */
        0xA8, 0x00, 0x03, 0x05, 0x02, 0x02, 0x09,
        0xDE, 0xC0,
        /* U+00A9 '©' */
        0xA9, 0x00, 0x03, 0x0A, 0x0B, 0x01, 0x0C,
        0x1E, 0x18, 0x64, 0xEA, 0x41, 0xB0, 0x6C, 0x1B, 0x06, 0x41, 0x4E, 0x98, 0x61, 0xE0,
        /* U+00AA 'ª' */
        0xAA, 0x00, 0x03, 0x05, 0x05, 0x00, 0x06,
        0x78, 0x5F, 0x97, 0x80,
        /* U+00AB '«' */
        0xAB, 0x00, 0x07, 0x06, 0x07, 0x01, 0x08,
        0x25, 0xBD, 0xA6, 0xD9, 0xB2, 0x40,
        /* U+00AC '¬' */
        0xAC, 0x00, 0x08, 0x07, 0x04, 0x01, 0x09,
        0xFE, 0x04, 0x08, 0x10,
        /* U+00AD '­' */
        0xAD, 0x00, 0x09, 0x03, 0x01, 0x01, 0x05,
        0xE0,
        /* U+00AE '®' */
        0xAE, 0x00, 0x03, 0x0A, 0x0B, 0x01, 0x0C,
        0x1E, 0x18, 0x65, 0xEA, 0x49, 0x92, 0x67, 0x99, 0x46, 0x49, 0x52, 0x98, 0x61, 0xE0,
        /* U+00AF '¯' */
        0xAF, 0x00, 0x01, 0x08, 0x01, 0x00, 0x08,
        0xFF,
        /* U+00B0 '°' */
        0xB0, 0x00, 0x03, 0x04, 0x05, 0x01, 0x06,
        0x69, 0x99, 0x60,
        /* U+00B1 '±' */
        0xB1, 0x00, 0x05, 0x07, 0x09, 0x01, 0x09,
        0x10, 0x20, 0x47, 0xF1, 0x02, 0x04, 0x00, 0xFE,
        /* U+00B2 '²' */
        0xB2, 0x00, 0x03, 0x05, 0x06, 0x00, 0x05,
        0x70, 0x84, 0x44, 0x7C,
        /* U+00B3 '³' */
        0xB3, 0x00, 0x03, 0x04, 0x06, 0x00, 0x05,
        0x71, 0x61, 0x1F,
        /* U+00B4 '´' */
        0xB4, 0x00, 0x03, 0x03, 0x02, 0x03, 0x09,
        0x78,
        /* U+00B5 'µ' */
        0xB5, 0x00, 0x06, 0x08, 0x0C, 0x01, 0x0A,
        0xC3, 0xC3, 0xC3, 0xC3, 0xC3, 0xC3, 0xC7, 0xFB, 0xC0, 0xC0, 0xC0, 0xC0,
        /* U+00B6 '¶' */
        0xB6, 0x00, 0x03, 0x08, 0x0D, 0x01, 0x0A,
        0x7F, 0xF9, 0xF9, 0xF9, 0xF9, 0xF9, 0x79, 0x09, 0x09, 0x09, 0x09, 0x09, 0x09,
        /* U+00B7 '·' */
        0xB7, 0x00, 0x08, 0x02, 0x02, 0x01, 0x04,
        0xF0,
        /* U+00B8 '¸' */
        0xB8, 0x00, 0x0E, 0x03, 0x04, 0x00, 0x03,
        0x5C, 0xE0,
        /* U+00B9 '¹' */
        0xB9, 0x00, 0x03, 0x03, 0x06, 0x01, 0x05,
        0x7D, 0xB6, 0xC0,
        /* U+00BA 'º' */
        0xBA, 0x00, 0x03, 0x06, 0x05, 0x00, 0x06,
        0x79, 0x2C, 0xD2, 0x78,
        /* U+00BB '»' */
        0xBB, 0x00, 0x07, 0x06, 0x07, 0x01, 0x08,
        0x93, 0x66, 0xC9, 0x6F, 0x69, 0x00,
        /* U+00BC '¼' */
        0xBC, 0x00, 0x03, 0x0A, 0x0B, 0x01, 0x0C,
        0x61, 0xB8, 0x46, 0x21, 0x98, 0x64, 0x1B, 0x60, 0x98, 0x6A, 0x12, 0x89, 0xF6, 0x08,
        /* U+00BD '½' */
        0xBD, 0x00, 0x03, 0x0B, 0x0B, 0x01, 0x0C,
        0x61, 0x9C, 0x21, 0x88, 0x33, 0x06, 0x40, 0xDB, 0x82, 0x10, 0xC2, 0x10, 0x84, 0x21, 0x8F, 0x80,
        /* U+00BE '¾' */
        0xBE, 0x00, 0x03, 0x0C, 0x0B, 0x00, 0x0C,
        0x70, 0x61, 0x04, 0x60, 0x81, 0x18, 0x11, 0x0F, 0x36, 0x02, 0x60, 0x6A, 0x04, 0xA0, 0x9F, 0x18, 0x20,
        /* U+00BF '¿' */
        0xBF, 0x00, 0x06, 0x07, 0x0B, 0x00, 0x07,
        0x18, 0x30, 0x00, 0xC1, 0x86, 0x18, 0x60, 0xC0, 0x80, 0xF8,
        /* U+00C0 'À' */
        0xC0, 0x00, 0x00, 0x0A, 0x0E, 0x00, 0x0A,
        0x18, 0x03, 0x00, 0x00, 0x30, 0x1E, 0x07, 0x81, 0x20, 0xCC, 0x33, 0x0F, 0xC6, 0x19, 0x86, 0x40, 0xB0, 0x30,
        /* U+00C1 'Á' */
        0xC1, 0x00, 0x00, 0x0A, 0x0E, 0x00, 0x0A,
        0x06, 0x03, 0x00, 0x00, 0x30, 0x1E, 0x07, 0x81, 0x20, 0xCC, 0x33, 0x0F, 0xC6, 0x19, 0x86, 0x40, 0xB0, 0x30,
        /* U+00C2 'Â' */
        0xC2, 0x00, 0x00, 0x0A, 0x0E, 0x00, 0x0A,
        0x1C, 0x0D, 0x80, 0x00, 0x30, 0x1E, 0x07, 0x81, 0x20, 0xCC, 0x33, 0x0F, 0xC6, 0x19, 0x86, 0x40, 0xB0, 0x30,
        /* U+00C3 'Ã' */
        0xC3, 0x00, 0x00, 0x0A, 0x0E, 0x00, 0x0A,
        0x3A, 0x0B, 0x80, 0x00, 0x30, 0x1E, 0x07, 0x81, 0x20, 0xCC, 0x33, 0x0F, 0xC6, 0x19, 0x86, 0x40, 0xB0, 0x30,
        /* U+00C4 'Ä' */
        0xC4, 0x00, 0x00, 0x0A, 0x0E, 0x00, 0x0A,
        0x1B, 0x06, 0xC0, 0x00, 0x30, 0x1E, 0x07, 0x81, 0x20, 0xCC, 0x33, 0x0F, 0xC6, 0x19, 0x86, 0x40, 0xB0, 0x30,
        /* U+00C5 'Å' */
        0xC5, 0x00, 0x00, 0x0A, 0x0D, 0x00, 0x0A,
        0x0E, 0x02, 0x80, 0xE0, 0x78, 0x1E, 0x04, 0x83, 0x30, 0xCC, 0x3F, 0x18, 0x66, 0x19, 0x02, 0xC0, 0xC0,
        /* U+00C6 'Æ' */
        0xC6, 0x00, 0x03, 0x0D, 0x0B, 0x00, 0x0E,
        0x07, 0xF8, 0x6C, 0x02, 0x60, 0x33, 0x01, 0x98, 0x08, 0xFC, 0xFE, 0x04, 0x30, 0x61, 0x82, 0x0C, 0x30, 0x7E,
        /* U+00C7 'Ç' */
        0xC7, 0x00, 0x03, 0x08, 0x0F, 0x01, 0x0A,
        0x1F, 0x61, 0x40, 0xC0, 0xC0, 0xC0, 0xC0, 0xC0, 0x40, 0x60, 0x1F, 0x08, 0x1C, 0x04, 0x18,
        /* U+00C8 'È' */
        0xC8, 0x00, 0x00, 0x06, 0x0E, 0x01, 0x08,
        0x60, 0xC0, 0x3F, 0xC3, 0x0C, 0x30, 0xFF, 0x0C, 0x30, 0xC3, 0xF0,
        /* U+00C9 'É' */
        0xC9, 0x00, 0x00, 0x06, 0x0E, 0x01, 0x08,
        0x0C, 0x60, 0x3F, 0xC3, 0x0C, 0x30, 0xFF, 0x0C, 0x30, 0xC3, 0xF0,
        /* U+00CA 'Ê' */
        0xCA, 0x00, 0x00, 0x06, 0x0E, 0x01, 0x08,
        0x39, 0xB0, 0x3F, 0xC3, 0x0C, 0x30, 0xFF, 0x0C, 0x30, 0xC3, 0xF0,
        /* U+00CB 'Ë' */
        0xCB, 0x00, 0x00, 0x06, 0x0E, 0x01, 0x08,
        0x6D, 0xB0, 0x3F, 0xC3, 0x0C, 0x30, 0xFF, 0x0C, 0x30, 0xC3, 0xF0,
        /* U+00CC 'Ì' */
        0xCC, 0x00, 0x00, 0x03, 0x0E, 0x00, 0x05,
        0xCC, 0x12, 0x49, 0x24, 0x92, 0x40,
        /* U+00CD 'Í' */
        0xCD, 0x00, 0x00, 0x03, 0x0E, 0x02, 0x05,
        0x78, 0x49, 0x24, 0x92, 0x49, 0x00,
        /* U+00CE 'Î' */
        0xCE, 0x00, 0x00, 0x05, 0x0E, 0x00, 0x05,
        0x76, 0xC0, 0x42, 0x10, 0x84, 0x21, 0x08, 0x42, 0x10,
        /* U+00CF 'Ï' */
        0xCF, 0x00, 0x00, 0x05, 0x0E, 0x00, 0x05,
        0xDE, 0xC0, 0x42, 0x10, 0x84, 0x21, 0x08, 0x42, 0x10,
        /* U+00D0 'Ð' */
        0xD0, 0x00, 0x03, 0x0A, 0x0B, 0x00, 0x0B,
        0x7E, 0x18, 0x66, 0x09, 0x83, 0x60, 0xFE, 0x36, 0x0D, 0x83, 0x60, 0x98, 0x67, 0xE0,
        /* U+00D1 'Ñ' */
        0xD1, 0x00, 0x00, 0x0A, 0x0E, 0x01, 0x0C,
        0x3A, 0x0B, 0x80, 0x03, 0x83, 0xF0, 0xFC, 0x3D, 0x8F, 0x63, 0xCC, 0xF1, 0xBC, 0x6F, 0x0F, 0xC3, 0xF0, 0x70,
        /* U+00D2 'Ò' */
        0xD2, 0x00, 0x00, 0x0A, 0x0E, 0x01, 0x0C,
        0x18, 0x03, 0x00, 0x00, 0xFC, 0x61, 0xB0, 0x2C, 0x0F, 0x03, 0xC0, 0xF0, 0x3C, 0x0D, 0x02, 0x61, 0x8F, 0x80,
        /* U+00D3 'Ó' */
        0xD3, 0x00, 0x00, 0x0A, 0x0E, 0x01, 0x0C,
        0x06, 0x03, 0x00, 0x00, 0xFC, 0x61, 0xB0, 0x2C, 0x0F, 0x03, 0xC0, 0xF0, 0x3C, 0x0D, 0x02, 0x61, 0x8F, 0x80,
        /* U+00D4 'Ô' */
        0xD4, 0x00, 0x00, 0x0A, 0x0E, 0x01, 0x0C,
        0x1C, 0x0D, 0x80, 0x00, 0xFC, 0x61, 0xB0, 0x2C, 0x0F, 0x03, 0xC0, 0xF0, 0x3C, 0x0D, 0x02, 0x61, 0x8F, 0x80,
        /* U+00D5 'Õ' */
        0xD5, 0x00, 0x00, 0x0A, 0x0E, 0x01, 0x0C,
        0x3A, 0x0B, 0x80, 0x00, 0xFC, 0x61, 0xB0, 0x2C, 0x0F, 0x03, 0xC0, 0xF0, 0x3C, 0x0D, 0x02, 0x61, 0x8F, 0x80,
        /* U+00D6 'Ö' */
        0xD6, 0x00, 0x00, 0x0A, 0x0E, 0x01, 0x0C,
        0x36, 0x0D, 0x80, 0x00, 0xFC, 0x61, 0xB0, 0x2C, 0x0F, 0x03, 0xC0, 0xF0, 0x3C, 0x0D, 0x02, 0x61, 0x8F, 0x80,
        /* U+00D7 '×' */
        0xD7, 0x00, 0x06, 0x07, 0x05, 0x01, 0x09,
        0xC6, 0xD8, 0xE3, 0x6C, 0x60,
        /* U+00D8 'Ø' */
        0xD8, 0x00, 0x02, 0x0A, 0x0B, 0x01, 0x0C,
        0x1E, 0x98, 0x6C, 0x3B, 0x1B, 0xC4, 0xF3, 0x3C, 0x8F, 0x43, 0xF0, 0x98, 0x67, 0xE0,
        /* U+00D9 'Ù' */
        0xD9, 0x00, 0x00, 0x09, 0x0E, 0x01, 0x0B,
        0x30, 0x0C, 0x00, 0x18, 0x3C, 0x1E, 0x0F, 0x07, 0x83, 0xC1, 0xE0, 0xF0, 0x68, 0x26, 0x31, 0xF0,
        /* U+00DA 'Ú' */
        0xDA, 0x00, 0x00, 0x09, 0x0E, 0x01, 0x0B,
        0x06, 0x06, 0x00, 0x18, 0x3C, 0x1E, 0x0F, 0x07, 0x83, 0xC1, 0xE0, 0xF0, 0x68, 0x26, 0x31, 0xF0,
        /* U+00DB 'Û' */
        0xDB, 0x00, 0x00, 0x09, 0x0E, 0x01, 0x0B,
        0x1C, 0x1B, 0x00, 0x18, 0x3C, 0x1E, 0x0F, 0x07, 0x83, 0xC1, 0xE0, 0xF0, 0x68, 0x26, 0x31, 0xF0,
        /* U+00DC 'Ü' */
        0xDC, 0x00, 0x00, 0x09, 0x0E, 0x01, 0x0B,
        0x36, 0x1B, 0x00, 0x18, 0x3C, 0x1E, 0x0F, 0x07, 0x83, 0xC1, 0xE0, 0xF0, 0x68, 0x26, 0x31, 0xF0,
        /* U+00DD 'Ý' */
        0xDD, 0x00, 0x00, 0x09, 0x0E, 0x00, 0x09,
        0x06, 0x06, 0x00, 0x18, 0x36, 0x33, 0x18, 0xD8, 0x6C, 0x1C, 0x0C, 0x02, 0x01, 0x00, 0x80, 0x40,
        /* U+00DE 'Þ' */
        0xDE, 0x00, 0x03, 0x07, 0x0B, 0x01, 0x09,
        0xC1, 0x83, 0xF6, 0x3C, 0x78, 0xF1, 0xFE, 0xC1, 0x83, 0x00,
        /* U+00DF 'ß' */
        0xDF, 0x00, 0x02, 0x08, 0x0C, 0x01, 0x0A,
        0x3C, 0x46, 0xC2, 0xC6, 0xCC, 0xC8, 0xCC, 0xC7, 0xC3, 0xC1, 0xC3, 0xDE,
        /* U+00E0 'à' */
        0xE0, 0x00, 0x03, 0x07, 0x0B, 0x01, 0x09,
        0x60, 0x60, 0x03, 0xE0, 0x60, 0xDF, 0xE3, 0x87, 0x9D, 0xD8,
        /* U+00E1 'á' */
        0xE1, 0x00, 0x03, 0x07, 0x0B, 0x01, 0x09,
        0x0C, 0x30, 0x03, 0xE0, 0x60, 0xDF, 0xE3, 0x87, 0x9D, 0xD8,
        /* U+00E2 'â' */
        0xE2, 0x00, 0x03, 0x07, 0x0B, 0x01, 0x09,
        0x38, 0xD8, 0x03, 0xE0, 0x60, 0xDF, 0xE3, 0x87, 0x9D, 0xD8,
        /* U+00E3 'ã' */
        0xE3, 0x00, 0x03, 0x07, 0x0B, 0x01, 0x09,
        0x74, 0xB8, 0x03, 0xE0, 0x60, 0xDF, 0xE3, 0x87, 0x9D, 0xD8,
        /* U+00E4 'ä' */
        0xE4, 0x00, 0x03, 0x07, 0x0B, 0x01, 0x09,
        0x6C, 0xD8, 0x03, 0xE0, 0x60, 0xDF, 0xE3, 0x87, 0x9D, 0xD8,
        /* U+00E5 'å' */
        0xE5, 0x00, 0x02, 0x07, 0x0C, 0x01, 0x09,
        0x38, 0x50, 0xE0, 0x07, 0xC0, 0xC1, 0xBF, 0xC7, 0x0F, 0x3B, 0xB0,
        /* U+00E6 'æ' */
        0xE6, 0x00, 0x06, 0x0B, 0x08, 0x01, 0x0D,
        0xFB, 0xC1, 0xCC, 0x10, 0xBF, 0xFC, 0xC1, 0x18, 0x33, 0x87, 0x9F,
        /* U+00E7 'ç' */
        0xE7, 0x00, 0x06, 0x05, 0x0C, 0x01, 0x07,
        0x7E, 0x31, 0x08, 0x63, 0x0F, 0x11, 0xC2, 0x60,
        /* U+00E8 'è' */
        0xE8, 0x00, 0x03, 0x07, 0x0B, 0x01, 0x09,
        0x60, 0x60, 0x01, 0xEC, 0x78, 0x7F, 0xE0, 0xC1, 0x80, 0xF8,
        /* U+00E9 'é' */
        0xE9, 0x00, 0x03, 0x07, 0x0B, 0x01, 0x09,
        0x0C, 0x30, 0x01, 0xEC, 0x78, 0x7F, 0xE0, 0xC1, 0x80, 0xF8,
        /* U+00EA 'ê' */
        0xEA, 0x00, 0x03, 0x07, 0x0B, 0x01, 0x09,
        0x38, 0xD8, 0x01, 0xEC, 0x78, 0x7F, 0xE0, 0xC1, 0x80, 0xF8,
        /* U+00EB 'ë' */
        0xEB, 0x00, 0x03, 0x07, 0x0B, 0x01, 0x09,
        0x6C, 0xD8, 0x01, 0xEC, 0x78, 0x7F, 0xE0, 0xC1, 0x80, 0xF8,
        /* U+00EC 'ì' */
        0xEC, 0x00, 0x03, 0x03, 0x0B, 0x00, 0x04,
        0xCC, 0x36, 0xDB, 0x6D, 0x80,
        /* U+00ED 'í' */
        0xED, 0x00, 0x03, 0x03, 0x0B, 0x01, 0x04,
        0x78, 0x6D, 0xB6, 0xDB, 0x00,
        /* U+00EE 'î' */
        0xEE, 0x00, 0x03, 0x05, 0x0B, 0x00, 0x05,
        0x76, 0xC0, 0xC6, 0x31, 0x8C, 0x63, 0x18,
        /* U+00EF 'ï' */
        0xEF, 0x00, 0x03, 0x05, 0x0B, 0x00, 0x05,
        0xDE, 0xC0, 0xC6, 0x31, 0x8C, 0x63, 0x18,
        /* U+00F0 'ð' */
        0xF0, 0x00, 0x02, 0x07, 0x0C, 0x01, 0x09,
        0x24, 0x30, 0xB0, 0x27, 0xF8, 0xF1, 0xE1, 0x83, 0x8F, 0x1B, 0xE0,
        /* U+00F1 'ñ' */
        0xF1, 0x00, 0x03, 0x08, 0x0B, 0x01, 0x0A,
        0x74, 0x5C, 0x00, 0xDE, 0xE3, 0xC3, 0xC3, 0xC3, 0xC3, 0xC3, 0xC3,
        /* U+00F2 'ò' */
        0xF2, 0x00, 0x03, 0x07, 0x0B, 0x01, 0x09,
        0x30, 0x30, 0x03, 0xEC, 0x78, 0xF1, 0xE3, 0xC7, 0x8D, 0xF0,
        /* U+00F3 'ó' */
        0xF3, 0x00, 0x03, 0x07, 0x0B, 0x01, 0x09,
        0x0C, 0x30, 0x03, 0xEC, 0x78, 0xF1, 0xE3, 0xC7, 0x8D, 0xF0,
        /* U+00F4 'ô' */
        0xF4, 0x00, 0x03, 0x07, 0x0B, 0x01, 0x09,
        0x38, 0xD8, 0x03, 0xEC, 0x78, 0xF1, 0xE3, 0xC7, 0x8D, 0xF0,
        /* U+00F5 'õ' */
        0xF5, 0x00, 0x03, 0x07, 0x0B, 0x01, 0x09,
        0x74, 0xB8, 0x03, 0xEC, 0x78, 0xF1, 0xE3, 0xC7, 0x8D, 0xF0,
        /* U+00F6 'ö' */
        0xF6, 0x00, 0x03, 0x07, 0x0B, 0x01, 0x09,
        0x6C, 0xD8, 0x03, 0xEC, 0x78, 0xF1, 0xE3, 0xC7, 0x8D, 0xF0,
        /* U+00F7 '÷' */
        0xF7, 0x00, 0x05, 0x07, 0x07, 0x01, 0x09,
        0x10, 0x20, 0x07, 0xF0, 0x02, 0x04, 0x00,
        /* U+00F8 'ø' */
        0xF8, 0x00, 0x05, 0x07, 0x08, 0x01, 0x09,
        0x7F, 0x9F, 0x3E, 0xFD, 0x7C, 0xF9, 0xFE,
        /* U+00F9 'ù' */
        0xF9, 0x00, 0x03, 0x08, 0x0B, 0x01, 0x0A,
        0x60, 0x30, 0x00, 0xC3, 0xC3, 0xC3, 0xC3, 0xC3, 0xC3, 0xC7, 0x7B,
        /* U+00FA 'ú' */
        0xFA, 0x00, 0x03, 0x08, 0x0B, 0x01, 0x0A,
        0x0C, 0x18, 0x00, 0xC3, 0xC3, 0xC3, 0xC3, 0xC3, 0xC3, 0xC7, 0x7B,
        /* U+00FB 'û' */
        0xFB, 0x00, 0x03, 0x08, 0x0B, 0x01, 0x0A,
        0x38, 0x6C, 0x00, 0xC3, 0xC3, 0xC3, 0xC3, 0xC3, 0xC3, 0xC7, 0x7B,
        /* U+00FC 'ü' */
        0xFC, 0x00, 0x03, 0x08, 0x0B, 0x01, 0x0A,
        0x6C, 0x6C, 0x00, 0xC3, 0xC3, 0xC3, 0xC3, 0xC3, 0xC3, 0xC7, 0x7B,
        /* U+00FD 'ý' */
        0xFD, 0x00, 0x03, 0x08, 0x0F, 0x00, 0x08,
        0x0C, 0x18, 0x00, 0xC3, 0x42, 0x66, 0x66, 0x24, 0x3C, 0x1C, 0x18, 0x18, 0x18, 0x30, 0xE0,
        /* U+00FE 'þ' */
        0xFE, 0x00, 0x02, 0x07, 0x10, 0x01, 0x09,
        0xC1, 0x83, 0x06, 0x0F, 0xD8, 0xF1, 0xE3, 0xC7, 0x8F, 0x1F, 0xEC, 0x18, 0x30, 0x60,
        /* U+00FF 'ÿ' */
        0xFF, 0x00, 0x03, 0x08, 0x0F, 0x00, 0x08,
        0x36, 0x36, 0x00, 0xC3, 0x42, 0x66, 0x66, 0x24, 0x3C, 0x1C, 0x18, 0x18, 0x18, 0x30, 0xE0,
        /* U+0600 '؀' */
        0x00, 0x06, 0x03, 0x07, 0x0C, 0x01, 0x08,
        0xFF, 0x06, 0x0C, 0x18, 0x30, 0x60, 0xC1, 0x83, 0x06, 0x0F, 0xF0,
        /* U+0601 '؁' */
        0x01, 0x06, 0x03, 0x07, 0x0C, 0x01, 0x08,
        0xFF, 0x06, 0x0C, 0x18, 0x30, 0x60, 0xC1, 0x83, 0x06, 0x0F, 0xF0,
        /* U+0602 '؂' */
        0x02, 0x06, 0x03, 0x07, 0x0C, 0x01, 0x08,
        0xFF, 0x06, 0x0C, 0x18, 0x30, 0x60, 0xC1, 0x83, 0x06, 0x0F, 0xF0,
        /* U+0603 '؃' */
        0x03, 0x06, 0x03, 0x07, 0x0C, 0x01, 0x08,
        0xFF, 0x06, 0x0C, 0x18, 0x30, 0x60, 0xC1, 0x83, 0x06, 0x0F, 0xF0,
        /* U+0604 '؄' */
        0x04, 0x06, 0x03, 0x07, 0x0C, 0x01, 0x08,
        0xFF, 0x06, 0x0C, 0x18, 0x30, 0x60, 0xC1, 0x83, 0x06, 0x0F, 0xF0,
        /* U+0605 '؅' */
        0x05, 0x06, 0x03, 0x07, 0x0C, 0x01, 0x08,
        0xFF, 0x06, 0x0C, 0x18, 0x30, 0x60, 0xC1, 0x83, 0x06, 0x0F, 0xF0,
        /* U+0606 '؆' */
        0x06, 0x06, 0x00, 0x08, 0x0C, 0x00, 0x09,
        0x16, 0xC8, 0x48, 0x48, 0x28, 0x20, 0x23, 0x12, 0x16, 0x0C, 0x0C, 0x04,
        /* U+0607 '؇' */
        0x07, 0x06, 0x01, 0x08, 0x0C, 0x00, 0x09,
        0x0C, 0xC4, 0x48, 0x48, 0x24, 0x20, 0x23, 0x12, 0x16, 0x0C, 0x0C, 0x04,
        /* U+0608 '؈' */
        0x08, 0x06, 0x03, 0x07, 0x0C, 0x01, 0x08,
        0xFF, 0x06, 0x0C, 0x18, 0x30, 0x60, 0xC1, 0x83, 0x06, 0x0F, 0xF0,
        /* U+0609 '؉' */
        0x09, 0x06, 0x04, 0x09, 0x09, 0x01, 0x0B,
        0x88, 0x44, 0x04, 0x02, 0x02, 0x01, 0x01, 0x00, 0x9B, 0x8D, 0x80,
        /* U+060A '؊' */
        0x0A, 0x06, 0x04, 0x0C, 0x09, 0x01, 0x0E,
        0x88, 0x08, 0x80, 0x10, 0x01, 0x00, 0x20, 0x02, 0x00, 0x40, 0x04, 0xDB, 0x8D, 0xB0,
        /* U+060B '؋' */
        0x0B, 0x06, 0x03, 0x07, 0x0C, 0x01, 0x08,
        0xFF, 0x06, 0x0C, 0x18, 0x30, 0x60, 0xC1, 0x83, 0x06, 0x0F, 0xF0,
        /* U+060C '،' */
        0x0C, 0x06, 0x09, 0x02, 0x03, 0x01, 0x05,
        0x5C,
        /* U+060D '؍' */
        0x0D, 0x06, 0x03, 0x07, 0x0C, 0x01, 0x08,
        0xFF, 0x06, 0x0C, 0x18, 0x30, 0x60, 0xC1, 0x83, 0x06, 0x0F, 0xF0,
        /* U+060E '؎' */
        0x0E, 0x06, 0x03, 0x07, 0x0C, 0x01, 0x08,
        0xFF, 0x06, 0x0C, 0x18, 0x30, 0x60, 0xC1, 0x83, 0x06, 0x0F, 0xF0,
        /* U+060F '؏' */
        0x0F, 0x06, 0x03, 0x07, 0x0C, 0x01, 0x08,
        0xFF, 0x06, 0x0C, 0x18, 0x30, 0x60, 0xC1, 0x83, 0x06, 0x0F, 0xF0,
        /* U+0610 'ؐ' */
        0x10, 0x06, 0x03, 0x07, 0x0C, 0x01, 0x08,
        0xFF, 0x06, 0x0C, 0x18, 0x30, 0x60, 0xC1, 0x83, 0x06, 0x0F, 0xF0,
        /* U+0611 'ؑ' */
        0x11, 0x06, 0x03, 0x07, 0x0C, 0x01, 0x08,
        0xFF, 0x06, 0x0C, 0x18, 0x30, 0x60, 0xC1, 0x83, 0x06, 0x0F, 0xF0,
        /* U+0612 'ؒ' */
        0x12, 0x06, 0x03, 0x07, 0x0C, 0x01, 0x08,
        0xFF, 0x06, 0x0C, 0x18, 0x30, 0x60, 0xC1, 0x83, 0x06, 0x0F, 0xF0,
        /* U+0613 'ؓ' */
        0x13, 0x06, 0x03, 0x07, 0x0C, 0x01, 0x08,
        0xFF, 0x06, 0x0C, 0x18, 0x30, 0x60, 0xC1, 0x83, 0x06, 0x0F, 0xF0,
        /* U+0614 'ؔ' */
        0x14, 0x06, 0x03, 0x07, 0x0C, 0x01, 0x08,
        0xFF, 0x06, 0x0C, 0x18, 0x30, 0x60, 0xC1, 0x83, 0x06, 0x0F, 0xF0,
        /* U+0615 'ؕ' */
        0x15, 0x06, 0x00, 0x03, 0x03, 0x02, 0x05,
        0x9F, 0x80,
        /* U+0616 'ؖ' */
        0x16, 0x06, 0x03, 0x07, 0x0C, 0x01, 0x08,
        0xFF, 0x06, 0x0C, 0x18, 0x30, 0x60, 0xC1, 0x83, 0x06, 0x0F, 0xF0,
        /* U+0617 'ؗ' */
        0x17, 0x06, 0x03, 0x07, 0x0C, 0x01, 0x08,
        0xFF, 0x06, 0x0C, 0x18, 0x30, 0x60, 0xC1, 0x83, 0x06, 0x0F, 0xF0,
        /* U+0618 'ؘ' */
        0x18, 0x06, 0x03, 0x07, 0x0C, 0x01, 0x08,
        0xFF, 0x06, 0x0C, 0x18, 0x30, 0x60, 0xC1, 0x83, 0x06, 0x0F, 0xF0,
        /* U+0619 'ؙ' */
        0x19, 0x06, 0x03, 0x07, 0x0C, 0x01, 0x08,
        0xFF, 0x06, 0x0C, 0x18, 0x30, 0x60, 0xC1, 0x83, 0x06, 0x0F, 0xF0,
        /* U+061A 'ؚ' */
        0x1A, 0x06, 0x03, 0x07, 0x0C, 0x01, 0x08,
        0xFF, 0x06, 0x0C, 0x18, 0x30, 0x60, 0xC1, 0x83, 0x06, 0x0F, 0xF0,
        /* U+061B '؛' */
        0x1B, 0x06, 0x04, 0x02, 0x09, 0x01, 0x04,
        0x5F, 0x03, 0xC0,
        /* U+061C '؜' */
        0x1C, 0x06, 0x03, 0x07, 0x0C, 0x01, 0x08,
        0xFF, 0x06, 0x0C, 0x18, 0x30, 0x60, 0xC1, 0x83, 0x06, 0x0F, 0xF0,
        /* U+061D '؝' */
        0x1D, 0x06, 0x03, 0x07, 0x0C, 0x01, 0x08,
        0xFF, 0x06, 0x0C, 0x18, 0x30, 0x60, 0xC1, 0x83, 0x06, 0x0F, 0xF0,
        /* U+061E '؞' */
        0x1E, 0x06, 0x03, 0x07, 0x0C, 0x01, 0x08,
        0xFF, 0x06, 0x0C, 0x18, 0x30, 0x60, 0xC1, 0x83, 0x06, 0x0F, 0xF0,
        /* U+061F '؟' */
        0x1F, 0x06, 0x02, 0x05, 0x0A, 0x01, 0x07,
        0x7E, 0x20, 0x82, 0x18, 0xC0, 0x31, 0x80,
        /* U+0620 'ؠ' */
        0x20, 0x06, 0x03, 0x07, 0x0C, 0x01, 0x08,
        0xFF, 0x06, 0x0C, 0x18, 0x30, 0x60, 0xC1, 0x83, 0x06, 0x0F, 0xF0,
        /* U+0621 'ء' */
        0x21, 0x06, 0x06, 0x04, 0x06, 0x01, 0x07,
        0x7D, 0x8C, 0x7E,
        /* U+0622 'آ' */
        0x22, 0x06, 0x00, 0x02, 0x0C, 0x01, 0x04,
        0xFF, 0xFF, 0xFF,
        /* U+0623 'أ' */
        0x23, 0x06, 0x00, 0x03, 0x0C, 0x00, 0x04,
        0xCD, 0xB6, 0xDB, 0x6D, 0xB0,
        /* U+0624 'ؤ' */
        0x24, 0x06, 0x04, 0x07, 0x0B, 0x00, 0x07,
        0x18, 0x20, 0x60, 0x01, 0xC6, 0xCD, 0x8F, 0x04, 0x1B, 0xE0,
        /* U+0625 'إ' */
        0x25, 0x06, 0x02, 0x03, 0x0F, 0x00, 0x04,
        0x6D, 0xB6, 0xDB, 0x6D, 0x8D, 0x30,
        /* U+0626 'ئ' */
        0x26, 0x06, 0x04, 0x09, 0x0A, 0x01, 0x0B,
        0x60, 0x20, 0x19, 0xC1, 0xB0, 0x80, 0x3A, 0x07, 0x03, 0xCF, 0x3E, 0x00,
        /* U+0627 'ا' */
        0x27, 0x06, 0x02, 0x02, 0x0B, 0x01, 0x04,
        0xFF, 0xFF, 0xFC,
        /* U+0628 'ب' */
        0x28, 0x06, 0x08, 0x0B, 0x07, 0x01, 0x0D,
        0x00, 0x30, 0x06, 0x01, 0xE0, 0xE7, 0xF0, 0x00, 0x01, 0x00,
        /* U+0629 'ة' */
        0x29, 0x06, 0x05, 0x05, 0x07, 0x01, 0x07,
        0x50, 0x1D, 0xB8, 0xC7, 0xE0,
        /* U+062A 'ت' */
        0x2A, 0x06, 0x07, 0x0B, 0x05, 0x01, 0x0D,
        0x0A, 0x30, 0x06, 0x01, 0xE0, 0xE7, 0xF0,
        /* U+062B 'ث' */
        0x2B, 0x06, 0x06, 0x0B, 0x07, 0x01, 0x0D,
        0x04, 0x00, 0x00, 0x28, 0xC0, 0x18, 0x07, 0x83, 0x9F, 0xC0,
        /* U+062C 'ج' */
        0x2C, 0x06, 0x07, 0x08, 0x09, 0x01, 0x09,
        0xFE, 0x9C, 0x20, 0x40, 0x40, 0xC8, 0xC0, 0x40, 0x3F,
        /* U+062D 'ح' */
        0x2D, 0x06, 0x07, 0x08, 0x09, 0x01, 0x09,
        0xFE, 0x9C, 0x20, 0x40, 0x40, 0xC0, 0xC0, 0x40, 0x3F,
        /* U+062E 'خ' */
        0x2E, 0x06, 0x04, 0x08, 0x0B, 0x01, 0x09,
        0x10, 0x00, 0xFE, 0x9C, 0x20, 0x40, 0x40, 0xC0, 0xC0, 0x40, 0x3F,
        /* U+062F 'د' */
        0x2F, 0x06, 0x07, 0x04, 0x06, 0x01, 0x06,
        0x63, 0x11, 0x1F,
        /* U+0630 'ذ' */
        0x30, 0x06, 0x04, 0x04, 0x08, 0x01, 0x06,
        0x40, 0x63, 0x11, 0x1F,
        /* U+0631 'ر' */
        0x31, 0x06, 0x09, 0x07, 0x07, 0x00, 0x07,
        0x06, 0x04, 0x08, 0x30, 0x41, 0xBC, 0x00,
        /* U+0632 'ز' */
        0x32, 0x06, 0x06, 0x07, 0x09, 0x00, 0x07,
        0x04, 0x00, 0x18, 0x10, 0x20, 0xC1, 0x06, 0xF0,
        /* U+0633 'س' */
        0x33, 0x06, 0x07, 0x0F, 0x08, 0x01, 0x11,
        0x00, 0x02, 0x04, 0x44, 0x0C, 0x8C, 0x09, 0xB8, 0x1D, 0xD0, 0x60, 0x21, 0x80, 0x3E, 0x00,
        /* U+0634 'ش' */
        0x34, 0x06, 0x05, 0x0F, 0x0B, 0x01, 0x11,
        0x00, 0x40, 0x00, 0x00, 0x02, 0x80, 0x00, 0x10, 0x22, 0x20, 0x64, 0x60, 0x4D, 0xC0, 0xEE, 0x83, 0x01, 0x0C, 0x01, 0xF0, 0x00,
        /* U+0635 'ص' */
        0x35, 0x06, 0x07, 0x0F, 0x08, 0x01, 0x11,
        0x00, 0x3C, 0x00, 0xCC, 0x0B, 0x0C, 0x1C, 0x68, 0x3F, 0x90, 0x40, 0x21, 0x80, 0x3E, 0x00,
        /* U+0636 'ض' */
        0x36, 0x06, 0x06, 0x0F, 0x09, 0x01, 0x11,
        0x00, 0x80, 0x00, 0x78, 0x01, 0x98, 0x16, 0x18, 0x38, 0xD0, 0x7F, 0x20, 0x80, 0x43, 0x00, 0x7C, 0x00,
        /* U+0637 'ط' */
        0x37, 0x06, 0x02, 0x0B, 0x0B, 0x01, 0x0D,
        0x30, 0x06, 0x00, 0xC0, 0x18, 0x03, 0x00, 0x60, 0x0C, 0xF1, 0xB1, 0x3C, 0x27, 0x1F, 0xFE, 0x00,
        /* U+0638 'ظ' */
        0x38, 0x06, 0x02, 0x0B, 0x0B, 0x01, 0x0D,
        0x30, 0x06, 0x00, 0xC0, 0x18, 0x03, 0x20, 0x60, 0x0C, 0xF1, 0xB1, 0x3C, 0x27, 0x1F, 0xFE, 0x00,
        /* U+0639 'ع' */
        0x39, 0x06, 0x05, 0x07, 0x0A, 0x01, 0x08,
        0x70, 0x83, 0x13, 0xE6, 0x18, 0x20, 0x40, 0xC0, 0xFC,
        /* U+063A 'غ' */
        0x3A, 0x06, 0x03, 0x07, 0x0C, 0x01, 0x08,
        0x20, 0x01, 0xC2, 0x0C, 0x4F, 0x98, 0x60, 0x81, 0x03, 0x03, 0xF0,
        /* U+063B 'ػ' */
        0x3B, 0x06, 0x03, 0x07, 0x0C, 0x01, 0x08,
        0xFF, 0x06, 0x0C, 0x18, 0x30, 0x60, 0xC1, 0x83, 0x06, 0x0F, 0xF0,
        /* U+063C 'ؼ' */
        0x3C, 0x06, 0x03, 0x07, 0x0C, 0x01, 0x08,
        0xFF, 0x06, 0x0C, 0x18, 0x30, 0x60, 0xC1, 0x83, 0x06, 0x0F, 0xF0,
        /* U+063D 'ؽ' */
        0x3D, 0x06, 0x03, 0x07, 0x0C, 0x01, 0x08,
        0xFF, 0x06, 0x0C, 0x18, 0x30, 0x60, 0xC1, 0x83, 0x06, 0x0F, 0xF0,
        /* U+063E 'ؾ' */
        0x3E, 0x06, 0x03, 0x07, 0x0C, 0x01, 0x08,
        0xFF, 0x06, 0x0C, 0x18, 0x30, 0x60, 0xC1, 0x83, 0x06, 0x0F, 0xF0,
        /* U+063F 'ؿ' */
        0x3F, 0x06, 0x03, 0x07, 0x0C, 0x01, 0x08,
        0xFF, 0x06, 0x0C, 0x18, 0x30, 0x60, 0xC1, 0x83, 0x06, 0x0F, 0xF0,
        /* U+0640 'ـ' */
        0x40, 0x06, 0x0B, 0x04, 0x01, 0x00, 0x04,
        0xF0,
        /* U+0641 'ف' */
        0x41, 0x06, 0x03, 0x0C, 0x0A, 0x01, 0x0F,
        0x00, 0x40, 0x00, 0x00, 0x60, 0x0F, 0x00, 0x98, 0x0F, 0x80, 0x78, 0x03, 0x7F, 0xE1, 0xE0,
        /* U+0642 'ق' */
        0x42, 0x06, 0x03, 0x09, 0x0C, 0x01, 0x0B,
        0x05, 0x00, 0x00, 0x81, 0xE0, 0xD8, 0x7E, 0x0B, 0x03, 0x81, 0x41, 0xB3, 0x8F, 0x00,
        /* U+0643 'ك' */
        0x43, 0x06, 0x02, 0x09, 0x0B, 0x01, 0x0C,
        0x00, 0x80, 0x40, 0x21, 0x91, 0x08, 0x64, 0x62, 0x01, 0x80, 0xC0, 0xDF, 0xC0,
        /* U+0644 'ل' */
        0x44, 0x06, 0x02, 0x08, 0x0D, 0x01, 0x0A,
        0x01, 0x01, 0x01, 0x01, 0x01, 0x01, 0x01, 0x01, 0x01, 0x81, 0x83, 0xC6, 0x7C,
        /* U+0645 'م' */
        0x45, 0x06, 0x07, 0x07, 0x08, 0x01, 0x09,
        0x1C, 0x4C, 0x9F, 0xE8, 0x10, 0x20, 0x40,
        /* U+0646 'ن' */
        0x46, 0x06, 0x06, 0x08, 0x08, 0x01, 0x0A,
        0x10, 0x01, 0x01, 0x81, 0x81, 0x81, 0xC2, 0x7C,
        /* U+0647 'ه' */
        0x47, 0x06, 0x07, 0x05, 0x05, 0x01, 0x07,
        0x76, 0xE3, 0x1F, 0x80,
        /* U+0648 'و' */
        0x48, 0x06, 0x08, 0x07, 0x07, 0x00, 0x07,
        0x1C, 0x6C, 0xD8, 0xF0, 0x41, 0xBE, 0x00,
        /* U+0649 'ى' */
        0x49, 0x06, 0x07, 0x09, 0x08, 0x01, 0x0B,
        0x07, 0x06, 0xC2, 0x00, 0xE8, 0x1C, 0x0F, 0x3C, 0xF8,
        /* U+064A 'ي' */
        0x4A, 0x06, 0x07, 0x09, 0x09, 0x01, 0x0B,
        0x07, 0x06, 0xC2, 0x00, 0xE8, 0x1C, 0x0F, 0x3C, 0xF8, 0x28, 0x00,
        /* U+064B 'ً' */
        0x4B, 0x06, 0x01, 0x05, 0x04, 0x01, 0x06,
        0x0F, 0x87, 0xC0,
        /* U+064C 'ٌ' */
        0x4C, 0x06, 0x00, 0x05, 0x04, 0x01, 0x06,
        0x31, 0xE4, 0xC0,
        /* U+064D 'ٍ' */
        0x4D, 0x06, 0x0D, 0x05, 0x03, 0x01, 0x06,
        0x1F, 0x1C,
        /* U+064E 'َ' */
        0x4E, 0x06, 0x03, 0x05, 0x02, 0x01, 0x06,
        0x1F, 0x00,
        /* U+064F 'ُ' */
        0x4F, 0x06, 0x00, 0x05, 0x04, 0x01, 0x06,
        0x31, 0xC9, 0x80,
        /* U+0650 'ِ' */
        0x50, 0x06, 0x0D, 0x05, 0x02, 0x01, 0x06,
        0x1F, 0x00,
        /* U+0651 'ّ' */
        0x51, 0x06, 0x00, 0x05, 0x04, 0x01, 0x06,
        0x2D, 0x6C, 0x80,
        /* U+0652 'ْ' */
        0x52, 0x06, 0x00, 0x03, 0x03, 0x02, 0x05,
        0xF7, 0x80,
        /* U+0653 'ٓ' */
        0x53, 0x06, 0x02, 0x04, 0x02, 0x02, 0x06,
        0x96,
        /* U+0654 'ٔ' */
        0x54, 0x06, 0x01, 0x02, 0x03, 0x02, 0x04,
        0xEC,
        /* U+0655 'ٕ' */
        0x55, 0x06, 0x0E, 0x02, 0x03, 0x02, 0x04,
        0xEC,
        /* U+0656 'ٖ' */
        0x56, 0x06, 0x03, 0x07, 0x0C, 0x01, 0x08,
        0xFF, 0x06, 0x0C, 0x18, 0x30, 0x60, 0xC1, 0x83, 0x06, 0x0F, 0xF0,
        /* U+0657 'ٗ' */
        0x57, 0x06, 0x00, 0x05, 0x04, 0x01, 0x06,
        0x09, 0xB8, 0xC0,
        /* U+0658 '٘' */
        0x58, 0x06, 0x03, 0x07, 0x0C, 0x01, 0x08,
        0xFF, 0x06, 0x0C, 0x18, 0x30, 0x60, 0xC1, 0x83, 0x06, 0x0F, 0xF0,
        /* U+0659 'ٙ' */
        0x59, 0x06, 0x03, 0x07, 0x0C, 0x01, 0x08,
        0xFF, 0x06, 0x0C, 0x18, 0x30, 0x60, 0xC1, 0x83, 0x06, 0x0F, 0xF0,
        /* U+065A 'ٚ' */
        0x5A, 0x06, 0x02, 0x03, 0x02, 0x02, 0x07,
        0xBC,
        /* U+065B 'ٛ' */
        0x5B, 0x06, 0x03, 0x07, 0x0C, 0x01, 0x08,
        0xFF, 0x06, 0x0C, 0x18, 0x30, 0x60, 0xC1, 0x83, 0x06, 0x0F, 0xF0,
        /* U+065C 'ٜ' */
        0x5C, 0x06, 0x03, 0x07, 0x0C, 0x01, 0x08,
        0xFF, 0x06, 0x0C, 0x18, 0x30, 0x60, 0xC1, 0x83, 0x06, 0x0F, 0xF0,
        /* U+065D 'ٝ' */
        0x5D, 0x06, 0x03, 0x07, 0x0C, 0x01, 0x08,
        0xFF, 0x06, 0x0C, 0x18, 0x30, 0x60, 0xC1, 0x83, 0x06, 0x0F, 0xF0,
        /* U+065E 'ٞ' */
        0x5E, 0x06, 0x03, 0x07, 0x0C, 0x01, 0x08,
        0xFF, 0x06, 0x0C, 0x18, 0x30, 0x60, 0xC1, 0x83, 0x06, 0x0F, 0xF0,
        /* U+065F 'ٟ' */
        0x5F, 0x06, 0x03, 0x07, 0x0C, 0x01, 0x08,
        0xFF, 0x06, 0x0C, 0x18, 0x30, 0x60, 0xC1, 0x83, 0x06, 0x0F, 0xF0,
        /* U+0660 '٠' */
        0x60, 0x06, 0x08, 0x02, 0x02, 0x03, 0x08,
        0xF0,
        /* U+0661 '١' */
        0x61, 0x06, 0x04, 0x03, 0x09, 0x02, 0x08,
        0x99, 0x26, 0xD9, 0x20,
        /* U+0662 '٢' */
        0x62, 0x06, 0x04, 0x06, 0x09, 0x01, 0x08,
        0x87, 0x3F, 0x90, 0x41, 0x04, 0x10, 0x40,
        /* U+0663 '٣' */
        0x63, 0x06, 0x04, 0x06, 0x09, 0x01, 0x08,
        0xB6, 0xDF, 0xD0, 0x41, 0x04, 0x10, 0x40,
        /* U+0664 '٤' */
        0x64, 0x06, 0x04, 0x05, 0x09, 0x01, 0x08,
        0x13, 0x10, 0xC7, 0x62, 0x18, 0x78,
        /* U+0665 '٥' */
        0x65, 0x06, 0x04, 0x06, 0x09, 0x01, 0x08,
        0x31, 0x6C, 0xA2, 0x8E, 0x38, 0xF2, 0x78,
        /* U+0666 '٦' */
        0x66, 0x06, 0x04, 0x06, 0x09, 0x01, 0x08,
        0xFB, 0xE0, 0x82, 0x08, 0x20, 0x83, 0x0C,
        /* U+0667 '٧' */
        0x67, 0x06, 0x04, 0x06, 0x09, 0x01, 0x08,
        0x86, 0x2C, 0x96, 0x51, 0xC3, 0x0C, 0x20,
        /* U+0668 '٨' */
        0x68, 0x06, 0x04, 0x06, 0x09, 0x01, 0x08,
        0x20, 0xC3, 0x1C, 0x51, 0x6C, 0xA2, 0x84,
        /* U+0669 '٩' */
        0x69, 0x06, 0x04, 0x06, 0x09, 0x01, 0x08,
        0x72, 0x68, 0xB2, 0x78, 0x20, 0x83, 0x0C,
        /* U+066A '٪' */
        0x6A, 0x06, 0x04, 0x06, 0x09, 0x01, 0x08,
        0x8A, 0x21, 0x04, 0x20, 0x84, 0x13, 0x8C,
        /* U+066B '٫' */
        0x6B, 0x06, 0x08, 0x04, 0x06, 0x00, 0x05,
        0x11, 0x12, 0xE8,
        /* U+066C '٬' */
        0x6C, 0x06, 0x02, 0x02, 0x03, 0x01, 0x04,
        0x58,
        /* U+066D '٭' */
        0x6D, 0x06, 0x06, 0x05, 0x05, 0x01, 0x08,
        0x21, 0x3E, 0x65, 0x00,
        /* U+066E 'ٮ' */
        0x6E, 0x06, 0x08, 0x0B, 0x05, 0x01, 0x0D,
        0x00, 0x30, 0x06, 0x01, 0xE0, 0xE7, 0xF0,
        /* U+066F 'ٯ' */
        0x6F, 0x06, 0x06, 0x09, 0x0A, 0x01, 0x0B,
        0x02, 0x07, 0x83, 0x61, 0xF8, 0x2C, 0x0E, 0x05, 0x06, 0xCE, 0x3C, 0x00,
        /* U+0670 'ٰ' */
        0x70, 0x06, 0x00, 0x01, 0x04, 0x03, 0x04,
        0xF0,
        /* U+0671 'ٱ' */
        0x71, 0x06, 0x03, 0x07, 0x0C, 0x01, 0x08,
        0xFF, 0x06, 0x0C, 0x18, 0x30, 0x60, 0xC1, 0x83, 0x06, 0x0F, 0xF0,
        /* U+0672 'ٲ' */
        0x72, 0x06, 0x03, 0x07, 0x0C, 0x01, 0x08,
        0xFF, 0x06, 0x0C, 0x18, 0x30, 0x60, 0xC1, 0x83, 0x06, 0x0F, 0xF0,
        /* U+0673 'ٳ' */
        0x73, 0x06, 0x03, 0x07, 0x0C, 0x01, 0x08,
        0xFF, 0x06, 0x0C, 0x18, 0x30, 0x60, 0xC1, 0x83, 0x06, 0x0F, 0xF0,
        /* U+0674 'ٴ' */
        0x74, 0x06, 0x00, 0x02, 0x03, 0x01, 0x04,
        0xEC,
        /* U+0675 'ٵ' */
        0x75, 0x06, 0x03, 0x07, 0x0C, 0x01, 0x08,
        0xFF, 0x06, 0x0C, 0x18, 0x30, 0x60, 0xC1, 0x83, 0x06, 0x0F, 0xF0,
        /* U+0676 'ٶ' */
        0x76, 0x06, 0x03, 0x07, 0x0C, 0x01, 0x08,
        0xFF, 0x06, 0x0C, 0x18, 0x30, 0x60, 0xC1, 0x83, 0x06, 0x0F, 0xF0,
        /* U+0677 'ٷ' */
        0x77, 0x06, 0x03, 0x07, 0x0C, 0x01, 0x08,
        0xFF, 0x06, 0x0C, 0x18, 0x30, 0x60, 0xC1, 0x83, 0x06, 0x0F, 0xF0,
        /* U+0678 'ٸ' */
        0x78, 0x06, 0x03, 0x07, 0x0C, 0x01, 0x08,
        0xFF, 0x06, 0x0C, 0x18, 0x30, 0x60, 0xC1, 0x83, 0x06, 0x0F, 0xF0,
        /* U+0679 'ٹ' */
        0x79, 0x06, 0x04, 0x0B, 0x08, 0x01, 0x0D,
        0x08, 0x01, 0xC0, 0x28, 0x02, 0x18, 0x03, 0x00, 0xF0, 0x73, 0xF8,
        /* U+067A 'ٺ' */
        0x7A, 0x06, 0x05, 0x0B, 0x07, 0x01, 0x0D,
        0x04, 0x00, 0x00, 0x10, 0xC0, 0x18, 0x07, 0x83, 0x9F, 0xC0,
        /* U+067B 'ٻ' */
        0x7B, 0x06, 0x08, 0x0B, 0x09, 0x01, 0x0D,
        0x00, 0x30, 0x06, 0x01, 0xE0, 0xE7, 0xF0, 0x00, 0x01, 0x00, 0x00, 0x04, 0x00,
        /* U+067C 'ټ' */
        0x7C, 0x06, 0x07, 0x0B, 0x08, 0x01, 0x0D,
        0x0A, 0x30, 0x06, 0x01, 0xE0, 0xE7, 0xF0, 0x1C, 0x02, 0x80, 0x70,
        /* U+067D 'ٽ' */
        0x7D, 0x06, 0x06, 0x0B, 0x06, 0x01, 0x0D,
        0x0A, 0x00, 0x06, 0x10, 0xC0, 0x3C, 0x1C, 0xFE, 0x00,
        /* U+067E 'پ' */
        0x7E, 0x06, 0x08, 0x0B, 0x09, 0x01, 0x0D,
        0x00, 0x30, 0x06, 0x01, 0xE0, 0xE7, 0xF0, 0x00, 0x02, 0x80, 0x00, 0x04, 0x00,
        /* U+067F 'ٿ' */
        0x7F, 0x06, 0x05, 0x0B, 0x07, 0x01, 0x0D,
        0x0A, 0x00, 0x00, 0x28, 0xC0, 0x18, 0x07, 0x83, 0x9F, 0xC0,
        /* U+0680 'ڀ' */
        0x80, 0x06, 0x08, 0x0B, 0x09, 0x01, 0x0D,
        0x00, 0x30, 0x06, 0x01, 0xE0, 0xE7, 0xF0, 0x00, 0x02, 0x80, 0x00, 0x0A, 0x00,
        /* U+0681 'ځ' */
        0x81, 0x06, 0x02, 0x08, 0x0D, 0x01, 0x09,
        0x30, 0x20, 0x30, 0x00, 0xFE, 0x9C, 0x20, 0x40, 0x40, 0xC0, 0xC0, 0x40, 0x3F,
        /* U+0682 'ڂ' */
        0x82, 0x06, 0x02, 0x08, 0x0D, 0x01, 0x09,
        0x10, 0x00, 0x10, 0x00, 0xFE, 0x9C, 0x20, 0x40, 0x40, 0xC0, 0xC0, 0x40, 0x3F,
        /* U+0683 'ڃ' */
        0x83, 0x06, 0x07, 0x08, 0x09, 0x01, 0x09,
        0xFE, 0x9C, 0x20, 0x40, 0x40, 0xD4, 0xC0, 0x40, 0x3F,
        /* U+0684 'ڄ' */
        0x84, 0x06, 0x07, 0x08, 0x09, 0x01, 0x09,
        0xFE, 0x9C, 0x20, 0x40, 0x48, 0xC0, 0xC8, 0x40, 0x3F,
        /* U+0685 'څ' */
        0x85, 0x06, 0x03, 0x08, 0x0D, 0x01, 0x09,
        0x10, 0x00, 0x28, 0x00, 0xFE, 0x9C, 0x20, 0x40, 0x40, 0xC0, 0xC0, 0x40, 0x3F,
        /* U+0686 'چ' */
        0x86, 0x06, 0x07, 0x08, 0x09, 0x01, 0x09,
        0xFE, 0x9C, 0x20, 0x40, 0x4A, 0xC0, 0xC4, 0x40, 0x3F,
        /* U+0687 'ڇ' */
        0x87, 0x06, 0x07, 0x08, 0x09, 0x01, 0x09,
        0xFE, 0x9C, 0x20, 0x40, 0x4A, 0xC0, 0xCA, 0x40, 0x3F,
        /* U+0688 'ڈ' */
        0x88, 0x06, 0x02, 0x04, 0x0A, 0x01, 0x06,
        0x47, 0x52, 0x63, 0x11, 0x1F,
        /* U+0689 'ډ' */
        0x89, 0x06, 0x07, 0x04, 0x09, 0x01, 0x06,
        0x63, 0x11, 0x1F, 0x75, 0x70,
        /* U+068A 'ڊ' */
        0x8A, 0x06, 0x07, 0x04, 0x08, 0x01, 0x06,
        0x63, 0x11, 0x1F, 0x02,
        /* U+068B 'ڋ' */
        0x8B, 0x06, 0x02, 0x04, 0x0C, 0x01, 0x06,
        0x47, 0x52, 0x63, 0x11, 0x1F, 0x02,
        /* U+068C 'ڌ' */
        0x8C, 0x06, 0x04, 0x04, 0x08, 0x01, 0x06,
        0x50, 0x63, 0x11, 0x1F,
        /* U+068D 'ڍ' */
        0x8D, 0x06, 0x07, 0x04, 0x08, 0x01, 0x06,
        0x63, 0x11, 0x1F, 0x05,
        /* U+068E 'ڎ' */
        0x8E, 0x06, 0x03, 0x04, 0x0A, 0x01, 0x06,
        0x20, 0x50, 0x63, 0x11, 0x1F,
        /* U+068F 'ڏ' */
        0x8F, 0x06, 0x02, 0x04, 0x0A, 0x01, 0x06,
        0x50, 0x20, 0x63, 0x11, 0x1F,
        /* U+0690 'ڐ' */
        0x90, 0x06, 0x02, 0x04, 0x0A, 0x01, 0x06,
        0x50, 0x50, 0x63, 0x11, 0x1F,
        /* U+0691 'ڑ' */
        0x91, 0x06, 0x03, 0x07, 0x0C, 0x00, 0x07,
        0x08, 0x1C, 0x28, 0x20, 0x00, 0xC0, 0x81, 0x06, 0x08, 0x37, 0x80,
        /* U+0692 'ڒ' */
        0x92, 0x06, 0x05, 0x07, 0x0B, 0x00, 0x07,
        0x0A, 0x1C, 0x00, 0x00, 0x60, 0x40, 0x83, 0x04, 0x1B, 0xC0,
        /* U+0693 'ړ' */
        0x93, 0x06, 0x09, 0x08, 0x07, 0x00, 0x08,
        0x06, 0x02, 0x02, 0x06, 0x07, 0x0D, 0xF7,
        /* U+0694 'ڔ' */
        0x94, 0x06, 0x09, 0x08, 0x07, 0x00, 0x08,
        0x06, 0x02, 0x02, 0x06, 0x04, 0x0C, 0xF1,
        /* U+0695 'ڕ' */
        0x95, 0x06, 0x09, 0x0A, 0x07, 0x00, 0x0A,
        0x06, 0x00, 0x80, 0x20, 0x18, 0x04, 0x03, 0x5F, 0x1C,
        /* U+0696 'ږ' */
        0x96, 0x06, 0x09, 0x08, 0x07, 0x00, 0x08,
        0x06, 0x02, 0x02, 0x26, 0x04, 0x0C, 0xF1,
        /* U+0697 'ڗ' */
        0x97, 0x06, 0x06, 0x07, 0x09, 0x00, 0x07,
        0x0A, 0x00, 0x18, 0x10, 0x20, 0xC1, 0x06, 0xF0,
        /* U+0698 'ژ' */
        0x98, 0x06, 0x05, 0x07, 0x0B, 0x00, 0x07,
        0x04, 0x00, 0x28, 0x00, 0x60, 0x40, 0x83, 0x04, 0x1B, 0xC0,
        /* U+0699 'ڙ' */
        0x99, 0x06, 0x04, 0x07, 0x0B, 0x00, 0x07,
        0x0A, 0x00, 0x28, 0x00, 0x60, 0x40, 0x83, 0x04, 0x1B, 0xC0,
        /* U+069A 'ښ' */
        0x9A, 0x06, 0x06, 0x0F, 0x09, 0x01, 0x11,
        0x00, 0x80, 0x00, 0x04, 0x08, 0x88, 0x19, 0x18, 0x13, 0x70, 0x3B, 0xA0, 0xC0, 0x43, 0x20, 0x7C, 0x00,
        /* U+069B 'ڛ' */
        0x9B, 0x06, 0x07, 0x0F, 0x09, 0x01, 0x11,
        0x00, 0x02, 0x04, 0x44, 0x0C, 0x8C, 0x09, 0xB8, 0x1D, 0xD0, 0x60, 0x21, 0x94, 0x3E, 0x00, 0x00, 0x20,
        /* U+069C 'ڜ' */
        0x9C, 0x06, 0x05, 0x0F, 0x0C, 0x01, 0x11,
        0x00, 0x40, 0x00, 0x00, 0x02, 0x80, 0x00, 0x10, 0x22, 0x20, 0x64, 0x60, 0x4D, 0xC0, 0xEE, 0x83, 0x01, 0x0C, 0xA1, 0xF0, 0x00, 0x01, 0x00,
        /* U+069D 'ڝ' */
        0x9D, 0x06, 0x07, 0x0F, 0x08, 0x01, 0x11,
        0x00, 0x3C, 0x00, 0xCC, 0x0B, 0x0C, 0x1C, 0x68, 0x3F, 0x90, 0x40, 0x21, 0x94, 0x3E, 0x00,
        /* U+069E 'ڞ' */
        0x9E, 0x06, 0x05, 0x0F, 0x0B, 0x01, 0x11,
        0x00, 0x80, 0x00, 0x00, 0x05, 0x00, 0x01, 0xE0, 0x06, 0x60, 0x58, 0x60, 0xE3, 0x41, 0xFC, 0x82, 0x01, 0x0C, 0x01, 0xF0, 0x00,
        /* U+069F 'ڟ' */
        0x9F, 0x06, 0x02, 0x0B, 0x0B, 0x01, 0x0D,
        0x30, 0x06, 0x00, 0xC8, 0x18, 0x03, 0x50, 0x60, 0x0C, 0xF1, 0xB1, 0x3C, 0x27, 0x1F, 0xFE, 0x00,
        /* U+06A0 'ڠ' */
        0xA0, 0x06, 0x02, 0x07, 0x0E, 0x01, 0x08,
        0x20, 0x01, 0x40, 0x07, 0x08, 0x31, 0x3E, 0x61, 0x82, 0x04, 0x0C, 0x0F, 0xC0,
        /* U+06A1 'ڡ' */
        0xA1, 0x06, 0x06, 0x0C, 0x08, 0x01, 0x0F,
        0x00, 0x60, 0x0F, 0x00, 0x98, 0x0F, 0x80, 0x78, 0x03, 0x7F, 0xE1, 0xE0,
        /* U+06A2 'ڢ' */
        0xA2, 0x06, 0x06, 0x0C, 0x09, 0x01, 0x0F,
        0x00, 0x60, 0x0F, 0x00, 0x98, 0x0F, 0x80, 0x78, 0x03, 0x7F, 0xE1, 0xE0, 0x04, 0x00,
        /* U+06A3 'ڣ' */
        0xA3, 0x06, 0x03, 0x0C, 0x0B, 0x01, 0x0F,
        0x00, 0x40, 0x00, 0x00, 0x60, 0x0F, 0x00, 0x98, 0x0F, 0x80, 0x78, 0x03, 0x7F, 0xE1, 0xE0, 0x04, 0x00,
        /* U+06A4 'ڤ' */
        0xA4, 0x06, 0x02, 0x0C, 0x0C, 0x01, 0x0F,
        0x00, 0x20, 0x00, 0x00, 0x50, 0x00, 0x00, 0x60, 0x0F, 0x00, 0x98, 0x0F, 0x80, 0x78, 0x03, 0x7F, 0xE1, 0xE0,
        /* U+06A5 'ڥ' */
        0xA5, 0x06, 0x06, 0x0C, 0x0B, 0x01, 0x0F,
        0x00, 0x60, 0x0F, 0x00, 0x98, 0x0F, 0x80, 0x78, 0x03, 0x7F, 0xE1, 0xE0, 0x0A, 0x00, 0x00, 0x04, 0x00,
        /* U+06A6 'ڦ' */
        0xA6, 0x06, 0x01, 0x0C, 0x0C, 0x01, 0x0F,
        0x00, 0x50, 0x00, 0x00, 0x50, 0x00, 0x00, 0x60, 0x0F, 0x00, 0x98, 0x0F, 0x80, 0x78, 0x03, 0x7F, 0xE1, 0xE0,
        /* U+06A7 'ڧ' */
        0xA7, 0x06, 0x03, 0x09, 0x0C, 0x01, 0x0B,
        0x02, 0x00, 0x00, 0x81, 0xE0, 0xD8, 0x7E, 0x0B, 0x03, 0x81, 0x41, 0xB3, 0x8F, 0x00,
        /* U+06A8 'ڨ' */
        0xA8, 0x06, 0x02, 0x09, 0x0E, 0x01, 0x0B,
        0x02, 0x00, 0x01, 0x40, 0x00, 0x20, 0x78, 0x36, 0x1F, 0x82, 0xC0, 0xE0, 0x50, 0x6C, 0xE3, 0xC0,
        /* U+06A9 'ک' */
        0xA9, 0x06, 0x02, 0x0C, 0x0C, 0x01, 0x0D,
        0x00, 0x10, 0x07, 0x03, 0x80, 0x20, 0x02, 0x00, 0x30, 0x01, 0x88, 0x08, 0x80, 0xC8, 0x08, 0x7F, 0x01, 0x80,
        /* U+06AA 'ڪ' */
        0xAA, 0x06, 0x02, 0x0D, 0x0C, 0x01, 0x0F,
        0x00, 0xC0, 0x1C, 0x01, 0x80, 0x30, 0x03, 0x00, 0x1C, 0x00, 0x3F, 0x90, 0x07, 0x80, 0x0C, 0x00, 0xDF, 0xFC, 0x3F, 0x00,
        /* U+06AB 'ګ' */
        0xAB, 0x06, 0x02, 0x0C, 0x0C, 0x01, 0x0D,
        0x00, 0x10, 0x07, 0x03, 0xE0, 0x2A, 0x02, 0xE0, 0x30, 0x01, 0x88, 0x08, 0x80, 0xC8, 0x08, 0x7F, 0x01, 0x80,
        /* U+06AC 'ڬ' */
        0xAC, 0x06, 0x02, 0x09, 0x0B, 0x01, 0x0C,
        0x00, 0x84, 0x40, 0x21, 0x91, 0x08, 0x64, 0x62, 0x01, 0x80, 0xC0, 0xDF, 0xC0,
        /* U+06AD 'ڭ' */
        0xAD, 0x06, 0x01, 0x09, 0x0C, 0x01, 0x0C,
        0x08, 0x00, 0x45, 0x20, 0x10, 0xC8, 0x84, 0x32, 0x31, 0x00, 0xC0, 0x60, 0x6F, 0xE0,
        /* U+06AE 'ڮ' */
        0xAE, 0x06, 0x02, 0x09, 0x0F, 0x01, 0x0C,
        0x00, 0x80, 0x40, 0x21, 0x91, 0x08, 0x64, 0x62, 0x01, 0x80, 0xC0, 0xDF, 0xC0, 0x01, 0x40, 0x00, 0x20,
        /* U+06AF 'گ' */
        0xAF, 0x06, 0x01, 0x0C, 0x0D, 0x01, 0x0D,
        0x00, 0x70, 0x19, 0x02, 0x70, 0x38, 0x02, 0x00, 0x20, 0x03, 0x00, 0x18, 0x80, 0x88, 0x0C, 0x80, 0x87, 0xF0, 0x18, 0x00,
        /* U+06B0 'ڰ' */
        0xB0, 0x06, 0x01, 0x0C, 0x0D, 0x01, 0x0D,
        0x00, 0x70, 0x19, 0x02, 0x70, 0x3E, 0x02, 0xA0, 0x2E, 0x03, 0x00, 0x18, 0x80, 0x88, 0x0C, 0x80, 0x87, 0xF0, 0x18, 0x00,
        /* U+06B1 'ڱ' */
        0xB1, 0x06, 0x00, 0x0C, 0x0D, 0x01, 0x0D,
        0x00, 0x70, 0x19, 0x02, 0x70, 0x38, 0x02, 0x00, 0x20, 0x03, 0x00, 0x18, 0x80, 0x88, 0x0C, 0x80, 0x87, 0xF0, 0x18, 0x00,
        /* U+06B2 'ڲ' */
        0xB2, 0x06, 0x01, 0x0C, 0x0E, 0x01, 0x0D,
        0x00, 0x70, 0x19, 0x02, 0x70, 0x38, 0x02, 0x00, 0x20, 0x03, 0x00, 0x18, 0x80, 0x88, 0x0C, 0x80, 0x87, 0xF0, 0x18, 0x01, 0x40,
        /* U+06B3 'ڳ' */
        0xB3, 0x06, 0x01, 0x0C, 0x10, 0x01, 0x0D,
        0x00, 0x70, 0x19, 0x02, 0x70, 0x38, 0x02, 0x00, 0x20, 0x03, 0x00, 0x18, 0x80, 0x88, 0x0C, 0x80, 0x87, 0xF0, 0x18, 0x00, 0x80, 0x00, 0x00, 0x80,
        /* U+06B4 'ڴ' */
        0xB4, 0x06, 0x00, 0x0C, 0x0E, 0x01, 0x0D,
        0x05, 0x00, 0x07, 0x01, 0x90, 0x27, 0x03, 0x80, 0x20, 0x02, 0x00, 0x30, 0x01, 0x88, 0x08, 0x80, 0xC8, 0x08, 0x7F, 0x01, 0x80,
        /* U+06B5 'ڵ' */
        0xB5, 0x06, 0x00, 0x09, 0x0F, 0x01, 0x0A,
        0x03, 0x80, 0x00, 0x40, 0x20, 0x10, 0x08, 0x04, 0x02, 0x01, 0x00, 0x80, 0x50, 0x28, 0x36, 0x31, 0xF0,
        /* U+06B6 'ڶ' */
        0xB6, 0x06, 0x01, 0x08, 0x0D, 0x01, 0x0A,
        0x01, 0x01, 0x01, 0x01, 0x01, 0x01, 0x01, 0x01, 0x01, 0x81, 0x83, 0xC6, 0x7C,
        /* U+06B7 'ڷ' */
        0xB7, 0x06, 0x00, 0x09, 0x0F, 0x01, 0x0A,
        0x02, 0x80, 0x00, 0x40, 0x20, 0x10, 0x08, 0x04, 0x02, 0x01, 0x00, 0x80, 0x50, 0x28, 0x36, 0x31, 0xF0,
        /* U+06B8 'ڸ' */
        0xB8, 0x06, 0x02, 0x08, 0x11, 0x01, 0x0A,
        0x01, 0x01, 0x01, 0x01, 0x01, 0x01, 0x01, 0x01, 0x01, 0x81, 0x83, 0xC6, 0x7C, 0x00, 0x14, 0x00, 0x08,
        /* U+06B9 'ڹ' */
        0xB9, 0x06, 0x06, 0x08, 0x0A, 0x01, 0x0A,
        0x10, 0x01, 0x01, 0x81, 0x81, 0x81, 0xC2, 0x7C, 0x00, 0x08,
        /* U+06BA 'ں' */
        0xBA, 0x06, 0x07, 0x08, 0x07, 0x01, 0x0A,
        0x01, 0x01, 0x81, 0x81, 0x81, 0xC2, 0x7C,
        /* U+06BB 'ڻ' */
        0xBB, 0x06, 0x03, 0x08, 0x0B, 0x01, 0x0A,
        0x20, 0x38, 0x28, 0x10, 0x01, 0x01, 0x81, 0x81, 0x81, 0xC2, 0x7C,
        /* U+06BC 'ڼ' */
        0xBC, 0x06, 0x06, 0x08, 0x0B, 0x01, 0x0A,
        0x10, 0x01, 0x01, 0x81, 0x81, 0x81, 0xC2, 0x7C, 0x1C, 0x14, 0x1C,
        /* U+06BD 'ڽ' */
        0xBD, 0x06, 0x05, 0x08, 0x0A, 0x01, 0x0A,
        0x10, 0x00, 0x28, 0x01, 0x01, 0x81, 0x81, 0x81, 0xC2, 0x7C,
        /* U+06BE 'ھ' */
        0xBE, 0x06, 0x07, 0x08, 0x06, 0x01, 0x0A,
        0x18, 0x1C, 0x36, 0x35, 0x9D, 0xFF,
        /* U+06BF 'ڿ' */
        0xBF, 0x06, 0x04, 0x08, 0x0B, 0x01, 0x09,
        0x10, 0x00, 0xFE, 0x9C, 0x20, 0x40, 0x4A, 0xC0, 0xC4, 0x40, 0x3F,
        /* U+06C0 'ۀ' */
        0xC0, 0x06, 0x03, 0x07, 0x0C, 0x01, 0x08,
        0xFF, 0x06, 0x0C, 0x18, 0x30, 0x60, 0xC1, 0x83, 0x06, 0x0F, 0xF0,
        /* U+06C1 'ہ' */
        0xC1, 0x06, 0x03, 0x07, 0x0C, 0x01, 0x08,
        0xFF, 0x06, 0x0C, 0x18, 0x30, 0x60, 0xC1, 0x83, 0x06, 0x0F, 0xF0,
        /* U+06C2 'ۂ' */
        0xC2, 0x06, 0x03, 0x07, 0x0C, 0x01, 0x08,
        0xFF, 0x06, 0x0C, 0x18, 0x30, 0x60, 0xC1, 0x83, 0x06, 0x0F, 0xF0,
        /* U+06C3 'ۃ' */
        0xC3, 0x06, 0x03, 0x07, 0x0C, 0x01, 0x08,
        0xFF, 0x06, 0x0C, 0x18, 0x30, 0x60, 0xC1, 0x83, 0x06, 0x0F, 0xF0,
        /* U+06C4 'ۄ' */
        0xC4, 0x06, 0x03, 0x07, 0x0C, 0x01, 0x08,
        0xFF, 0x06, 0x0C, 0x18, 0x30, 0x60, 0xC1, 0x83, 0x06, 0x0F, 0xF0,
        /* U+06C5 'ۅ' */
        0xC5, 0x06, 0x03, 0x07, 0x0C, 0x01, 0x08,
        0xFF, 0x06, 0x0C, 0x18, 0x30, 0x60, 0xC1, 0x83, 0x06, 0x0F, 0xF0,
        /* U+06C6 'ۆ' */
        0xC6, 0x06, 0x05, 0x07, 0x0B, 0x00, 0x07,
        0x14, 0x38, 0x00, 0x01, 0xC6, 0xCD, 0x8F, 0x04, 0x1B, 0xE0,
        /* U+06C7 'ۇ' */
        0xC7, 0x06, 0x03, 0x07, 0x0C, 0x01, 0x08,
        0xFF, 0x06, 0x0C, 0x18, 0x30, 0x60, 0xC1, 0x83, 0x06, 0x0F, 0xF0,
        /* U+06C8 'ۈ' */
        0xC8, 0x06, 0x03, 0x07, 0x0C, 0x01, 0x08,
        0xFF, 0x06, 0x0C, 0x18, 0x30, 0x60, 0xC1, 0x83, 0x06, 0x0F, 0xF0,
        /* U+06C9 'ۉ' */
        0xC9, 0x06, 0x03, 0x07, 0x0C, 0x01, 0x08,
        0xFF, 0x06, 0x0C, 0x18, 0x30, 0x60, 0xC1, 0x83, 0x06, 0x0F, 0xF0,
        /* U+06CA 'ۊ' */
        0xCA, 0x06, 0x03, 0x07, 0x0C, 0x01, 0x08,
        0xFF, 0x06, 0x0C, 0x18, 0x30, 0x60, 0xC1, 0x83, 0x06, 0x0F, 0xF0,
        /* U+06CB 'ۋ' */
        0xCB, 0x06, 0x03, 0x07, 0x0C, 0x01, 0x08,
        0xFF, 0x06, 0x0C, 0x18, 0x30, 0x60, 0xC1, 0x83, 0x06, 0x0F, 0xF0,
        /* U+06CC 'ی' */
        0xCC, 0x06, 0x07, 0x09, 0x08, 0x01, 0x0B,
        0x07, 0x06, 0xC2, 0x00, 0xE8, 0x1C, 0x0F, 0x3C, 0xF8,
        /* U+06CD 'ۍ' */
        0xCD, 0x06, 0x03, 0x07, 0x0C, 0x01, 0x08,
        0xFF, 0x06, 0x0C, 0x18, 0x30, 0x60, 0xC1, 0x83, 0x06, 0x0F, 0xF0,
        /* U+06CE 'ێ' */
        0xCE, 0x06, 0x05, 0x09, 0x0A, 0x01, 0x0B,
        0x50, 0x38, 0x01, 0xC1, 0xB0, 0x80, 0x3A, 0x07, 0x03, 0xCF, 0x3E, 0x00,
        /* U+06CF 'ۏ' */
        0xCF, 0x06, 0x03, 0x07, 0x0C, 0x01, 0x08,
        0xFF, 0x06, 0x0C, 0x18, 0x30, 0x60, 0xC1, 0x83, 0x06, 0x0F, 0xF0,
        /* U+06D0 'ې' */
        0xD0, 0x06, 0x03, 0x07, 0x0C, 0x01, 0x08,
        0xFF, 0x06, 0x0C, 0x18, 0x30, 0x60, 0xC1, 0x83, 0x06, 0x0F, 0xF0,
        /* U+06D1 'ۑ' */
        0xD1, 0x06, 0x03, 0x07, 0x0C, 0x01, 0x08,
        0xFF, 0x06, 0x0C, 0x18, 0x30, 0x60, 0xC1, 0x83, 0x06, 0x0F, 0xF0,
        /* U+06D2 'ے' */
        0xD2, 0x06, 0x03, 0x07, 0x0C, 0x01, 0x08,
        0xFF, 0x06, 0x0C, 0x18, 0x30, 0x60, 0xC1, 0x83, 0x06, 0x0F, 0xF0,
        /* U+06D3 'ۓ' */
        0xD3, 0x06, 0x03, 0x07, 0x0C, 0x01, 0x08,
        0xFF, 0x06, 0x0C, 0x18, 0x30, 0x60, 0xC1, 0x83, 0x06, 0x0F, 0xF0,
        /* U+06D4 '۔' */
        0xD4, 0x06, 0x03, 0x07, 0x0C, 0x01, 0x08,
        0xFF, 0x06, 0x0C, 0x18, 0x30, 0x60, 0xC1, 0x83, 0x06, 0x0F, 0xF0,
        /* U+06D5 'ە' */
        0xD5, 0x06, 0x07, 0x05, 0x05, 0x01, 0x07,
        0x76, 0xE3, 0x1F, 0x80,
        /* U+06D6 'ۖ' */
        0xD6, 0x06, 0x03, 0x07, 0x0C, 0x01, 0x08,
        0xFF, 0x06, 0x0C, 0x18, 0x30, 0x60, 0xC1, 0x83, 0x06, 0x0F, 0xF0,
        /* U+06D7 'ۗ' */
        0xD7, 0x06, 0x03, 0x07, 0x0C, 0x01, 0x08,
        0xFF, 0x06, 0x0C, 0x18, 0x30, 0x60, 0xC1, 0x83, 0x06, 0x0F, 0xF0,
        /* U+06D8 'ۘ' */
        0xD8, 0x06, 0x03, 0x07, 0x0C, 0x01, 0x08,
        0xFF, 0x06, 0x0C, 0x18, 0x30, 0x60, 0xC1, 0x83, 0x06, 0x0F, 0xF0,
        /* U+06D9 'ۙ' */
        0xD9, 0x06, 0x03, 0x07, 0x0C, 0x01, 0x08,
        0xFF, 0x06, 0x0C, 0x18, 0x30, 0x60, 0xC1, 0x83, 0x06, 0x0F, 0xF0,
        /* U+06DA 'ۚ' */
        0xDA, 0x06, 0x03, 0x07, 0x0C, 0x01, 0x08,
        0xFF, 0x06, 0x0C, 0x18, 0x30, 0x60, 0xC1, 0x83, 0x06, 0x0F, 0xF0,
        /* U+06DB 'ۛ' */
        0xDB, 0x06, 0x03, 0x07, 0x0C, 0x01, 0x08,
        0xFF, 0x06, 0x0C, 0x18, 0x30, 0x60, 0xC1, 0x83, 0x06, 0x0F, 0xF0,
        /* U+06DC 'ۜ' */
        0xDC, 0x06, 0x03, 0x07, 0x0C, 0x01, 0x08,
        0xFF, 0x06, 0x0C, 0x18, 0x30, 0x60, 0xC1, 0x83, 0x06, 0x0F, 0xF0,
        /* U+06DD '۝' */
        0xDD, 0x06, 0x03, 0x07, 0x0C, 0x01, 0x08,
        0xFF, 0x06, 0x0C, 0x18, 0x30, 0x60, 0xC1, 0x83, 0x06, 0x0F, 0xF0,
        /* U+06DE '۞' */
        0xDE, 0x06, 0x03, 0x07, 0x0C, 0x01, 0x08,
        0xFF, 0x06, 0x0C, 0x18, 0x30, 0x60, 0xC1, 0x83, 0x06, 0x0F, 0xF0,
        /* U+06DF '۟' */
        0xDF, 0x06, 0x03, 0x07, 0x0C, 0x01, 0x08,
        0xFF, 0x06, 0x0C, 0x18, 0x30, 0x60, 0xC1, 0x83, 0x06, 0x0F, 0xF0,
        /* U+06E0 '۠' */
        0xE0, 0x06, 0x03, 0x07, 0x0C, 0x01, 0x08,
        0xFF, 0x06, 0x0C, 0x18, 0x30, 0x60, 0xC1, 0x83, 0x06, 0x0F, 0xF0,
        /* U+06E1 'ۡ' */
        0xE1, 0x06, 0x03, 0x07, 0x0C, 0x01, 0x08,
        0xFF, 0x06, 0x0C, 0x18, 0x30, 0x60, 0xC1, 0x83, 0x06, 0x0F, 0xF0,
        /* U+06E2 'ۢ' */
        0xE2, 0x06, 0x03, 0x07, 0x0C, 0x01, 0x08,
        0xFF, 0x06, 0x0C, 0x18, 0x30, 0x60, 0xC1, 0x83, 0x06, 0x0F, 0xF0,
        /* U+06E3 'ۣ' */
        0xE3, 0x06, 0x03, 0x07, 0x0C, 0x01, 0x08,
        0xFF, 0x06, 0x0C, 0x18, 0x30, 0x60, 0xC1, 0x83, 0x06, 0x0F, 0xF0,
        /* U+06E4 'ۤ' */
        0xE4, 0x06, 0x03, 0x07, 0x0C, 0x01, 0x08,
        0xFF, 0x06, 0x0C, 0x18, 0x30, 0x60, 0xC1, 0x83, 0x06, 0x0F, 0xF0,
        /* U+06E5 'ۥ' */
        0xE5, 0x06, 0x03, 0x07, 0x0C, 0x01, 0x08,
        0xFF, 0x06, 0x0C, 0x18, 0x30, 0x60, 0xC1, 0x83, 0x06, 0x0F, 0xF0,
        /* U+06E6 'ۦ' */
        0xE6, 0x06, 0x03, 0x07, 0x0C, 0x01, 0x08,
        0xFF, 0x06, 0x0C, 0x18, 0x30, 0x60, 0xC1, 0x83, 0x06, 0x0F, 0xF0,
        /* U+06E7 'ۧ' */
        0xE7, 0x06, 0x03, 0x07, 0x0C, 0x01, 0x08,
        0xFF, 0x06, 0x0C, 0x18, 0x30, 0x60, 0xC1, 0x83, 0x06, 0x0F, 0xF0,
        /* U+06E8 'ۨ' */
        0xE8, 0x06, 0x03, 0x07, 0x0C, 0x01, 0x08,
        0xFF, 0x06, 0x0C, 0x18, 0x30, 0x60, 0xC1, 0x83, 0x06, 0x0F, 0xF0,
        /* U+06E9 '۩' */
        0xE9, 0x06, 0x03, 0x07, 0x0C, 0x01, 0x08,
        0xFF, 0x06, 0x0C, 0x18, 0x30, 0x60, 0xC1, 0x83, 0x06, 0x0F, 0xF0,
        /* U+06EA '۪' */
        0xEA, 0x06, 0x03, 0x07, 0x0C, 0x01, 0x08,
        0xFF, 0x06, 0x0C, 0x18, 0x30, 0x60, 0xC1, 0x83, 0x06, 0x0F, 0xF0,
        /* U+06EB '۫' */
        0xEB, 0x06, 0x03, 0x07, 0x0C, 0x01, 0x08,
        0xFF, 0x06, 0x0C, 0x18, 0x30, 0x60, 0xC1, 0x83, 0x06, 0x0F, 0xF0,
        /* U+06EC '۬' */
        0xEC, 0x06, 0x03, 0x07, 0x0C, 0x01, 0x08,
        0xFF, 0x06, 0x0C, 0x18, 0x30, 0x60, 0xC1, 0x83, 0x06, 0x0F, 0xF0,
        /* U+06ED 'ۭ' */
        0xED, 0x06, 0x03, 0x07, 0x0C, 0x01, 0x08,
        0xFF, 0x06, 0x0C, 0x18, 0x30, 0x60, 0xC1, 0x83, 0x06, 0x0F, 0xF0,
        /* U+06EE 'ۮ' */
        0xEE, 0x06, 0x03, 0x07, 0x0C, 0x01, 0x08,
        0xFF, 0x06, 0x0C, 0x18, 0x30, 0x60, 0xC1, 0x83, 0x06, 0x0F, 0xF0,
        /* U+06EF 'ۯ' */
        0xEF, 0x06, 0x03, 0x07, 0x0C, 0x01, 0x08,
        0xFF, 0x06, 0x0C, 0x18, 0x30, 0x60, 0xC1, 0x83, 0x06, 0x0F, 0xF0,
        /* U+06F0 '۰' */
        0xF0, 0x06, 0x08, 0x02, 0x02, 0x03, 0x08,
        0xF0,
        /* U+06F1 '۱' */
        0xF1, 0x06, 0x04, 0x03, 0x09, 0x02, 0x08,
        0x99, 0x26, 0xD9, 0x20,
        /* U+06F2 '۲' */
        0xF2, 0x06, 0x04, 0x06, 0x09, 0x01, 0x08,
        0x87, 0x3F, 0x90, 0x41, 0x04, 0x10, 0x40,
        /* U+06F3 '۳' */
        0xF3, 0x06, 0x04, 0x06, 0x09, 0x01, 0x08,
        0xB6, 0xDF, 0xD0, 0x41, 0x04, 0x10, 0x40,
        /* U+06F4 '۴' */
        0xF4, 0x06, 0x04, 0x06, 0x09, 0x01, 0x08,
        0x9B, 0x8F, 0xD6, 0x41, 0x04, 0x10, 0x40,
        /* U+06F5 '۵' */
        0xF5, 0x06, 0x04, 0x06, 0x09, 0x01, 0x08,
        0x31, 0xEC, 0xA3, 0x8E, 0x18, 0x6F, 0xF8,
        /* U+06F6 '۶' */
        0xF6, 0x06, 0x04, 0x04, 0x09, 0x02, 0x08,
        0x7C, 0x8C, 0x76, 0xC8, 0x80,
        /* U+06F7 '۷' */
        0xF7, 0x06, 0x04, 0x06, 0x09, 0x01, 0x08,
        0x86, 0x2C, 0x96, 0x51, 0xC3, 0x0C, 0x20,
        /* U+06F8 '۸' */
        0xF8, 0x06, 0x04, 0x06, 0x09, 0x01, 0x08,
        0x20, 0xC3, 0x1C, 0x51, 0x6C, 0xA2, 0x84,
        /* U+06F9 '۹' */
        0xF9, 0x06, 0x04, 0x06, 0x09, 0x01, 0x08,
        0x72, 0x68, 0xB2, 0x78, 0x20, 0x83, 0x0C,
        /* U+06FA 'ۺ' */
        0xFA, 0x06, 0x03, 0x07, 0x0C, 0x01, 0x08,
        0xFF, 0x06, 0x0C, 0x18, 0x30, 0x60, 0xC1, 0x83, 0x06, 0x0F, 0xF0,
        /* U+06FB 'ۻ' */
        0xFB, 0x06, 0x03, 0x07, 0x0C, 0x01, 0x08,
        0xFF, 0x06, 0x0C, 0x18, 0x30, 0x60, 0xC1, 0x83, 0x06, 0x0F, 0xF0,
        /* U+06FC 'ۼ' */
        0xFC, 0x06, 0x03, 0x07, 0x0C, 0x01, 0x08,
        0xFF, 0x06, 0x0C, 0x18, 0x30, 0x60, 0xC1, 0x83, 0x06, 0x0F, 0xF0,
        /* U+06FD '۽' */
        0xFD, 0x06, 0x03, 0x07, 0x0C, 0x01, 0x08,
        0xFF, 0x06, 0x0C, 0x18, 0x30, 0x60, 0xC1, 0x83, 0x06, 0x0F, 0xF0,
        /* U+06FE '۾' */
        0xFE, 0x06, 0x03, 0x07, 0x0C, 0x01, 0x08,
        0xFF, 0x06, 0x0C, 0x18, 0x30, 0x60, 0xC1, 0x83, 0x06, 0x0F, 0xF0,
        /* U+06FF 'ۿ' */
        0xFF, 0x06, 0x03, 0x07, 0x0C, 0x01, 0x08,
        0xFF, 0x06, 0x0C, 0x18, 0x30, 0x60, 0xC1, 0x83, 0x06, 0x0F, 0xF0,
        /* U+FB50 'ﭐ' */
        0x50, 0xFB, 0x03, 0x07, 0x0C, 0x01, 0x08,
        0xFF, 0x06, 0x0C, 0x18, 0x30, 0x60, 0xC1, 0x83, 0x06, 0x0F, 0xF0,
        /* U+FB51 'ﭑ' */
        0x51, 0xFB, 0x03, 0x07, 0x0C, 0x01, 0x08,
        0xFF, 0x06, 0x0C, 0x18, 0x30, 0x60, 0xC1, 0x83, 0x06, 0x0F, 0xF0,
        /* U+FB52 'ﭒ' */
        0x52, 0xFB, 0x08, 0x0B, 0x09, 0x01, 0x0D,
        0x00, 0x30, 0x06, 0x01, 0xE0, 0xE7, 0xF0, 0x00, 0x01, 0x00, 0x00, 0x04, 0x00,
        /* U+FB53 'ﭓ' */
        0x53, 0xFB, 0x08, 0x0D, 0x09, 0x01, 0x0E,
        0x00, 0x24, 0x01, 0x20, 0x19, 0x83, 0xE7, 0xF1, 0x80, 0x00, 0x10, 0x00, 0x00, 0x04, 0x00,
        /* U+FB54 'ﭔ' */
        0x54, 0xFB, 0x08, 0x03, 0x08, 0x00, 0x04,
        0x6D, 0xE0, 0x41,
        /* U+FB55 'ﭕ' */
        0x55, 0xFB, 0x08, 0x04, 0x08, 0x00, 0x04,
        0x66, 0x6F, 0x02, 0x02,
        /* U+FB56 'ﭖ' */
        0x56, 0xFB, 0x08, 0x0B, 0x09, 0x01, 0x0D,
        0x00, 0x30, 0x06, 0x01, 0xE0, 0xE7, 0xF0, 0x00, 0x02, 0x80, 0x00, 0x04, 0x00,
        /* U+FB57 'ﭗ' */
        0x57, 0xFB, 0x08, 0x0D, 0x09, 0x01, 0x0E,
        0x00, 0x24, 0x01, 0x20, 0x19, 0x83, 0xE7, 0xF1, 0x80, 0x00, 0x28, 0x00, 0x00, 0x04, 0x00,
        /* U+FB58 'ﭘ' */
        0x58, 0xFB, 0x08, 0x04, 0x08, 0x00, 0x04,
        0x66, 0x6C, 0x05, 0x02,
        /* U+FB59 'ﭙ' */
        0x59, 0xFB, 0x08, 0x04, 0x08, 0x00, 0x04,
        0x66, 0x6F, 0x05, 0x02,
        /* U+FB5A 'ﭚ' */
        0x5A, 0xFB, 0x08, 0x0B, 0x09, 0x01, 0x0D,
        0x00, 0x30, 0x06, 0x01, 0xE0, 0xE7, 0xF0, 0x00, 0x02, 0x80, 0x00, 0x0A, 0x00,
        /* U+FB5B 'ﭛ' */
        0x5B, 0xFB, 0x08, 0x0D, 0x09, 0x01, 0x0E,
        0x00, 0x24, 0x01, 0x20, 0x19, 0x83, 0xE7, 0xF1, 0x80, 0x00, 0x28, 0x00, 0x00, 0x0A, 0x00,
        /* U+FB5C 'ﭜ' */
        0x5C, 0xFB, 0x08, 0x04, 0x08, 0x00, 0x04,
        0x66, 0x6C, 0x05, 0x05,
        /* U+FB5D 'ﭝ' */
        0x5D, 0xFB, 0x08, 0x04, 0x08, 0x00, 0x04,
        0x66, 0x6F, 0x05, 0x05,
        /* U+FB5E 'ﭞ' */
        0x5E, 0xFB, 0x05, 0x0B, 0x07, 0x01, 0x0D,
        0x04, 0x00, 0x00, 0x10, 0xC0, 0x18, 0x07, 0x83, 0x9F, 0xC0,
        /* U+FB5F 'ﭟ' */
        0x5F, 0xFB, 0x05, 0x0D, 0x07, 0x01, 0x0E,
        0x04, 0x00, 0x00, 0x01, 0x09, 0x00, 0x48, 0x06, 0x60, 0xF9, 0xFC, 0x60,
        /* U+FB60 'ﭠ' */
        0x60, 0xFB, 0x03, 0x03, 0x09, 0x00, 0x04,
        0x20, 0x80, 0xDB, 0xC0,
        /* U+FB61 'ﭡ' */
        0x61, 0xFB, 0x03, 0x04, 0x09, 0x00, 0x04,
        0x20, 0x20, 0x06, 0x66, 0xF0,
        /* U+FB62 'ﭢ' */
        0x62, 0xFB, 0x05, 0x0B, 0x07, 0x01, 0x0D,
        0x0A, 0x00, 0x00, 0x28, 0xC0, 0x18, 0x07, 0x83, 0x9F, 0xC0,
        /* U+FB63 'ﭣ' */
        0x63, 0xFB, 0x05, 0x0D, 0x07, 0x01, 0x0E,
        0x0A, 0x00, 0x00, 0x02, 0x89, 0x00, 0x48, 0x06, 0x60, 0xF9, 0xFC, 0x60,
        /* U+FB64 'ﭤ' */
        0x64, 0xFB, 0x03, 0x04, 0x09, 0x00, 0x04,
        0x50, 0x50, 0x06, 0x66, 0xC0,
        /* U+FB65 'ﭥ' */
        0x65, 0xFB, 0x03, 0x04, 0x09, 0x00, 0x04,
        0x50, 0x50, 0x06, 0x66, 0xF0,
        /* U+FB66 'ﭦ' */
        0x66, 0xFB, 0x04, 0x0B, 0x08, 0x01, 0x0D,
        0x08, 0x01, 0xC0, 0x28, 0x02, 0x18, 0x03, 0x00, 0xF0, 0x73, 0xF8,
        /* U+FB67 'ﭧ' */
        0x67, 0xFB, 0x04, 0x0D, 0x08, 0x01, 0x0E,
        0x08, 0x00, 0x70, 0x02, 0x80, 0x08, 0x48, 0x02, 0x40, 0x33, 0x07, 0xCF, 0xE3,
        /* U+FB68 'ﭨ' */
        0x68, 0xFB, 0x03, 0x04, 0x09, 0x00, 0x04,
        0x47, 0x52, 0x06, 0x66, 0xC0,
        /* U+FB69 'ﭩ' */
        0x69, 0xFB, 0x03, 0x04, 0x09, 0x00, 0x04,
        0x47, 0x52, 0x06, 0x66, 0xF0,
        /* U+FB6A 'ﭪ' */
        0x6A, 0xFB, 0x02, 0x0C, 0x0C, 0x01, 0x0F,
        0x00, 0x20, 0x00, 0x00, 0x50, 0x00, 0x00, 0x60, 0x0F, 0x00, 0x98, 0x0F, 0x80, 0x78, 0x03, 0x7F, 0xE1, 0xE0,
        /* U+FB6B 'ﭫ' */
        0x6B, 0xFB, 0x03, 0x0E, 0x0B, 0x01, 0x0F,
        0x00, 0x20, 0x00, 0x00, 0x05, 0x00, 0x00, 0x00, 0x00, 0x03, 0xC8, 0x09, 0x20, 0x24, 0x80, 0xF1, 0xFF, 0xF1, 0xE0, 0x00,
        /* U+FB6C 'ﭬ' */
        0x6C, 0xFB, 0x02, 0x06, 0x0B, 0x00, 0x07,
        0x10, 0x02, 0x80, 0x31, 0xE6, 0xDF, 0x1C, 0x6F, 0x00,
        /* U+FB6D 'ﭭ' */
        0x6D, 0xFB, 0x03, 0x07, 0x0A, 0x00, 0x07,
        0x10, 0x00, 0xA0, 0x00, 0x07, 0x1B, 0x36, 0x39, 0xFC,
        /* U+FB6E 'ﭮ' */
        0x6E, 0xFB, 0x01, 0x0C, 0x0C, 0x01, 0x0F,
        0x00, 0x50, 0x00, 0x00, 0x50, 0x00, 0x00, 0x60, 0x0F, 0x00, 0x98, 0x0F, 0x80, 0x78, 0x03, 0x7F, 0xE1, 0xE0,
        /* U+FB6F 'ﭯ' */
        0x6F, 0xFB, 0x03, 0x0E, 0x0A, 0x01, 0x0F,
        0x00, 0x50, 0x00, 0x00, 0x05, 0x00, 0x00, 0x00, 0xF2, 0x02, 0x48, 0x09, 0x20, 0x3C, 0x7F, 0xFC, 0x78, 0x00,
        /* U+FB70 'ﭰ' */
        0x70, 0xFB, 0x01, 0x06, 0x0B, 0x00, 0x07,
        0x28, 0x02, 0x80, 0x31, 0xE6, 0xDF, 0x1C, 0x6F, 0x00,
        /* U+FB71 'ﭱ' */
        0x71, 0xFB, 0x02, 0x07, 0x0A, 0x00, 0x07,
        0x28, 0x00, 0xA0, 0x00, 0x07, 0x1B, 0x36, 0x39, 0xFC,
        /* U+FB72 'ﭲ' */
        0x72, 0xFB, 0x07, 0x08, 0x09, 0x01, 0x09,
        0xFE, 0x9C, 0x20, 0x40, 0x48, 0xC0, 0xC8, 0x40, 0x3F,
        /* U+FB73 'ﭳ' */
        0x73, 0xFB, 0x07, 0x08, 0x09, 0x01, 0x09,
        0xFE, 0x9C, 0x24, 0x44, 0x4A, 0xC1, 0xC8, 0x40, 0x3F,
        /* U+FB74 'ﭴ' */
        0x74, 0xFB, 0x07, 0x08, 0x09, 0x00, 0x09,
        0x60, 0x7E, 0x07, 0x0C, 0x38, 0xE0, 0x08, 0x00, 0x08,
        /* U+FB75 'ﭵ' */
        0x75, 0xFB, 0x07, 0x09, 0x09, 0x00, 0x09,
        0x60, 0x3F, 0x01, 0xC1, 0xC3, 0xB7, 0x0C, 0x20, 0x00, 0x08, 0x00,
        /* U+FB76 'ﭶ' */
        0x76, 0xFB, 0x07, 0x08, 0x09, 0x01, 0x09,
        0xFE, 0x9C, 0x20, 0x40, 0x40, 0xD4, 0xC0, 0x40, 0x3F,
        /* U+FB77 'ﭷ' */
        0x77, 0xFB, 0x07, 0x08, 0x09, 0x01, 0x09,
        0xFE, 0x9C, 0x24, 0x44, 0x42, 0xD5, 0xC0, 0x40, 0x3F,
        /* U+FB78 'ﭸ' */
        0x78, 0xFB, 0x07, 0x08, 0x07, 0x00, 0x09,
        0x60, 0x7E, 0x07, 0x0C, 0x38, 0xE0, 0x14,
        /* U+FB79 'ﭹ' */
        0x79, 0xFB, 0x07, 0x09, 0x07, 0x00, 0x09,
        0x60, 0x3F, 0x01, 0xC1, 0xC3, 0xB7, 0x0C, 0x50,
        /* U+FB7A 'ﭺ' */
        0x7A, 0xFB, 0x07, 0x08, 0x09, 0x01, 0x09,
        0xFE, 0x9C, 0x20, 0x40, 0x4A, 0xC0, 0xC4, 0x40, 0x3F,
        /* U+FB7B 'ﭻ' */
        0x7B, 0xFB, 0x07, 0x08, 0x09, 0x01, 0x09,
        0xFE, 0x9C, 0x24, 0x44, 0x42, 0xD5, 0xC0, 0x48, 0x3F,
        /* U+FB7C 'ﭼ' */
        0x7C, 0xFB, 0x07, 0x08, 0x09, 0x00, 0x09,
        0x60, 0x7E, 0x07, 0x0C, 0x38, 0xE0, 0x14, 0x00, 0x08,
        /* U+FB7D 'ﭽ' */
        0x7D, 0xFB, 0x07, 0x09, 0x09, 0x00, 0x09,
        0x60, 0x3F, 0x01, 0xC1, 0xC3, 0xB7, 0x0C, 0x50, 0x00, 0x08, 0x00,
        /* U+FB7E 'ﭾ' */
        0x7E, 0xFB, 0x07, 0x08, 0x09, 0x01, 0x09,
        0xFE, 0x9C, 0x20, 0x40, 0x4A, 0xC0, 0xCA, 0x40, 0x3F,
        /* U+FB7F 'ﭿ' */
        0x7F, 0xFB, 0x07, 0x08, 0x09, 0x01, 0x09,
        0xFE, 0x9C, 0x24, 0x44, 0x42, 0xD5, 0xC0, 0x54, 0x3F,
        /* U+FB80 'ﮀ' */
        0x80, 0xFB, 0x07, 0x08, 0x09, 0x00, 0x09,
        0x60, 0x7E, 0x07, 0x0C, 0x38, 0xE0, 0x14, 0x00, 0x14,
        /* U+FB81 'ﮁ' */
        0x81, 0xFB, 0x07, 0x09, 0x09, 0x00, 0x09,
        0x60, 0x3F, 0x01, 0xC1, 0xC3, 0xB7, 0x0C, 0x50, 0x00, 0x14, 0x00,
        /* U+FB82 'ﮂ' */
        0x82, 0xFB, 0x07, 0x04, 0x08, 0x01, 0x06,
        0x63, 0x11, 0x1F, 0x05,
        /* U+FB83 'ﮃ' */
        0x83, 0xFB, 0x07, 0x06, 0x08, 0x01, 0x07,
        0x60, 0xC1, 0x04, 0x1B, 0xF0, 0x14,
        /* U+FB84 'ﮄ' */
        0x84, 0xFB, 0x04, 0x04, 0x08, 0x01, 0x06,
        0x50, 0x63, 0x11, 0x1F,
        /* U+FB85 'ﮅ' */
        0x85, 0xFB, 0x04, 0x06, 0x08, 0x01, 0x07,
        0x50, 0x06, 0x0C, 0x10, 0x41, 0xBF,
        /* U+FB86 'ﮆ' */
        0x86, 0xFB, 0x03, 0x04, 0x0A, 0x01, 0x06,
        0x20, 0x50, 0x63, 0x11, 0x1F,
        /* U+FB87 'ﮇ' */
        0x87, 0xFB, 0x03, 0x06, 0x0A, 0x01, 0x07,
        0x20, 0x05, 0x00, 0x60, 0xC1, 0x04, 0x1B, 0xF0,
        /* U+FB88 'ﮈ' */
        0x88, 0xFB, 0x02, 0x04, 0x0A, 0x01, 0x06,
        0x47, 0x52, 0x63, 0x11, 0x1F,
        /* U+FB89 'ﮉ' */
        0x89, 0xFB, 0x02, 0x06, 0x0A, 0x01, 0x07,
        0x41, 0xC5, 0x08, 0x60, 0xC1, 0x04, 0x1B, 0xF0,
        /* U+FB8A 'ﮊ' */
        0x8A, 0xFB, 0x05, 0x07, 0x0B, 0x00, 0x07,
        0x04, 0x00, 0x28, 0x00, 0x60, 0x40, 0x83, 0x04, 0x1B, 0xC0,
        /* U+FB8B 'ﮋ' */
        0x8B, 0xFB, 0x05, 0x09, 0x0B, 0x00, 0x09,
        0x04, 0x00, 0x02, 0x80, 0x00, 0x60, 0x10, 0x08, 0x0F, 0x04, 0x06, 0x3C, 0x00,
        /* U+FB8C 'ﮌ' */
        0x8C, 0xFB, 0x03, 0x07, 0x0C, 0x00, 0x07,
        0x08, 0x1C, 0x28, 0x20, 0x00, 0xC0, 0x81, 0x06, 0x08, 0x37, 0x80,
        /* U+FB8D 'ﮍ' */
        0x8D, 0xFB, 0x03, 0x09, 0x0C, 0x00, 0x09,
        0x08, 0x07, 0x02, 0x80, 0x80, 0x00, 0x30, 0x08, 0x04, 0x07, 0x82, 0x03, 0x1E, 0x00,
        /* U+FB8E 'ﮎ' */
        0x8E, 0xFB, 0x02, 0x0C, 0x0C, 0x01, 0x0D,
        0x00, 0x10, 0x07, 0x03, 0x80, 0x20, 0x02, 0x00, 0x30, 0x01, 0x88, 0x08, 0x80, 0xC8, 0x08, 0x7F, 0x01, 0x80,
        /* U+FB8F 'ﮏ' */
        0x8F, 0xFB, 0x02, 0x0D, 0x0C, 0x01, 0x0E,
        0x00, 0x10, 0x03, 0x80, 0xE0, 0x04, 0x00, 0x20, 0x01, 0x80, 0x06, 0x10, 0x10, 0x80, 0xC4, 0x07, 0x1F, 0xCE, 0x38, 0x00,
        /* U+FB90 'ﮐ' */
        0x90, 0xFB, 0x02, 0x07, 0x0B, 0x00, 0x07,
        0x02, 0x1C, 0xE2, 0x04, 0x0C, 0x0C, 0x08, 0x18, 0x33, 0xC0,
        /* U+FB91 'ﮑ' */
        0x91, 0xFB, 0x02, 0x08, 0x0B, 0x00, 0x08,
        0x02, 0x0E, 0x38, 0x40, 0x40, 0x60, 0x30, 0x18, 0x18, 0x1C, 0xF7,
        /* U+FB92 'ﮒ' */
        0x92, 0xFB, 0x01, 0x0C, 0x0D, 0x01, 0x0D,
        0x00, 0x70, 0x19, 0x02, 0x70, 0x38, 0x02, 0x00, 0x20, 0x03, 0x00, 0x18, 0x80, 0x88, 0x0C, 0x80, 0x87, 0xF0, 0x18, 0x00,
        /* U+FB93 'ﮓ' */
        0x93, 0xFB, 0x01, 0x0D, 0x0D, 0x01, 0x0E,
        0x00, 0x70, 0x0C, 0x80, 0x9C, 0x07, 0x00, 0x20, 0x01, 0x00, 0x0C, 0x00, 0x30, 0x80, 0x84, 0x06, 0x20, 0x38, 0xFE, 0x71, 0xC0, 0x00,
        /* U+FB94 'ﮔ' */
        0x94, 0xFB, 0x01, 0x07, 0x0C, 0x00, 0x07,
        0x0E, 0x65, 0x39, 0xC4, 0x08, 0x18, 0x18, 0x10, 0x30, 0x67, 0x80,
        /* U+FB95 'ﮕ' */
        0x95, 0xFB, 0x01, 0x08, 0x0C, 0x00, 0x08,
        0x0E, 0x32, 0x4E, 0x38, 0x40, 0x40, 0x60, 0x30, 0x18, 0x18, 0x1C, 0xF7,
        /* U+FB96 'ﮖ' */
        0x96, 0xFB, 0x01, 0x0C, 0x10, 0x01, 0x0D,
        0x00, 0x70, 0x19, 0x02, 0x70, 0x38, 0x02, 0x00, 0x20, 0x03, 0x00, 0x18, 0x80, 0x88, 0x0C, 0x80, 0x87, 0xF0, 0x18, 0x00, 0x80, 0x00, 0x00, 0x80,
        /* U+FB97 'ﮗ' */
        0x97, 0xFB, 0x01, 0x0D, 0x10, 0x01, 0x0E,
        0x00, 0x70, 0x0C, 0x80, 0x9C, 0x07, 0x00, 0x20, 0x01, 0x00, 0x0C, 0x00, 0x30, 0x80, 0x84, 0x06, 0x20, 0x38, 0xFE, 0x71, 0xC0, 0x04, 0x00, 0x00, 0x01, 0x00,
        /* U+FB98 'ﮘ' */
        0x98, 0xFB, 0x01, 0x07, 0x10, 0x00, 0x07,
        0x0E, 0x65, 0x39, 0xC4, 0x08, 0x18, 0x18, 0x10, 0x30, 0x67, 0x80, 0x04, 0x00, 0x10,
        /* U+FB99 'ﮙ' */
        0x99, 0xFB, 0x01, 0x08, 0x10, 0x00, 0x08,
        0x0E, 0x32, 0x4E, 0x38, 0x40, 0x40, 0x60, 0x30, 0x18, 0x18, 0x1C, 0xF7, 0x00, 0x20, 0x00, 0x20,
        /* U+FB9A 'ﮚ' */
        0x9A, 0xFB, 0x00, 0x0C, 0x0D, 0x01, 0x0D,
        0x00, 0x70, 0x19, 0x02, 0x70, 0x38, 0x02, 0x00, 0x20, 0x03, 0x00, 0x18, 0x80, 0x88, 0x0C, 0x80, 0x87, 0xF0, 0x18, 0x00,
        /* U+FB9B 'ﮛ' */
        0x9B, 0xFB, 0x00, 0x0D, 0x0D, 0x01, 0x0E,
        0x00, 0x70, 0x0C, 0x80, 0x9C, 0x07, 0x00, 0x20, 0x01, 0x00, 0x0C, 0x00, 0x30, 0x80, 0x84, 0x06, 0x20, 0x38, 0xFE, 0x71, 0xC0, 0x00,
        /* U+FB9C 'ﮜ' */
        0x9C, 0xFB, 0x00, 0x07, 0x0C, 0x00, 0x07,
        0x0E, 0x65, 0x39, 0xC4, 0x08, 0x18, 0x18, 0x10, 0x30, 0x67, 0x80,
        /* U+FB9D 'ﮝ' */
        0x9D, 0xFB, 0x00, 0x08, 0x0C, 0x00, 0x08,
        0x0E, 0x32, 0x4E, 0x38, 0x40, 0x40, 0x60, 0x30, 0x18, 0x18, 0x1C, 0xF7,
        /* U+FB9E 'ﮞ' */
        0x9E, 0xFB, 0x07, 0x08, 0x07, 0x01, 0x0A,
        0x01, 0x01, 0x81, 0x81, 0x81, 0xC2, 0x7C,
        /* U+FB9F 'ﮟ' */
        0x9F, 0xFB, 0x09, 0x0A, 0x07, 0x01, 0x0B,
        0x03, 0x00, 0x48, 0x1A, 0x07, 0x81, 0x30, 0xC7, 0xE0,
        /* U+FBA0 'ﮠ' */
        0xA0, 0xFB, 0x03, 0x08, 0x0B, 0x01, 0x0A,
        0x20, 0x38, 0x28, 0x10, 0x01, 0x01, 0x81, 0x81, 0x81, 0xC2, 0x7C,
        /* U+FBA1 'ﮡ' */
        0xA1, 0xFB, 0x05, 0x0A, 0x0A, 0x01, 0x0B,
        0x20, 0x0E, 0x02, 0x80, 0x4C, 0x01, 0x20, 0x68, 0x1E, 0x04, 0xC3, 0x1F, 0x80,
        /* U+FBA2 'ﮢ' */
        0xA2, 0xFB, 0x03, 0x04, 0x09, 0x00, 0x04,
        0x47, 0x52, 0x06, 0x66, 0xC0,
        /* U+FBA3 'ﮣ' */
        0xA3, 0xFB, 0x03, 0x04, 0x09, 0x00, 0x04,
        0x47, 0x52, 0x06, 0x66, 0xF0,
        /* U+FBA4 'ﮤ' */
        0xA4, 0xFB, 0x03, 0x07, 0x0C, 0x01, 0x08,
        0xFF, 0x06, 0x0C, 0x18, 0x30, 0x60, 0xC1, 0x83, 0x06, 0x0F, 0xF0,
        /* U+FBA5 'ﮥ' */
        0xA5, 0xFB, 0x03, 0x07, 0x0C, 0x01, 0x08,
        0xFF, 0x06, 0x0C, 0x18, 0x30, 0x60, 0xC1, 0x83, 0x06, 0x0F, 0xF0,
        /* U+FBA6 'ﮦ' */
        0xA6, 0xFB, 0x03, 0x07, 0x0C, 0x01, 0x08,
        0xFF, 0x06, 0x0C, 0x18, 0x30, 0x60, 0xC1, 0x83, 0x06, 0x0F, 0xF0,
        /* U+FBA7 'ﮧ' */
        0xA7, 0xFB, 0x03, 0x07, 0x0C, 0x01, 0x08,
        0xFF, 0x06, 0x0C, 0x18, 0x30, 0x60, 0xC1, 0x83, 0x06, 0x0F, 0xF0,
        /* U+FBA8 'ﮨ' */
        0xA8, 0xFB, 0x03, 0x07, 0x0C, 0x01, 0x08,
        0xFF, 0x06, 0x0C, 0x18, 0x30, 0x60, 0xC1, 0x83, 0x06, 0x0F, 0xF0,
        /* U+FBA9 'ﮩ' */
        0xA9, 0xFB, 0x03, 0x07, 0x0C, 0x01, 0x08,
        0xFF, 0x06, 0x0C, 0x18, 0x30, 0x60, 0xC1, 0x83, 0x06, 0x0F, 0xF0,
        /* U+FBAA 'ﮪ' */
        0xAA, 0xFB, 0x07, 0x08, 0x06, 0x01, 0x0A,
        0x18, 0x1C, 0x36, 0x35, 0x9D, 0xFF,
        /* U+FBAB 'ﮫ' */
        0xAB, 0xFB, 0x08, 0x08, 0x08, 0x01, 0x09,
        0x0C, 0x1E, 0x16, 0xBC, 0xFF, 0x34, 0x12, 0x1E,
        /* U+FBAC 'ﮬ' */
        0xAC, 0xFB, 0x06, 0x07, 0x07, 0x00, 0x07,
        0x40, 0xE1, 0xE2, 0xE5, 0xCE, 0xFF, 0x00,
        /* U+FBAD 'ﮭ' */
        0xAD, 0xFB, 0x08, 0x07, 0x08, 0x00, 0x07,
        0x10, 0x51, 0xA2, 0xCF, 0xEB, 0x1A, 0x1C,
        /* U+FBAE 'ﮮ' */
        0xAE, 0xFB, 0x03, 0x07, 0x0C, 0x01, 0x08,
        0xFF, 0x06, 0x0C, 0x18, 0x30, 0x60, 0xC1, 0x83, 0x06, 0x0F, 0xF0,
        /* U+FBAF 'ﮯ' */
        0xAF, 0xFB, 0x03, 0x07, 0x0C, 0x01, 0x08,
        0xFF, 0x06, 0x0C, 0x18, 0x30, 0x60, 0xC1, 0x83, 0x06, 0x0F, 0xF0,
        /* U+FBB0 'ﮰ' */
        0xB0, 0xFB, 0x03, 0x07, 0x0C, 0x01, 0x08,
        0xFF, 0x06, 0x0C, 0x18, 0x30, 0x60, 0xC1, 0x83, 0x06, 0x0F, 0xF0,
        /* U+FBB1 'ﮱ' */
        0xB1, 0xFB, 0x03, 0x07, 0x0C, 0x01, 0x08,
        0xFF, 0x06, 0x0C, 0x18, 0x30, 0x60, 0xC1, 0x83, 0x06, 0x0F, 0xF0,
        /* U+FBB2 '﮲' */
        0xB2, 0xFB, 0x03, 0x07, 0x0C, 0x01, 0x08,
        0xFF, 0x06, 0x0C, 0x18, 0x30, 0x60, 0xC1, 0x83, 0x06, 0x0F, 0xF0,
        /* U+FBB3 '﮳' */
        0xB3, 0xFB, 0x03, 0x07, 0x0C, 0x01, 0x08,
        0xFF, 0x06, 0x0C, 0x18, 0x30, 0x60, 0xC1, 0x83, 0x06, 0x0F, 0xF0,
        /* U+FBB4 '﮴' */
        0xB4, 0xFB, 0x03, 0x07, 0x0C, 0x01, 0x08,
        0xFF, 0x06, 0x0C, 0x18, 0x30, 0x60, 0xC1, 0x83, 0x06, 0x0F, 0xF0,
        /* U+FBB5 '﮵' */
        0xB5, 0xFB, 0x03, 0x07, 0x0C, 0x01, 0x08,
        0xFF, 0x06, 0x0C, 0x18, 0x30, 0x60, 0xC1, 0x83, 0x06, 0x0F, 0xF0,
        /* U+FBB6 '﮶' */
        0xB6, 0xFB, 0x03, 0x07, 0x0C, 0x01, 0x08,
        0xFF, 0x06, 0x0C, 0x18, 0x30, 0x60, 0xC1, 0x83, 0x06, 0x0F, 0xF0,
        /* U+FBB7 '﮷' */
        0xB7, 0xFB, 0x03, 0x07, 0x0C, 0x01, 0x08,
        0xFF, 0x06, 0x0C, 0x18, 0x30, 0x60, 0xC1, 0x83, 0x06, 0x0F, 0xF0,
        /* U+FBB8 '﮸' */
        0xB8, 0xFB, 0x03, 0x07, 0x0C, 0x01, 0x08,
        0xFF, 0x06, 0x0C, 0x18, 0x30, 0x60, 0xC1, 0x83, 0x06, 0x0F, 0xF0,
        /* U+FBB9 '﮹' */
        0xB9, 0xFB, 0x03, 0x07, 0x0C, 0x01, 0x08,
        0xFF, 0x06, 0x0C, 0x18, 0x30, 0x60, 0xC1, 0x83, 0x06, 0x0F, 0xF0,
        /* U+FBBA '﮺' */
        0xBA, 0xFB, 0x03, 0x07, 0x0C, 0x01, 0x08,
        0xFF, 0x06, 0x0C, 0x18, 0x30, 0x60, 0xC1, 0x83, 0x06, 0x0F, 0xF0,
        /* U+FBBB '﮻' */
        0xBB, 0xFB, 0x03, 0x07, 0x0C, 0x01, 0x08,
        0xFF, 0x06, 0x0C, 0x18, 0x30, 0x60, 0xC1, 0x83, 0x06, 0x0F, 0xF0,
        /* U+FBBC '﮼' */
        0xBC, 0xFB, 0x03, 0x07, 0x0C, 0x01, 0x08,
        0xFF, 0x06, 0x0C, 0x18, 0x30, 0x60, 0xC1, 0x83, 0x06, 0x0F, 0xF0,
        /* U+FBBD '﮽' */
        0xBD, 0xFB, 0x03, 0x07, 0x0C, 0x01, 0x08,
        0xFF, 0x06, 0x0C, 0x18, 0x30, 0x60, 0xC1, 0x83, 0x06, 0x0F, 0xF0,
        /* U+FBBE '﮾' */
        0xBE, 0xFB, 0x03, 0x07, 0x0C, 0x01, 0x08,
        0xFF, 0x06, 0x0C, 0x18, 0x30, 0x60, 0xC1, 0x83, 0x06, 0x0F, 0xF0,
        /* U+FBBF '﮿' */
        0xBF, 0xFB, 0x03, 0x07, 0x0C, 0x01, 0x08,
        0xFF, 0x06, 0x0C, 0x18, 0x30, 0x60, 0xC1, 0x83, 0x06, 0x0F, 0xF0,
        /* U+FBC0 '﯀' */
        0xC0, 0xFB, 0x03, 0x07, 0x0C, 0x01, 0x08,
        0xFF, 0x06, 0x0C, 0x18, 0x30, 0x60, 0xC1, 0x83, 0x06, 0x0F, 0xF0,
        /* U+FBC1 '﯁' */
        0xC1, 0xFB, 0x03, 0x07, 0x0C, 0x01, 0x08,
        0xFF, 0x06, 0x0C, 0x18, 0x30, 0x60, 0xC1, 0x83, 0x06, 0x0F, 0xF0,
        /* U+FBC2 '﯂' */
        0xC2, 0xFB, 0x03, 0x07, 0x0C, 0x01, 0x08,
        0xFF, 0x06, 0x0C, 0x18, 0x30, 0x60, 0xC1, 0x83, 0x06, 0x0F, 0xF0,
        /* U+FBC3 '﯃' */
        0xC3, 0xFB, 0x03, 0x07, 0x0C, 0x01, 0x08,
        0xFF, 0x06, 0x0C, 0x18, 0x30, 0x60, 0xC1, 0x83, 0x06, 0x0F, 0xF0,
        /* U+FBC4 '﯄' */
        0xC4, 0xFB, 0x03, 0x07, 0x0C, 0x01, 0x08,
        0xFF, 0x06, 0x0C, 0x18, 0x30, 0x60, 0xC1, 0x83, 0x06, 0x0F, 0xF0,
        /* U+FBC5 '﯅' */
        0xC5, 0xFB, 0x03, 0x07, 0x0C, 0x01, 0x08,
        0xFF, 0x06, 0x0C, 0x18, 0x30, 0x60, 0xC1, 0x83, 0x06, 0x0F, 0xF0,
        /* U+FBC6 '﯆' */
        0xC6, 0xFB, 0x03, 0x07, 0x0C, 0x01, 0x08,
        0xFF, 0x06, 0x0C, 0x18, 0x30, 0x60, 0xC1, 0x83, 0x06, 0x0F, 0xF0,
        /* U+FBC7 '﯇' */
        0xC7, 0xFB, 0x03, 0x07, 0x0C, 0x01, 0x08,
        0xFF, 0x06, 0x0C, 0x18, 0x30, 0x60, 0xC1, 0x83, 0x06, 0x0F, 0xF0,
        /* U+FBC8 '﯈' */
        0xC8, 0xFB, 0x03, 0x07, 0x0C, 0x01, 0x08,
        0xFF, 0x06, 0x0C, 0x18, 0x30, 0x60, 0xC1, 0x83, 0x06, 0x0F, 0xF0,
        /* U+FBC9 '﯉' */
        0xC9, 0xFB, 0x03, 0x07, 0x0C, 0x01, 0x08,
        0xFF, 0x06, 0x0C, 0x18, 0x30, 0x60, 0xC1, 0x83, 0x06, 0x0F, 0xF0,
        /* U+FBCA '﯊' */
        0xCA, 0xFB, 0x03, 0x07, 0x0C, 0x01, 0x08,
        0xFF, 0x06, 0x0C, 0x18, 0x30, 0x60, 0xC1, 0x83, 0x06, 0x0F, 0xF0,
        /* U+FBCB '﯋' */
        0xCB, 0xFB, 0x03, 0x07, 0x0C, 0x01, 0x08,
        0xFF, 0x06, 0x0C, 0x18, 0x30, 0x60, 0xC1, 0x83, 0x06, 0x0F, 0xF0,
        /* U+FBCC '﯌' */
        0xCC, 0xFB, 0x03, 0x07, 0x0C, 0x01, 0x08,
        0xFF, 0x06, 0x0C, 0x18, 0x30, 0x60, 0xC1, 0x83, 0x06, 0x0F, 0xF0,
        /* U+FBCD '﯍' */
        0xCD, 0xFB, 0x03, 0x07, 0x0C, 0x01, 0x08,
        0xFF, 0x06, 0x0C, 0x18, 0x30, 0x60, 0xC1, 0x83, 0x06, 0x0F, 0xF0,
        /* U+FBCE '﯎' */
        0xCE, 0xFB, 0x03, 0x07, 0x0C, 0x01, 0x08,
        0xFF, 0x06, 0x0C, 0x18, 0x30, 0x60, 0xC1, 0x83, 0x06, 0x0F, 0xF0,
        /* U+FBCF '﯏' */
        0xCF, 0xFB, 0x03, 0x07, 0x0C, 0x01, 0x08,
        0xFF, 0x06, 0x0C, 0x18, 0x30, 0x60, 0xC1, 0x83, 0x06, 0x0F, 0xF0,
        /* U+FBD0 '﯐' */
        0xD0, 0xFB, 0x03, 0x07, 0x0C, 0x01, 0x08,
        0xFF, 0x06, 0x0C, 0x18, 0x30, 0x60, 0xC1, 0x83, 0x06, 0x0F, 0xF0,
        /* U+FBD1 '﯑' */
        0xD1, 0xFB, 0x03, 0x07, 0x0C, 0x01, 0x08,
        0xFF, 0x06, 0x0C, 0x18, 0x30, 0x60, 0xC1, 0x83, 0x06, 0x0F, 0xF0,
        /* U+FBD2 '﯒' */
        0xD2, 0xFB, 0x03, 0x07, 0x0C, 0x01, 0x08,
        0xFF, 0x06, 0x0C, 0x18, 0x30, 0x60, 0xC1, 0x83, 0x06, 0x0F, 0xF0,
        /* U+FBD3 'ﯓ' */
        0xD3, 0xFB, 0x01, 0x09, 0x0C, 0x01, 0x0C,
        0x08, 0x00, 0x45, 0x20, 0x10, 0xC8, 0x84, 0x32, 0x31, 0x00, 0xC0, 0x60, 0x6F, 0xE0,
        /* U+FBD4 'ﯔ' */
        0xD4, 0xFB, 0x01, 0x0B, 0x0C, 0x01, 0x0C,
        0x08, 0x00, 0x10, 0x52, 0x00, 0x40, 0xC8, 0x21, 0x03, 0x20, 0xC4, 0x00, 0x90, 0x12, 0x07, 0x3F, 0xB0,
        /* U+FBD5 'ﯕ' */
        0xD5, 0xFB, 0x00, 0x07, 0x0D, 0x00, 0x07,
        0x20, 0x01, 0x48, 0x73, 0x88, 0x10, 0x30, 0x30, 0x20, 0x60, 0xCF, 0x00,
        /* U+FBD6 'ﯖ' */
        0xD6, 0xFB, 0x00, 0x08, 0x0D, 0x00, 0x08,
        0x20, 0x00, 0x52, 0x0E, 0x38, 0x40, 0x40, 0x60, 0x30, 0x18, 0x18, 0x1C, 0xF7,
        /* U+FBD7 'ﯗ' */
        0xD7, 0xFB, 0x03, 0x07, 0x0C, 0x01, 0x08,
        0xFF, 0x06, 0x0C, 0x18, 0x30, 0x60, 0xC1, 0x83, 0x06, 0x0F, 0xF0,
        /* U+FBD8 'ﯘ' */
        0xD8, 0xFB, 0x03, 0x07, 0x0C, 0x01, 0x08,
        0xFF, 0x06, 0x0C, 0x18, 0x30, 0x60, 0xC1, 0x83, 0x06, 0x0F, 0xF0,
        /* U+FBD9 'ﯙ' */
        0xD9, 0xFB, 0x05, 0x07, 0x0B, 0x00, 0x07,
        0x14, 0x38, 0x00, 0x01, 0xC6, 0xCD, 0x8F, 0x04, 0x1B, 0xE0,
        /* U+FBDA 'ﯚ' */
        0xDA, 0xFB, 0x05, 0x08, 0x0B, 0x00, 0x08,
        0x14, 0x1C, 0x00, 0x00, 0x1C, 0x36, 0x36, 0x1F, 0x04, 0x0C, 0xF8,
        /* U+FBDB 'ﯛ' */
        0xDB, 0xFB, 0x03, 0x07, 0x0C, 0x01, 0x08,
        0xFF, 0x06, 0x0C, 0x18, 0x30, 0x60, 0xC1, 0x83, 0x06, 0x0F, 0xF0,
        /* U+FBDC 'ﯜ' */
        0xDC, 0xFB, 0x03, 0x07, 0x0C, 0x01, 0x08,
        0xFF, 0x06, 0x0C, 0x18, 0x30, 0x60, 0xC1, 0x83, 0x06, 0x0F, 0xF0,
        /* U+FBDD 'ﯝ' */
        0xDD, 0xFB, 0x03, 0x07, 0x0C, 0x01, 0x08,
        0xFF, 0x06, 0x0C, 0x18, 0x30, 0x60, 0xC1, 0x83, 0x06, 0x0F, 0xF0,
        /* U+FBDE 'ﯞ' */
        0xDE, 0xFB, 0x03, 0x07, 0x0C, 0x01, 0x08,
        0xFF, 0x06, 0x0C, 0x18, 0x30, 0x60, 0xC1, 0x83, 0x06, 0x0F, 0xF0,
        /* U+FBDF 'ﯟ' */
        0xDF, 0xFB, 0x03, 0x07, 0x0C, 0x01, 0x08,
        0xFF, 0x06, 0x0C, 0x18, 0x30, 0x60, 0xC1, 0x83, 0x06, 0x0F, 0xF0,
        /* U+FBE0 'ﯠ' */
        0xE0, 0xFB, 0x03, 0x07, 0x0C, 0x01, 0x08,
        0xFF, 0x06, 0x0C, 0x18, 0x30, 0x60, 0xC1, 0x83, 0x06, 0x0F, 0xF0,
        /* U+FBE1 'ﯡ' */
        0xE1, 0xFB, 0x03, 0x07, 0x0C, 0x01, 0x08,
        0xFF, 0x06, 0x0C, 0x18, 0x30, 0x60, 0xC1, 0x83, 0x06, 0x0F, 0xF0,
        /* U+FBE2 'ﯢ' */
        0xE2, 0xFB, 0x03, 0x07, 0x0C, 0x01, 0x08,
        0xFF, 0x06, 0x0C, 0x18, 0x30, 0x60, 0xC1, 0x83, 0x06, 0x0F, 0xF0,
        /* U+FBE3 'ﯣ' */
        0xE3, 0xFB, 0x03, 0x07, 0x0C, 0x01, 0x08,
        0xFF, 0x06, 0x0C, 0x18, 0x30, 0x60, 0xC1, 0x83, 0x06, 0x0F, 0xF0,
        /* U+FBE4 'ﯤ' */
        0xE4, 0xFB, 0x03, 0x07, 0x0C, 0x01, 0x08,
        0xFF, 0x06, 0x0C, 0x18, 0x30, 0x60, 0xC1, 0x83, 0x06, 0x0F, 0xF0,
        /* U+FBE5 'ﯥ' */
        0xE5, 0xFB, 0x03, 0x07, 0x0C, 0x01, 0x08,
        0xFF, 0x06, 0x0C, 0x18, 0x30, 0x60, 0xC1, 0x83, 0x06, 0x0F, 0xF0,
        /* U+FBE6 'ﯦ' */
        0xE6, 0xFB, 0x03, 0x07, 0x0C, 0x01, 0x08,
        0xFF, 0x06, 0x0C, 0x18, 0x30, 0x60, 0xC1, 0x83, 0x06, 0x0F, 0xF0,
        /* U+FBE7 'ﯧ' */
        0xE7, 0xFB, 0x03, 0x07, 0x0C, 0x01, 0x08,
        0xFF, 0x06, 0x0C, 0x18, 0x30, 0x60, 0xC1, 0x83, 0x06, 0x0F, 0xF0,
        /* U+FBE8 'ﯨ' */
        0xE8, 0xFB, 0x08, 0x03, 0x04, 0x00, 0x04,
        0x6D, 0xE0,
        /* U+FBE9 'ﯩ' */
        0xE9, 0xFB, 0x08, 0x04, 0x04, 0x00, 0x04,
        0x66, 0x6F,
        /* U+FBEA 'ﯪ' */
        0xEA, 0xFB, 0x03, 0x07, 0x0C, 0x01, 0x08,
        0xFF, 0x06, 0x0C, 0x18, 0x30, 0x60, 0xC1, 0x83, 0x06, 0x0F, 0xF0,
        /* U+FBEB 'ﯫ' */
        0xEB, 0xFB, 0x03, 0x07, 0x0C, 0x01, 0x08,
        0xFF, 0x06, 0x0C, 0x18, 0x30, 0x60, 0xC1, 0x83, 0x06, 0x0F, 0xF0,
        /* U+FBEC 'ﯬ' */
        0xEC, 0xFB, 0x03, 0x07, 0x0C, 0x01, 0x08,
        0xFF, 0x06, 0x0C, 0x18, 0x30, 0x60, 0xC1, 0x83, 0x06, 0x0F, 0xF0,
        /* U+FBED 'ﯭ' */
        0xED, 0xFB, 0x03, 0x07, 0x0C, 0x01, 0x08,
        0xFF, 0x06, 0x0C, 0x18, 0x30, 0x60, 0xC1, 0x83, 0x06, 0x0F, 0xF0,
        /* U+FBEE 'ﯮ' */
        0xEE, 0xFB, 0x03, 0x07, 0x0C, 0x01, 0x08,
        0xFF, 0x06, 0x0C, 0x18, 0x30, 0x60, 0xC1, 0x83, 0x06, 0x0F, 0xF0,
        /* U+FBEF 'ﯯ' */
        0xEF, 0xFB, 0x03, 0x07, 0x0C, 0x01, 0x08,
        0xFF, 0x06, 0x0C, 0x18, 0x30, 0x60, 0xC1, 0x83, 0x06, 0x0F, 0xF0,
        /* U+FBF0 'ﯰ' */
        0xF0, 0xFB, 0x03, 0x07, 0x0C, 0x01, 0x08,
        0xFF, 0x06, 0x0C, 0x18, 0x30, 0x60, 0xC1, 0x83, 0x06, 0x0F, 0xF0,
        /* U+FBF1 'ﯱ' */
        0xF1, 0xFB, 0x03, 0x07, 0x0C, 0x01, 0x08,
        0xFF, 0x06, 0x0C, 0x18, 0x30, 0x60, 0xC1, 0x83, 0x06, 0x0F, 0xF0,
        /* U+FBF2 'ﯲ' */
        0xF2, 0xFB, 0x03, 0x07, 0x0C, 0x01, 0x08,
        0xFF, 0x06, 0x0C, 0x18, 0x30, 0x60, 0xC1, 0x83, 0x06, 0x0F, 0xF0,
        /* U+FBF3 'ﯳ' */
        0xF3, 0xFB, 0x03, 0x07, 0x0C, 0x01, 0x08,
        0xFF, 0x06, 0x0C, 0x18, 0x30, 0x60, 0xC1, 0x83, 0x06, 0x0F, 0xF0,
        /* U+FBF4 'ﯴ' */
        0xF4, 0xFB, 0x03, 0x07, 0x0C, 0x01, 0x08,
        0xFF, 0x06, 0x0C, 0x18, 0x30, 0x60, 0xC1, 0x83, 0x06, 0x0F, 0xF0,
        /* U+FBF5 'ﯵ' */
        0xF5, 0xFB, 0x03, 0x07, 0x0C, 0x01, 0x08,
        0xFF, 0x06, 0x0C, 0x18, 0x30, 0x60, 0xC1, 0x83, 0x06, 0x0F, 0xF0,
        /* U+FBF6 'ﯶ' */
        0xF6, 0xFB, 0x03, 0x07, 0x0C, 0x01, 0x08,
        0xFF, 0x06, 0x0C, 0x18, 0x30, 0x60, 0xC1, 0x83, 0x06, 0x0F, 0xF0,
        /* U+FBF7 'ﯷ' */
        0xF7, 0xFB, 0x03, 0x07, 0x0C, 0x01, 0x08,
        0xFF, 0x06, 0x0C, 0x18, 0x30, 0x60, 0xC1, 0x83, 0x06, 0x0F, 0xF0,
        /* U+FBF8 'ﯸ' */
        0xF8, 0xFB, 0x03, 0x07, 0x0C, 0x01, 0x08,
        0xFF, 0x06, 0x0C, 0x18, 0x30, 0x60, 0xC1, 0x83, 0x06, 0x0F, 0xF0,
        /* U+FBF9 'ﯹ' */
        0xF9, 0xFB, 0x03, 0x07, 0x0C, 0x01, 0x08,
        0xFF, 0x06, 0x0C, 0x18, 0x30, 0x60, 0xC1, 0x83, 0x06, 0x0F, 0xF0,
        /* U+FBFA 'ﯺ' */
        0xFA, 0xFB, 0x03, 0x07, 0x0C, 0x01, 0x08,
        0xFF, 0x06, 0x0C, 0x18, 0x30, 0x60, 0xC1, 0x83, 0x06, 0x0F, 0xF0,
        /* U+FBFB 'ﯻ' */
        0xFB, 0xFB, 0x03, 0x07, 0x0C, 0x01, 0x08,
        0xFF, 0x06, 0x0C, 0x18, 0x30, 0x60, 0xC1, 0x83, 0x06, 0x0F, 0xF0,
        /* U+FBFC 'ﯼ' */
        0xFC, 0xFB, 0x07, 0x09, 0x08, 0x01, 0x0B,
        0x07, 0x06, 0xC2, 0x00, 0xE8, 0x1C, 0x0F, 0x3C, 0xF8,
        /* U+FBFD 'ﯽ' */
        0xFD, 0xFB, 0x0A, 0x0B, 0x05, 0x01, 0x0C,
        0xC3, 0xD0, 0x6A, 0x04, 0xF1, 0x83, 0xC0,
        /* U+FBFE 'ﯾ' */
        0xFE, 0xFB, 0x08, 0x04, 0x06, 0x00, 0x04,
        0x66, 0x6C, 0x05,
        /* U+FBFF 'ﯿ' */
        0xFF, 0xFB, 0x08, 0x04, 0x06, 0x00, 0x04,
        0x66, 0x6F, 0x05,
        /* U+FC00 'ﰀ' */
        0x00, 0xFC, 0x03, 0x07, 0x0C, 0x01, 0x08,
        0xFF, 0x06, 0x0C, 0x18, 0x30, 0x60, 0xC1, 0x83, 0x06, 0x0F, 0xF0,
        /* U+FC01 'ﰁ' */
        0x01, 0xFC, 0x03, 0x07, 0x0C, 0x01, 0x08,
        0xFF, 0x06, 0x0C, 0x18, 0x30, 0x60, 0xC1, 0x83, 0x06, 0x0F, 0xF0,
        /* U+FC02 'ﰂ' */
        0x02, 0xFC, 0x03, 0x07, 0x0C, 0x01, 0x08,
        0xFF, 0x06, 0x0C, 0x18, 0x30, 0x60, 0xC1, 0x83, 0x06, 0x0F, 0xF0,
        /* U+FC03 'ﰃ' */
        0x03, 0xFC, 0x03, 0x07, 0x0C, 0x01, 0x08,
        0xFF, 0x06, 0x0C, 0x18, 0x30, 0x60, 0xC1, 0x83, 0x06, 0x0F, 0xF0,
        /* U+FC04 'ﰄ' */
        0x04, 0xFC, 0x03, 0x07, 0x0C, 0x01, 0x08,
        0xFF, 0x06, 0x0C, 0x18, 0x30, 0x60, 0xC1, 0x83, 0x06, 0x0F, 0xF0,
        /* U+FC05 'ﰅ' */
        0x05, 0xFC, 0x03, 0x07, 0x0C, 0x01, 0x08,
        0xFF, 0x06, 0x0C, 0x18, 0x30, 0x60, 0xC1, 0x83, 0x06, 0x0F, 0xF0,
        /* U+FC06 'ﰆ' */
        0x06, 0xFC, 0x03, 0x07, 0x0C, 0x01, 0x08,
        0xFF, 0x06, 0x0C, 0x18, 0x30, 0x60, 0xC1, 0x83, 0x06, 0x0F, 0xF0,
        /* U+FC07 'ﰇ' */
        0x07, 0xFC, 0x03, 0x07, 0x0C, 0x01, 0x08,
        0xFF, 0x06, 0x0C, 0x18, 0x30, 0x60, 0xC1, 0x83, 0x06, 0x0F, 0xF0,
        /* U+FC08 'ﰈ' */
        0x08, 0xFC, 0x03, 0x07, 0x0C, 0x01, 0x08,
        0xFF, 0x06, 0x0C, 0x18, 0x30, 0x60, 0xC1, 0x83, 0x06, 0x0F, 0xF0,
        /* U+FC09 'ﰉ' */
        0x09, 0xFC, 0x03, 0x07, 0x0C, 0x01, 0x08,
        0xFF, 0x06, 0x0C, 0x18, 0x30, 0x60, 0xC1, 0x83, 0x06, 0x0F, 0xF0,
        /* U+FC0A 'ﰊ' */
        0x0A, 0xFC, 0x03, 0x07, 0x0C, 0x01, 0x08,
        0xFF, 0x06, 0x0C, 0x18, 0x30, 0x60, 0xC1, 0x83, 0x06, 0x0F, 0xF0,
        /* U+FC0B 'ﰋ' */
        0x0B, 0xFC, 0x03, 0x07, 0x0C, 0x01, 0x08,
        0xFF, 0x06, 0x0C, 0x18, 0x30, 0x60, 0xC1, 0x83, 0x06, 0x0F, 0xF0,
        /* U+FC0C 'ﰌ' */
        0x0C, 0xFC, 0x03, 0x07, 0x0C, 0x01, 0x08,
        0xFF, 0x06, 0x0C, 0x18, 0x30, 0x60, 0xC1, 0x83, 0x06, 0x0F, 0xF0,
        /* U+FC0D 'ﰍ' */
        0x0D, 0xFC, 0x03, 0x07, 0x0C, 0x01, 0x08,
        0xFF, 0x06, 0x0C, 0x18, 0x30, 0x60, 0xC1, 0x83, 0x06, 0x0F, 0xF0,
        /* U+FC0E 'ﰎ' */
        0x0E, 0xFC, 0x03, 0x07, 0x0C, 0x01, 0x08,
        0xFF, 0x06, 0x0C, 0x18, 0x30, 0x60, 0xC1, 0x83, 0x06, 0x0F, 0xF0,
        /* U+FC0F 'ﰏ' */
        0x0F, 0xFC, 0x03, 0x07, 0x0C, 0x01, 0x08,
        0xFF, 0x06, 0x0C, 0x18, 0x30, 0x60, 0xC1, 0x83, 0x06, 0x0F, 0xF0,
        /* U+FC10 'ﰐ' */
        0x10, 0xFC, 0x03, 0x07, 0x0C, 0x01, 0x08,
        0xFF, 0x06, 0x0C, 0x18, 0x30, 0x60, 0xC1, 0x83, 0x06, 0x0F, 0xF0,
        /* U+FC11 'ﰑ' */
        0x11, 0xFC, 0x03, 0x07, 0x0C, 0x01, 0x08,
        0xFF, 0x06, 0x0C, 0x18, 0x30, 0x60, 0xC1, 0x83, 0x06, 0x0F, 0xF0,
        /* U+FC12 'ﰒ' */
        0x12, 0xFC, 0x03, 0x07, 0x0C, 0x01, 0x08,
        0xFF, 0x06, 0x0C, 0x18, 0x30, 0x60, 0xC1, 0x83, 0x06, 0x0F, 0xF0,
        /* U+FC13 'ﰓ' */
        0x13, 0xFC, 0x03, 0x07, 0x0C, 0x01, 0x08,
        0xFF, 0x06, 0x0C, 0x18, 0x30, 0x60, 0xC1, 0x83, 0x06, 0x0F, 0xF0,
        /* U+FC14 'ﰔ' */
        0x14, 0xFC, 0x03, 0x07, 0x0C, 0x01, 0x08,
        0xFF, 0x06, 0x0C, 0x18, 0x30, 0x60, 0xC1, 0x83, 0x06, 0x0F, 0xF0,
        /* U+FC15 'ﰕ' */
        0x15, 0xFC, 0x03, 0x07, 0x0C, 0x01, 0x08,
        0xFF, 0x06, 0x0C, 0x18, 0x30, 0x60, 0xC1, 0x83, 0x06, 0x0F, 0xF0,
        /* U+FC16 'ﰖ' */
        0x16, 0xFC, 0x03, 0x07, 0x0C, 0x01, 0x08,
        0xFF, 0x06, 0x0C, 0x18, 0x30, 0x60, 0xC1, 0x83, 0x06, 0x0F, 0xF0,
        /* U+FC17 'ﰗ' */
        0x17, 0xFC, 0x03, 0x07, 0x0C, 0x01, 0x08,
        0xFF, 0x06, 0x0C, 0x18, 0x30, 0x60, 0xC1, 0x83, 0x06, 0x0F, 0xF0,
        /* U+FC18 'ﰘ' */
        0x18, 0xFC, 0x03, 0x07, 0x0C, 0x01, 0x08,
        0xFF, 0x06, 0x0C, 0x18, 0x30, 0x60, 0xC1, 0x83, 0x06, 0x0F, 0xF0,
        /* U+FC19 'ﰙ' */
        0x19, 0xFC, 0x03, 0x07, 0x0C, 0x01, 0x08,
        0xFF, 0x06, 0x0C, 0x18, 0x30, 0x60, 0xC1, 0x83, 0x06, 0x0F, 0xF0,
        /* U+FC1A 'ﰚ' */
        0x1A, 0xFC, 0x03, 0x07, 0x0C, 0x01, 0x08,
        0xFF, 0x06, 0x0C, 0x18, 0x30, 0x60, 0xC1, 0x83, 0x06, 0x0F, 0xF0,
        /* U+FC1B 'ﰛ' */
        0x1B, 0xFC, 0x03, 0x07, 0x0C, 0x01, 0x08,
        0xFF, 0x06, 0x0C, 0x18, 0x30, 0x60, 0xC1, 0x83, 0x06, 0x0F, 0xF0,
        /* U+FC1C 'ﰜ' */
        0x1C, 0xFC, 0x03, 0x07, 0x0C, 0x01, 0x08,
        0xFF, 0x06, 0x0C, 0x18, 0x30, 0x60, 0xC1, 0x83, 0x06, 0x0F, 0xF0,
        /* U+FC1D 'ﰝ' */
        0x1D, 0xFC, 0x03, 0x07, 0x0C, 0x01, 0x08,
        0xFF, 0x06, 0x0C, 0x18, 0x30, 0x60, 0xC1, 0x83, 0x06, 0x0F, 0xF0,
        /* U+FC1E 'ﰞ' */
        0x1E, 0xFC, 0x03, 0x07, 0x0C, 0x01, 0x08,
        0xFF, 0x06, 0x0C, 0x18, 0x30, 0x60, 0xC1, 0x83, 0x06, 0x0F, 0xF0,
        /* U+FC1F 'ﰟ' */
        0x1F, 0xFC, 0x03, 0x07, 0x0C, 0x01, 0x08,
        0xFF, 0x06, 0x0C, 0x18, 0x30, 0x60, 0xC1, 0x83, 0x06, 0x0F, 0xF0,
        /* U+FC20 'ﰠ' */
        0x20, 0xFC, 0x03, 0x07, 0x0C, 0x01, 0x08,
        0xFF, 0x06, 0x0C, 0x18, 0x30, 0x60, 0xC1, 0x83, 0x06, 0x0F, 0xF0,
        /* U+FC21 'ﰡ' */
        0x21, 0xFC, 0x03, 0x07, 0x0C, 0x01, 0x08,
        0xFF, 0x06, 0x0C, 0x18, 0x30, 0x60, 0xC1, 0x83, 0x06, 0x0F, 0xF0,
        /* U+FC22 'ﰢ' */
        0x22, 0xFC, 0x03, 0x07, 0x0C, 0x01, 0x08,
        0xFF, 0x06, 0x0C, 0x18, 0x30, 0x60, 0xC1, 0x83, 0x06, 0x0F, 0xF0,
        /* U+FC23 'ﰣ' */
        0x23, 0xFC, 0x03, 0x07, 0x0C, 0x01, 0x08,
        0xFF, 0x06, 0x0C, 0x18, 0x30, 0x60, 0xC1, 0x83, 0x06, 0x0F, 0xF0,
        /* U+FC24 'ﰤ' */
        0x24, 0xFC, 0x03, 0x07, 0x0C, 0x01, 0x08,
        0xFF, 0x06, 0x0C, 0x18, 0x30, 0x60, 0xC1, 0x83, 0x06, 0x0F, 0xF0,
        /* U+FC25 'ﰥ' */
        0x25, 0xFC, 0x03, 0x07, 0x0C, 0x01, 0x08,
        0xFF, 0x06, 0x0C, 0x18, 0x30, 0x60, 0xC1, 0x83, 0x06, 0x0F, 0xF0,
        /* U+FC26 'ﰦ' */
        0x26, 0xFC, 0x03, 0x07, 0x0C, 0x01, 0x08,
        0xFF, 0x06, 0x0C, 0x18, 0x30, 0x60, 0xC1, 0x83, 0x06, 0x0F, 0xF0,
        /* U+FC27 'ﰧ' */
        0x27, 0xFC, 0x03, 0x07, 0x0C, 0x01, 0x08,
        0xFF, 0x06, 0x0C, 0x18, 0x30, 0x60, 0xC1, 0x83, 0x06, 0x0F, 0xF0,
        /* U+FC28 'ﰨ' */
        0x28, 0xFC, 0x03, 0x07, 0x0C, 0x01, 0x08,
        0xFF, 0x06, 0x0C, 0x18, 0x30, 0x60, 0xC1, 0x83, 0x06, 0x0F, 0xF0,
        /* U+FC29 'ﰩ' */
        0x29, 0xFC, 0x03, 0x07, 0x0C, 0x01, 0x08,
        0xFF, 0x06, 0x0C, 0x18, 0x30, 0x60, 0xC1, 0x83, 0x06, 0x0F, 0xF0,
        /* U+FC2A 'ﰪ' */
        0x2A, 0xFC, 0x03, 0x07, 0x0C, 0x01, 0x08,
        0xFF, 0x06, 0x0C, 0x18, 0x30, 0x60, 0xC1, 0x83, 0x06, 0x0F, 0xF0,
        /* U+FC2B 'ﰫ' */
        0x2B, 0xFC, 0x03, 0x07, 0x0C, 0x01, 0x08,
        0xFF, 0x06, 0x0C, 0x18, 0x30, 0x60, 0xC1, 0x83, 0x06, 0x0F, 0xF0,
        /* U+FC2C 'ﰬ' */
        0x2C, 0xFC, 0x03, 0x07, 0x0C, 0x01, 0x08,
        0xFF, 0x06, 0x0C, 0x18, 0x30, 0x60, 0xC1, 0x83, 0x06, 0x0F, 0xF0,
        /* U+FC2D 'ﰭ' */
        0x2D, 0xFC, 0x03, 0x07, 0x0C, 0x01, 0x08,
        0xFF, 0x06, 0x0C, 0x18, 0x30, 0x60, 0xC1, 0x83, 0x06, 0x0F, 0xF0,
        /* U+FC2E 'ﰮ' */
        0x2E, 0xFC, 0x03, 0x07, 0x0C, 0x01, 0x08,
        0xFF, 0x06, 0x0C, 0x18, 0x30, 0x60, 0xC1, 0x83, 0x06, 0x0F, 0xF0,
        /* U+FC2F 'ﰯ' */
        0x2F, 0xFC, 0x03, 0x07, 0x0C, 0x01, 0x08,
        0xFF, 0x06, 0x0C, 0x18, 0x30, 0x60, 0xC1, 0x83, 0x06, 0x0F, 0xF0,
        /* U+FC30 'ﰰ' */
        0x30, 0xFC, 0x03, 0x07, 0x0C, 0x01, 0x08,
        0xFF, 0x06, 0x0C, 0x18, 0x30, 0x60, 0xC1, 0x83, 0x06, 0x0F, 0xF0,
        /* U+FC31 'ﰱ' */
        0x31, 0xFC, 0x03, 0x07, 0x0C, 0x01, 0x08,
        0xFF, 0x06, 0x0C, 0x18, 0x30, 0x60, 0xC1, 0x83, 0x06, 0x0F, 0xF0,
        /* U+FC32 'ﰲ' */
        0x32, 0xFC, 0x03, 0x07, 0x0C, 0x01, 0x08,
        0xFF, 0x06, 0x0C, 0x18, 0x30, 0x60, 0xC1, 0x83, 0x06, 0x0F, 0xF0,
        /* U+FC33 'ﰳ' */
        0x33, 0xFC, 0x03, 0x07, 0x0C, 0x01, 0x08,
        0xFF, 0x06, 0x0C, 0x18, 0x30, 0x60, 0xC1, 0x83, 0x06, 0x0F, 0xF0,
        /* U+FC34 'ﰴ' */
        0x34, 0xFC, 0x03, 0x07, 0x0C, 0x01, 0x08,
        0xFF, 0x06, 0x0C, 0x18, 0x30, 0x60, 0xC1, 0x83, 0x06, 0x0F, 0xF0,
        /* U+FC35 'ﰵ' */
        0x35, 0xFC, 0x03, 0x07, 0x0C, 0x01, 0x08,
        0xFF, 0x06, 0x0C, 0x18, 0x30, 0x60, 0xC1, 0x83, 0x06, 0x0F, 0xF0,
        /* U+FC36 'ﰶ' */
        0x36, 0xFC, 0x03, 0x07, 0x0C, 0x01, 0x08,
        0xFF, 0x06, 0x0C, 0x18, 0x30, 0x60, 0xC1, 0x83, 0x06, 0x0F, 0xF0,
        /* U+FC37 'ﰷ' */
        0x37, 0xFC, 0x03, 0x07, 0x0C, 0x01, 0x08,
        0xFF, 0x06, 0x0C, 0x18, 0x30, 0x60, 0xC1, 0x83, 0x06, 0x0F, 0xF0,
        /* U+FC38 'ﰸ' */
        0x38, 0xFC, 0x03, 0x07, 0x0C, 0x01, 0x08,
        0xFF, 0x06, 0x0C, 0x18, 0x30, 0x60, 0xC1, 0x83, 0x06, 0x0F, 0xF0,
        /* U+FC39 'ﰹ' */
        0x39, 0xFC, 0x03, 0x07, 0x0C, 0x01, 0x08,
        0xFF, 0x06, 0x0C, 0x18, 0x30, 0x60, 0xC1, 0x83, 0x06, 0x0F, 0xF0,
        /* U+FC3A 'ﰺ' */
        0x3A, 0xFC, 0x03, 0x07, 0x0C, 0x01, 0x08,
        0xFF, 0x06, 0x0C, 0x18, 0x30, 0x60, 0xC1, 0x83, 0x06, 0x0F, 0xF0,
        /* U+FC3B 'ﰻ' */
        0x3B, 0xFC, 0x03, 0x07, 0x0C, 0x01, 0x08,
        0xFF, 0x06, 0x0C, 0x18, 0x30, 0x60, 0xC1, 0x83, 0x06, 0x0F, 0xF0,
        /* U+FC3C 'ﰼ' */
        0x3C, 0xFC, 0x03, 0x07, 0x0C, 0x01, 0x08,
        0xFF, 0x06, 0x0C, 0x18, 0x30, 0x60, 0xC1, 0x83, 0x06, 0x0F, 0xF0,
        /* U+FC3D 'ﰽ' */
        0x3D, 0xFC, 0x03, 0x07, 0x0C, 0x01, 0x08,
        0xFF, 0x06, 0x0C, 0x18, 0x30, 0x60, 0xC1, 0x83, 0x06, 0x0F, 0xF0,
        /* U+FC3E 'ﰾ' */
        0x3E, 0xFC, 0x03, 0x07, 0x0C, 0x01, 0x08,
        0xFF, 0x06, 0x0C, 0x18, 0x30, 0x60, 0xC1, 0x83, 0x06, 0x0F, 0xF0,
        /* U+FC3F 'ﰿ' */
        0x3F, 0xFC, 0x03, 0x07, 0x0C, 0x01, 0x08,
        0xFF, 0x06, 0x0C, 0x18, 0x30, 0x60, 0xC1, 0x83, 0x06, 0x0F, 0xF0,
        /* U+FC40 'ﱀ' */
        0x40, 0xFC, 0x03, 0x07, 0x0C, 0x01, 0x08,
        0xFF, 0x06, 0x0C, 0x18, 0x30, 0x60, 0xC1, 0x83, 0x06, 0x0F, 0xF0,
        /* U+FC41 'ﱁ' */
        0x41, 0xFC, 0x03, 0x07, 0x0C, 0x01, 0x08,
        0xFF, 0x06, 0x0C, 0x18, 0x30, 0x60, 0xC1, 0x83, 0x06, 0x0F, 0xF0,
        /* U+FC42 'ﱂ' */
        0x42, 0xFC, 0x03, 0x07, 0x0C, 0x01, 0x08,
        0xFF, 0x06, 0x0C, 0x18, 0x30, 0x60, 0xC1, 0x83, 0x06, 0x0F, 0xF0,
        /* U+FC43 'ﱃ' */
        0x43, 0xFC, 0x03, 0x07, 0x0C, 0x01, 0x08,
        0xFF, 0x06, 0x0C, 0x18, 0x30, 0x60, 0xC1, 0x83, 0x06, 0x0F, 0xF0,
        /* U+FC44 'ﱄ' */
        0x44, 0xFC, 0x03, 0x07, 0x0C, 0x01, 0x08,
        0xFF, 0x06, 0x0C, 0x18, 0x30, 0x60, 0xC1, 0x83, 0x06, 0x0F, 0xF0,
        /* U+FC45 'ﱅ' */
        0x45, 0xFC, 0x03, 0x07, 0x0C, 0x01, 0x08,
        0xFF, 0x06, 0x0C, 0x18, 0x30, 0x60, 0xC1, 0x83, 0x06, 0x0F, 0xF0,
        /* U+FC46 'ﱆ' */
        0x46, 0xFC, 0x03, 0x07, 0x0C, 0x01, 0x08,
        0xFF, 0x06, 0x0C, 0x18, 0x30, 0x60, 0xC1, 0x83, 0x06, 0x0F, 0xF0,
        /* U+FC47 'ﱇ' */
        0x47, 0xFC, 0x03, 0x07, 0x0C, 0x01, 0x08,
        0xFF, 0x06, 0x0C, 0x18, 0x30, 0x60, 0xC1, 0x83, 0x06, 0x0F, 0xF0,
        /* U+FC48 'ﱈ' */
        0x48, 0xFC, 0x03, 0x07, 0x0C, 0x01, 0x08,
        0xFF, 0x06, 0x0C, 0x18, 0x30, 0x60, 0xC1, 0x83, 0x06, 0x0F, 0xF0,
        /* U+FC49 'ﱉ' */
        0x49, 0xFC, 0x03, 0x07, 0x0C, 0x01, 0x08,
        0xFF, 0x06, 0x0C, 0x18, 0x30, 0x60, 0xC1, 0x83, 0x06, 0x0F, 0xF0,
        /* U+FC4A 'ﱊ' */
        0x4A, 0xFC, 0x03, 0x07, 0x0C, 0x01, 0x08,
        0xFF, 0x06, 0x0C, 0x18, 0x30, 0x60, 0xC1, 0x83, 0x06, 0x0F, 0xF0,
        /* U+FC4B 'ﱋ' */
        0x4B, 0xFC, 0x03, 0x07, 0x0C, 0x01, 0x08,
        0xFF, 0x06, 0x0C, 0x18, 0x30, 0x60, 0xC1, 0x83, 0x06, 0x0F, 0xF0,
        /* U+FC4C 'ﱌ' */
        0x4C, 0xFC, 0x03, 0x07, 0x0C, 0x01, 0x08,
        0xFF, 0x06, 0x0C, 0x18, 0x30, 0x60, 0xC1, 0x83, 0x06, 0x0F, 0xF0,
        /* U+FC4D 'ﱍ' */
        0x4D, 0xFC, 0x03, 0x07, 0x0C, 0x01, 0x08,
        0xFF, 0x06, 0x0C, 0x18, 0x30, 0x60, 0xC1, 0x83, 0x06, 0x0F, 0xF0,
        /* U+FC4E 'ﱎ' */
        0x4E, 0xFC, 0x03, 0x07, 0x0C, 0x01, 0x08,
        0xFF, 0x06, 0x0C, 0x18, 0x30, 0x60, 0xC1, 0x83, 0x06, 0x0F, 0xF0,
        /* U+FC4F 'ﱏ' */
        0x4F, 0xFC, 0x03, 0x07, 0x0C, 0x01, 0x08,
        0xFF, 0x06, 0x0C, 0x18, 0x30, 0x60, 0xC1, 0x83, 0x06, 0x0F, 0xF0,
        /* U+FC50 'ﱐ' */
        0x50, 0xFC, 0x03, 0x07, 0x0C, 0x01, 0x08,
        0xFF, 0x06, 0x0C, 0x18, 0x30, 0x60, 0xC1, 0x83, 0x06, 0x0F, 0xF0,
        /* U+FC51 'ﱑ' */
        0x51, 0xFC, 0x03, 0x07, 0x0C, 0x01, 0x08,
        0xFF, 0x06, 0x0C, 0x18, 0x30, 0x60, 0xC1, 0x83, 0x06, 0x0F, 0xF0,
        /* U+FC52 'ﱒ' */
        0x52, 0xFC, 0x03, 0x07, 0x0C, 0x01, 0x08,
        0xFF, 0x06, 0x0C, 0x18, 0x30, 0x60, 0xC1, 0x83, 0x06, 0x0F, 0xF0,
        /* U+FC53 'ﱓ' */
        0x53, 0xFC, 0x03, 0x07, 0x0C, 0x01, 0x08,
        0xFF, 0x06, 0x0C, 0x18, 0x30, 0x60, 0xC1, 0x83, 0x06, 0x0F, 0xF0,
        /* U+FC54 'ﱔ' */
        0x54, 0xFC, 0x03, 0x07, 0x0C, 0x01, 0x08,
        0xFF, 0x06, 0x0C, 0x18, 0x30, 0x60, 0xC1, 0x83, 0x06, 0x0F, 0xF0,
        /* U+FC55 'ﱕ' */
        0x55, 0xFC, 0x03, 0x07, 0x0C, 0x01, 0x08,
        0xFF, 0x06, 0x0C, 0x18, 0x30, 0x60, 0xC1, 0x83, 0x06, 0x0F, 0xF0,
        /* U+FC56 'ﱖ' */
        0x56, 0xFC, 0x03, 0x07, 0x0C, 0x01, 0x08,
        0xFF, 0x06, 0x0C, 0x18, 0x30, 0x60, 0xC1, 0x83, 0x06, 0x0F, 0xF0,
        /* U+FC57 'ﱗ' */
        0x57, 0xFC, 0x03, 0x07, 0x0C, 0x01, 0x08,
        0xFF, 0x06, 0x0C, 0x18, 0x30, 0x60, 0xC1, 0x83, 0x06, 0x0F, 0xF0,
        /* U+FC58 'ﱘ' */
        0x58, 0xFC, 0x03, 0x07, 0x0C, 0x01, 0x08,
        0xFF, 0x06, 0x0C, 0x18, 0x30, 0x60, 0xC1, 0x83, 0x06, 0x0F, 0xF0,
        /* U+FC59 'ﱙ' */
        0x59, 0xFC, 0x03, 0x07, 0x0C, 0x01, 0x08,
        0xFF, 0x06, 0x0C, 0x18, 0x30, 0x60, 0xC1, 0x83, 0x06, 0x0F, 0xF0,
        /* U+FC5A 'ﱚ' */
        0x5A, 0xFC, 0x03, 0x07, 0x0C, 0x01, 0x08,
        0xFF, 0x06, 0x0C, 0x18, 0x30, 0x60, 0xC1, 0x83, 0x06, 0x0F, 0xF0,
        /* U+FC5B 'ﱛ' */
        0x5B, 0xFC, 0x03, 0x07, 0x0C, 0x01, 0x08,
        0xFF, 0x06, 0x0C, 0x18, 0x30, 0x60, 0xC1, 0x83, 0x06, 0x0F, 0xF0,
        /* U+FC5C 'ﱜ' */
        0x5C, 0xFC, 0x03, 0x07, 0x0C, 0x01, 0x08,
        0xFF, 0x06, 0x0C, 0x18, 0x30, 0x60, 0xC1, 0x83, 0x06, 0x0F, 0xF0,
        /* U+FC5D 'ﱝ' */
        0x5D, 0xFC, 0x03, 0x07, 0x0C, 0x01, 0x08,
        0xFF, 0x06, 0x0C, 0x18, 0x30, 0x60, 0xC1, 0x83, 0x06, 0x0F, 0xF0,
        /* U+FC5E 'ﱞ' */
        0x5E, 0xFC, 0x03, 0x07, 0x0C, 0x01, 0x08,
        0xFF, 0x06, 0x0C, 0x18, 0x30, 0x60, 0xC1, 0x83, 0x06, 0x0F, 0xF0,
        /* U+FC5F 'ﱟ' */
        0x5F, 0xFC, 0x03, 0x07, 0x0C, 0x01, 0x08,
        0xFF, 0x06, 0x0C, 0x18, 0x30, 0x60, 0xC1, 0x83, 0x06, 0x0F, 0xF0,
        /* U+FC60 'ﱠ' */
        0x60, 0xFC, 0x03, 0x07, 0x0C, 0x01, 0x08,
        0xFF, 0x06, 0x0C, 0x18, 0x30, 0x60, 0xC1, 0x83, 0x06, 0x0F, 0xF0,
        /* U+FC61 'ﱡ' */
        0x61, 0xFC, 0x03, 0x07, 0x0C, 0x01, 0x08,
        0xFF, 0x06, 0x0C, 0x18, 0x30, 0x60, 0xC1, 0x83, 0x06, 0x0F, 0xF0,
        /* U+FC62 'ﱢ' */
        0x62, 0xFC, 0x03, 0x07, 0x0C, 0x01, 0x08,
        0xFF, 0x06, 0x0C, 0x18, 0x30, 0x60, 0xC1, 0x83, 0x06, 0x0F, 0xF0,
        /* U+FC63 'ﱣ' */
        0x63, 0xFC, 0x03, 0x07, 0x0C, 0x01, 0x08,
        0xFF, 0x06, 0x0C, 0x18, 0x30, 0x60, 0xC1, 0x83, 0x06, 0x0F, 0xF0,
        /* U+FC64 'ﱤ' */
        0x64, 0xFC, 0x03, 0x07, 0x0C, 0x01, 0x08,
        0xFF, 0x06, 0x0C, 0x18, 0x30, 0x60, 0xC1, 0x83, 0x06, 0x0F, 0xF0,
        /* U+FC65 'ﱥ' */
        0x65, 0xFC, 0x03, 0x07, 0x0C, 0x01, 0x08,
        0xFF, 0x06, 0x0C, 0x18, 0x30, 0x60, 0xC1, 0x83, 0x06, 0x0F, 0xF0,
        /* U+FC66 'ﱦ' */
        0x66, 0xFC, 0x03, 0x07, 0x0C, 0x01, 0x08,
        0xFF, 0x06, 0x0C, 0x18, 0x30, 0x60, 0xC1, 0x83, 0x06, 0x0F, 0xF0,
        /* U+FC67 'ﱧ' */
        0x67, 0xFC, 0x03, 0x07, 0x0C, 0x01, 0x08,
        0xFF, 0x06, 0x0C, 0x18, 0x30, 0x60, 0xC1, 0x83, 0x06, 0x0F, 0xF0,
        /* U+FC68 'ﱨ' */
        0x68, 0xFC, 0x03, 0x07, 0x0C, 0x01, 0x08,
        0xFF, 0x06, 0x0C, 0x18, 0x30, 0x60, 0xC1, 0x83, 0x06, 0x0F, 0xF0,
        /* U+FC69 'ﱩ' */
        0x69, 0xFC, 0x03, 0x07, 0x0C, 0x01, 0x08,
        0xFF, 0x06, 0x0C, 0x18, 0x30, 0x60, 0xC1, 0x83, 0x06, 0x0F, 0xF0,
        /* U+FC6A 'ﱪ' */
        0x6A, 0xFC, 0x03, 0x07, 0x0C, 0x01, 0x08,
        0xFF, 0x06, 0x0C, 0x18, 0x30, 0x60, 0xC1, 0x83, 0x06, 0x0F, 0xF0,
        /* U+FC6B 'ﱫ' */
        0x6B, 0xFC, 0x03, 0x07, 0x0C, 0x01, 0x08,
        0xFF, 0x06, 0x0C, 0x18, 0x30, 0x60, 0xC1, 0x83, 0x06, 0x0F, 0xF0,
        /* U+FC6C 'ﱬ' */
        0x6C, 0xFC, 0x03, 0x07, 0x0C, 0x01, 0x08,
        0xFF, 0x06, 0x0C, 0x18, 0x30, 0x60, 0xC1, 0x83, 0x06, 0x0F, 0xF0,
        /* U+FC6D 'ﱭ' */
        0x6D, 0xFC, 0x03, 0x07, 0x0C, 0x01, 0x08,
        0xFF, 0x06, 0x0C, 0x18, 0x30, 0x60, 0xC1, 0x83, 0x06, 0x0F, 0xF0,
        /* U+FC6E 'ﱮ' */
        0x6E, 0xFC, 0x03, 0x07, 0x0C, 0x01, 0x08,
        0xFF, 0x06, 0x0C, 0x18, 0x30, 0x60, 0xC1, 0x83, 0x06, 0x0F, 0xF0,
        /* U+FC6F 'ﱯ' */
        0x6F, 0xFC, 0x03, 0x07, 0x0C, 0x01, 0x08,
        0xFF, 0x06, 0x0C, 0x18, 0x30, 0x60, 0xC1, 0x83, 0x06, 0x0F, 0xF0,
        /* U+FC70 'ﱰ' */
        0x70, 0xFC, 0x03, 0x07, 0x0C, 0x01, 0x08,
        0xFF, 0x06, 0x0C, 0x18, 0x30, 0x60, 0xC1, 0x83, 0x06, 0x0F, 0xF0,
        /* U+FC71 'ﱱ' */
        0x71, 0xFC, 0x03, 0x07, 0x0C, 0x01, 0x08,
        0xFF, 0x06, 0x0C, 0x18, 0x30, 0x60, 0xC1, 0x83, 0x06, 0x0F, 0xF0,
        /* U+FC72 'ﱲ' */
        0x72, 0xFC, 0x03, 0x07, 0x0C, 0x01, 0x08,
        0xFF, 0x06, 0x0C, 0x18, 0x30, 0x60, 0xC1, 0x83, 0x06, 0x0F, 0xF0,
        /* U+FC73 'ﱳ' */
        0x73, 0xFC, 0x03, 0x07, 0x0C, 0x01, 0x08,
        0xFF, 0x06, 0x0C, 0x18, 0x30, 0x60, 0xC1, 0x83, 0x06, 0x0F, 0xF0,
        /* U+FC74 'ﱴ' */
        0x74, 0xFC, 0x03, 0x07, 0x0C, 0x01, 0x08,
        0xFF, 0x06, 0x0C, 0x18, 0x30, 0x60, 0xC1, 0x83, 0x06, 0x0F, 0xF0,
        /* U+FC75 'ﱵ' */
        0x75, 0xFC, 0x03, 0x07, 0x0C, 0x01, 0x08,
        0xFF, 0x06, 0x0C, 0x18, 0x30, 0x60, 0xC1, 0x83, 0x06, 0x0F, 0xF0,
        /* U+FC76 'ﱶ' */
        0x76, 0xFC, 0x03, 0x07, 0x0C, 0x01, 0x08,
        0xFF, 0x06, 0x0C, 0x18, 0x30, 0x60, 0xC1, 0x83, 0x06, 0x0F, 0xF0,
        /* U+FC77 'ﱷ' */
        0x77, 0xFC, 0x03, 0x07, 0x0C, 0x01, 0x08,
        0xFF, 0x06, 0x0C, 0x18, 0x30, 0x60, 0xC1, 0x83, 0x06, 0x0F, 0xF0,
        /* U+FC78 'ﱸ' */
        0x78, 0xFC, 0x03, 0x07, 0x0C, 0x01, 0x08,
        0xFF, 0x06, 0x0C, 0x18, 0x30, 0x60, 0xC1, 0x83, 0x06, 0x0F, 0xF0,
        /* U+FC79 'ﱹ' */
        0x79, 0xFC, 0x03, 0x07, 0x0C, 0x01, 0x08,
        0xFF, 0x06, 0x0C, 0x18, 0x30, 0x60, 0xC1, 0x83, 0x06, 0x0F, 0xF0,
        /* U+FC7A 'ﱺ' */
        0x7A, 0xFC, 0x03, 0x07, 0x0C, 0x01, 0x08,
        0xFF, 0x06, 0x0C, 0x18, 0x30, 0x60, 0xC1, 0x83, 0x06, 0x0F, 0xF0,
        /* U+FC7B 'ﱻ' */
        0x7B, 0xFC, 0x03, 0x07, 0x0C, 0x01, 0x08,
        0xFF, 0x06, 0x0C, 0x18, 0x30, 0x60, 0xC1, 0x83, 0x06, 0x0F, 0xF0,
        /* U+FC7C 'ﱼ' */
        0x7C, 0xFC, 0x03, 0x07, 0x0C, 0x01, 0x08,
        0xFF, 0x06, 0x0C, 0x18, 0x30, 0x60, 0xC1, 0x83, 0x06, 0x0F, 0xF0,
        /* U+FC7D 'ﱽ' */
        0x7D, 0xFC, 0x03, 0x07, 0x0C, 0x01, 0x08,
        0xFF, 0x06, 0x0C, 0x18, 0x30, 0x60, 0xC1, 0x83, 0x06, 0x0F, 0xF0,
        /* U+FC7E 'ﱾ' */
        0x7E, 0xFC, 0x03, 0x07, 0x0C, 0x01, 0x08,
        0xFF, 0x06, 0x0C, 0x18, 0x30, 0x60, 0xC1, 0x83, 0x06, 0x0F, 0xF0,
        /* U+FC7F 'ﱿ' */
        0x7F, 0xFC, 0x03, 0x07, 0x0C, 0x01, 0x08,
        0xFF, 0x06, 0x0C, 0x18, 0x30, 0x60, 0xC1, 0x83, 0x06, 0x0F, 0xF0,
        /* U+FC80 'ﲀ' */
        0x80, 0xFC, 0x03, 0x07, 0x0C, 0x01, 0x08,
        0xFF, 0x06, 0x0C, 0x18, 0x30, 0x60, 0xC1, 0x83, 0x06, 0x0F, 0xF0,
        /* U+FC81 'ﲁ' */
        0x81, 0xFC, 0x03, 0x07, 0x0C, 0x01, 0x08,
        0xFF, 0x06, 0x0C, 0x18, 0x30, 0x60, 0xC1, 0x83, 0x06, 0x0F, 0xF0,
        /* U+FC82 'ﲂ' */
        0x82, 0xFC, 0x03, 0x07, 0x0C, 0x01, 0x08,
        0xFF, 0x06, 0x0C, 0x18, 0x30, 0x60, 0xC1, 0x83, 0x06, 0x0F, 0xF0,
        /* U+FC83 'ﲃ' */
        0x83, 0xFC, 0x03, 0x07, 0x0C, 0x01, 0x08,
        0xFF, 0x06, 0x0C, 0x18, 0x30, 0x60, 0xC1, 0x83, 0x06, 0x0F, 0xF0,
        /* U+FC84 'ﲄ' */
        0x84, 0xFC, 0x03, 0x07, 0x0C, 0x01, 0x08,
        0xFF, 0x06, 0x0C, 0x18, 0x30, 0x60, 0xC1, 0x83, 0x06, 0x0F, 0xF0,
        /* U+FC85 'ﲅ' */
        0x85, 0xFC, 0x03, 0x07, 0x0C, 0x01, 0x08,
        0xFF, 0x06, 0x0C, 0x18, 0x30, 0x60, 0xC1, 0x83, 0x06, 0x0F, 0xF0,
        /* U+FC86 'ﲆ' */
        0x86, 0xFC, 0x03, 0x07, 0x0C, 0x01, 0x08,
        0xFF, 0x06, 0x0C, 0x18, 0x30, 0x60, 0xC1, 0x83, 0x06, 0x0F, 0xF0,
        /* U+FC87 'ﲇ' */
        0x87, 0xFC, 0x03, 0x07, 0x0C, 0x01, 0x08,
        0xFF, 0x06, 0x0C, 0x18, 0x30, 0x60, 0xC1, 0x83, 0x06, 0x0F, 0xF0,
        /* U+FC88 'ﲈ' */
        0x88, 0xFC, 0x03, 0x07, 0x0C, 0x01, 0x08,
        0xFF, 0x06, 0x0C, 0x18, 0x30, 0x60, 0xC1, 0x83, 0x06, 0x0F, 0xF0,
        /* U+FC89 'ﲉ' */
        0x89, 0xFC, 0x03, 0x07, 0x0C, 0x01, 0x08,
        0xFF, 0x06, 0x0C, 0x18, 0x30, 0x60, 0xC1, 0x83, 0x06, 0x0F, 0xF0,
        /* U+FC8A 'ﲊ' */
        0x8A, 0xFC, 0x03, 0x07, 0x0C, 0x01, 0x08,
        0xFF, 0x06, 0x0C, 0x18, 0x30, 0x60, 0xC1, 0x83, 0x06, 0x0F, 0xF0,
        /* U+FC8B 'ﲋ' */
        0x8B, 0xFC, 0x03, 0x07, 0x0C, 0x01, 0x08,
        0xFF, 0x06, 0x0C, 0x18, 0x30, 0x60, 0xC1, 0x83, 0x06, 0x0F, 0xF0,
        /* U+FC8C 'ﲌ' */
        0x8C, 0xFC, 0x03, 0x07, 0x0C, 0x01, 0x08,
        0xFF, 0x06, 0x0C, 0x18, 0x30, 0x60, 0xC1, 0x83, 0x06, 0x0F, 0xF0,
        /* U+FC8D 'ﲍ' */
        0x8D, 0xFC, 0x03, 0x07, 0x0C, 0x01, 0x08,
        0xFF, 0x06, 0x0C, 0x18, 0x30, 0x60, 0xC1, 0x83, 0x06, 0x0F, 0xF0,
        /* U+FC8E 'ﲎ' */
        0x8E, 0xFC, 0x03, 0x07, 0x0C, 0x01, 0x08,
        0xFF, 0x06, 0x0C, 0x18, 0x30, 0x60, 0xC1, 0x83, 0x06, 0x0F, 0xF0,
        /* U+FC8F 'ﲏ' */
        0x8F, 0xFC, 0x03, 0x07, 0x0C, 0x01, 0x08,
        0xFF, 0x06, 0x0C, 0x18, 0x30, 0x60, 0xC1, 0x83, 0x06, 0x0F, 0xF0,
        /* U+FC90 'ﲐ' */
        0x90, 0xFC, 0x03, 0x07, 0x0C, 0x01, 0x08,
        0xFF, 0x06, 0x0C, 0x18, 0x30, 0x60, 0xC1, 0x83, 0x06, 0x0F, 0xF0,
        /* U+FC91 'ﲑ' */
        0x91, 0xFC, 0x03, 0x07, 0x0C, 0x01, 0x08,
        0xFF, 0x06, 0x0C, 0x18, 0x30, 0x60, 0xC1, 0x83, 0x06, 0x0F, 0xF0,
        /* U+FC92 'ﲒ' */
        0x92, 0xFC, 0x03, 0x07, 0x0C, 0x01, 0x08,
        0xFF, 0x06, 0x0C, 0x18, 0x30, 0x60, 0xC1, 0x83, 0x06, 0x0F, 0xF0,
        /* U+FC93 'ﲓ' */
        0x93, 0xFC, 0x03, 0x07, 0x0C, 0x01, 0x08,
        0xFF, 0x06, 0x0C, 0x18, 0x30, 0x60, 0xC1, 0x83, 0x06, 0x0F, 0xF0,
        /* U+FC94 'ﲔ' */
        0x94, 0xFC, 0x03, 0x07, 0x0C, 0x01, 0x08,
        0xFF, 0x06, 0x0C, 0x18, 0x30, 0x60, 0xC1, 0x83, 0x06, 0x0F, 0xF0,
        /* U+FC95 'ﲕ' */
        0x95, 0xFC, 0x03, 0x07, 0x0C, 0x01, 0x08,
        0xFF, 0x06, 0x0C, 0x18, 0x30, 0x60, 0xC1, 0x83, 0x06, 0x0F, 0xF0,
        /* U+FC96 'ﲖ' */
        0x96, 0xFC, 0x03, 0x07, 0x0C, 0x01, 0x08,
        0xFF, 0x06, 0x0C, 0x18, 0x30, 0x60, 0xC1, 0x83, 0x06, 0x0F, 0xF0,
        /* U+FC97 'ﲗ' */
        0x97, 0xFC, 0x03, 0x07, 0x0C, 0x01, 0x08,
        0xFF, 0x06, 0x0C, 0x18, 0x30, 0x60, 0xC1, 0x83, 0x06, 0x0F, 0xF0,
        /* U+FC98 'ﲘ' */
        0x98, 0xFC, 0x03, 0x07, 0x0C, 0x01, 0x08,
        0xFF, 0x06, 0x0C, 0x18, 0x30, 0x60, 0xC1, 0x83, 0x06, 0x0F, 0xF0,
        /* U+FC99 'ﲙ' */
        0x99, 0xFC, 0x03, 0x07, 0x0C, 0x01, 0x08,
        0xFF, 0x06, 0x0C, 0x18, 0x30, 0x60, 0xC1, 0x83, 0x06, 0x0F, 0xF0,
        /* U+FC9A 'ﲚ' */
        0x9A, 0xFC, 0x03, 0x07, 0x0C, 0x01, 0x08,
        0xFF, 0x06, 0x0C, 0x18, 0x30, 0x60, 0xC1, 0x83, 0x06, 0x0F, 0xF0,
        /* U+FC9B 'ﲛ' */
        0x9B, 0xFC, 0x03, 0x07, 0x0C, 0x01, 0x08,
        0xFF, 0x06, 0x0C, 0x18, 0x30, 0x60, 0xC1, 0x83, 0x06, 0x0F, 0xF0,
        /* U+FC9C 'ﲜ' */
        0x9C, 0xFC, 0x03, 0x07, 0x0C, 0x01, 0x08,
        0xFF, 0x06, 0x0C, 0x18, 0x30, 0x60, 0xC1, 0x83, 0x06, 0x0F, 0xF0,
        /* U+FC9D 'ﲝ' */
        0x9D, 0xFC, 0x03, 0x07, 0x0C, 0x01, 0x08,
        0xFF, 0x06, 0x0C, 0x18, 0x30, 0x60, 0xC1, 0x83, 0x06, 0x0F, 0xF0,
        /* U+FC9E 'ﲞ' */
        0x9E, 0xFC, 0x03, 0x07, 0x0C, 0x01, 0x08,
        0xFF, 0x06, 0x0C, 0x18, 0x30, 0x60, 0xC1, 0x83, 0x06, 0x0F, 0xF0,
        /* U+FC9F 'ﲟ' */
        0x9F, 0xFC, 0x03, 0x07, 0x0C, 0x01, 0x08,
        0xFF, 0x06, 0x0C, 0x18, 0x30, 0x60, 0xC1, 0x83, 0x06, 0x0F, 0xF0,
        /* U+FCA0 'ﲠ' */
        0xA0, 0xFC, 0x03, 0x07, 0x0C, 0x01, 0x08,
        0xFF, 0x06, 0x0C, 0x18, 0x30, 0x60, 0xC1, 0x83, 0x06, 0x0F, 0xF0,
        /* U+FCA1 'ﲡ' */
        0xA1, 0xFC, 0x03, 0x07, 0x0C, 0x01, 0x08,
        0xFF, 0x06, 0x0C, 0x18, 0x30, 0x60, 0xC1, 0x83, 0x06, 0x0F, 0xF0,
        /* U+FCA2 'ﲢ' */
        0xA2, 0xFC, 0x03, 0x07, 0x0C, 0x01, 0x08,
        0xFF, 0x06, 0x0C, 0x18, 0x30, 0x60, 0xC1, 0x83, 0x06, 0x0F, 0xF0,
        /* U+FCA3 'ﲣ' */
        0xA3, 0xFC, 0x03, 0x07, 0x0C, 0x01, 0x08,
        0xFF, 0x06, 0x0C, 0x18, 0x30, 0x60, 0xC1, 0x83, 0x06, 0x0F, 0xF0,
        /* U+FCA4 'ﲤ' */
        0xA4, 0xFC, 0x03, 0x07, 0x0C, 0x01, 0x08,
        0xFF, 0x06, 0x0C, 0x18, 0x30, 0x60, 0xC1, 0x83, 0x06, 0x0F, 0xF0,
        /* U+FCA5 'ﲥ' */
        0xA5, 0xFC, 0x03, 0x07, 0x0C, 0x01, 0x08,
        0xFF, 0x06, 0x0C, 0x18, 0x30, 0x60, 0xC1, 0x83, 0x06, 0x0F, 0xF0,
        /* U+FCA6 'ﲦ' */
        0xA6, 0xFC, 0x03, 0x07, 0x0C, 0x01, 0x08,
        0xFF, 0x06, 0x0C, 0x18, 0x30, 0x60, 0xC1, 0x83, 0x06, 0x0F, 0xF0,
        /* U+FCA7 'ﲧ' */
        0xA7, 0xFC, 0x03, 0x07, 0x0C, 0x01, 0x08,
        0xFF, 0x06, 0x0C, 0x18, 0x30, 0x60, 0xC1, 0x83, 0x06, 0x0F, 0xF0,
        /* U+FCA8 'ﲨ' */
        0xA8, 0xFC, 0x03, 0x07, 0x0C, 0x01, 0x08,
        0xFF, 0x06, 0x0C, 0x18, 0x30, 0x60, 0xC1, 0x83, 0x06, 0x0F, 0xF0,
        /* U+FCA9 'ﲩ' */
        0xA9, 0xFC, 0x03, 0x07, 0x0C, 0x01, 0x08,
        0xFF, 0x06, 0x0C, 0x18, 0x30, 0x60, 0xC1, 0x83, 0x06, 0x0F, 0xF0,
        /* U+FCAA 'ﲪ' */
        0xAA, 0xFC, 0x03, 0x07, 0x0C, 0x01, 0x08,
        0xFF, 0x06, 0x0C, 0x18, 0x30, 0x60, 0xC1, 0x83, 0x06, 0x0F, 0xF0,
        /* U+FCAB 'ﲫ' */
        0xAB, 0xFC, 0x03, 0x07, 0x0C, 0x01, 0x08,
        0xFF, 0x06, 0x0C, 0x18, 0x30, 0x60, 0xC1, 0x83, 0x06, 0x0F, 0xF0,
        /* U+FCAC 'ﲬ' */
        0xAC, 0xFC, 0x03, 0x07, 0x0C, 0x01, 0x08,
        0xFF, 0x06, 0x0C, 0x18, 0x30, 0x60, 0xC1, 0x83, 0x06, 0x0F, 0xF0,
        /* U+FCAD 'ﲭ' */
        0xAD, 0xFC, 0x03, 0x07, 0x0C, 0x01, 0x08,
        0xFF, 0x06, 0x0C, 0x18, 0x30, 0x60, 0xC1, 0x83, 0x06, 0x0F, 0xF0,
        /* U+FCAE 'ﲮ' */
        0xAE, 0xFC, 0x03, 0x07, 0x0C, 0x01, 0x08,
        0xFF, 0x06, 0x0C, 0x18, 0x30, 0x60, 0xC1, 0x83, 0x06, 0x0F, 0xF0,
        /* U+FCAF 'ﲯ' */
        0xAF, 0xFC, 0x03, 0x07, 0x0C, 0x01, 0x08,
        0xFF, 0x06, 0x0C, 0x18, 0x30, 0x60, 0xC1, 0x83, 0x06, 0x0F, 0xF0,
        /* U+FCB0 'ﲰ' */
        0xB0, 0xFC, 0x03, 0x07, 0x0C, 0x01, 0x08,
        0xFF, 0x06, 0x0C, 0x18, 0x30, 0x60, 0xC1, 0x83, 0x06, 0x0F, 0xF0,
        /* U+FCB1 'ﲱ' */
        0xB1, 0xFC, 0x03, 0x07, 0x0C, 0x01, 0x08,
        0xFF, 0x06, 0x0C, 0x18, 0x30, 0x60, 0xC1, 0x83, 0x06, 0x0F, 0xF0,
        /* U+FCB2 'ﲲ' */
        0xB2, 0xFC, 0x03, 0x07, 0x0C, 0x01, 0x08,
        0xFF, 0x06, 0x0C, 0x18, 0x30, 0x60, 0xC1, 0x83, 0x06, 0x0F, 0xF0,
        /* U+FCB3 'ﲳ' */
        0xB3, 0xFC, 0x03, 0x07, 0x0C, 0x01, 0x08,
        0xFF, 0x06, 0x0C, 0x18, 0x30, 0x60, 0xC1, 0x83, 0x06, 0x0F, 0xF0,
        /* U+FCB4 'ﲴ' */
        0xB4, 0xFC, 0x03, 0x07, 0x0C, 0x01, 0x08,
        0xFF, 0x06, 0x0C, 0x18, 0x30, 0x60, 0xC1, 0x83, 0x06, 0x0F, 0xF0,
        /* U+FCB5 'ﲵ' */
        0xB5, 0xFC, 0x03, 0x07, 0x0C, 0x01, 0x08,
        0xFF, 0x06, 0x0C, 0x18, 0x30, 0x60, 0xC1, 0x83, 0x06, 0x0F, 0xF0,
        /* U+FCB6 'ﲶ' */
        0xB6, 0xFC, 0x03, 0x07, 0x0C, 0x01, 0x08,
        0xFF, 0x06, 0x0C, 0x18, 0x30, 0x60, 0xC1, 0x83, 0x06, 0x0F, 0xF0,
        /* U+FCB7 'ﲷ' */
        0xB7, 0xFC, 0x03, 0x07, 0x0C, 0x01, 0x08,
        0xFF, 0x06, 0x0C, 0x18, 0x30, 0x60, 0xC1, 0x83, 0x06, 0x0F, 0xF0,
        /* U+FCB8 'ﲸ' */
        0xB8, 0xFC, 0x03, 0x07, 0x0C, 0x01, 0x08,
        0xFF, 0x06, 0x0C, 0x18, 0x30, 0x60, 0xC1, 0x83, 0x06, 0x0F, 0xF0,
        /* U+FCB9 'ﲹ' */
        0xB9, 0xFC, 0x03, 0x07, 0x0C, 0x01, 0x08,
        0xFF, 0x06, 0x0C, 0x18, 0x30, 0x60, 0xC1, 0x83, 0x06, 0x0F, 0xF0,
        /* U+FCBA 'ﲺ' */
        0xBA, 0xFC, 0x03, 0x07, 0x0C, 0x01, 0x08,
        0xFF, 0x06, 0x0C, 0x18, 0x30, 0x60, 0xC1, 0x83, 0x06, 0x0F, 0xF0,
        /* U+FCBB 'ﲻ' */
        0xBB, 0xFC, 0x03, 0x07, 0x0C, 0x01, 0x08,
        0xFF, 0x06, 0x0C, 0x18, 0x30, 0x60, 0xC1, 0x83, 0x06, 0x0F, 0xF0,
        /* U+FCBC 'ﲼ' */
        0xBC, 0xFC, 0x03, 0x07, 0x0C, 0x01, 0x08,
        0xFF, 0x06, 0x0C, 0x18, 0x30, 0x60, 0xC1, 0x83, 0x06, 0x0F, 0xF0,
        /* U+FCBD 'ﲽ' */
        0xBD, 0xFC, 0x03, 0x07, 0x0C, 0x01, 0x08,
        0xFF, 0x06, 0x0C, 0x18, 0x30, 0x60, 0xC1, 0x83, 0x06, 0x0F, 0xF0,
        /* U+FCBE 'ﲾ' */
        0xBE, 0xFC, 0x03, 0x07, 0x0C, 0x01, 0x08,
        0xFF, 0x06, 0x0C, 0x18, 0x30, 0x60, 0xC1, 0x83, 0x06, 0x0F, 0xF0,
        /* U+FCBF 'ﲿ' */
        0xBF, 0xFC, 0x03, 0x07, 0x0C, 0x01, 0x08,
        0xFF, 0x06, 0x0C, 0x18, 0x30, 0x60, 0xC1, 0x83, 0x06, 0x0F, 0xF0,
        /* U+FCC0 'ﳀ' */
        0xC0, 0xFC, 0x03, 0x07, 0x0C, 0x01, 0x08,
        0xFF, 0x06, 0x0C, 0x18, 0x30, 0x60, 0xC1, 0x83, 0x06, 0x0F, 0xF0,
        /* U+FCC1 'ﳁ' */
        0xC1, 0xFC, 0x03, 0x07, 0x0C, 0x01, 0x08,
        0xFF, 0x06, 0x0C, 0x18, 0x30, 0x60, 0xC1, 0x83, 0x06, 0x0F, 0xF0,
        /* U+FCC2 'ﳂ' */
        0xC2, 0xFC, 0x03, 0x07, 0x0C, 0x01, 0x08,
        0xFF, 0x06, 0x0C, 0x18, 0x30, 0x60, 0xC1, 0x83, 0x06, 0x0F, 0xF0,
        /* U+FCC3 'ﳃ' */
        0xC3, 0xFC, 0x03, 0x07, 0x0C, 0x01, 0x08,
        0xFF, 0x06, 0x0C, 0x18, 0x30, 0x60, 0xC1, 0x83, 0x06, 0x0F, 0xF0,
        /* U+FCC4 'ﳄ' */
        0xC4, 0xFC, 0x03, 0x07, 0x0C, 0x01, 0x08,
        0xFF, 0x06, 0x0C, 0x18, 0x30, 0x60, 0xC1, 0x83, 0x06, 0x0F, 0xF0,
        /* U+FCC5 'ﳅ' */
        0xC5, 0xFC, 0x03, 0x07, 0x0C, 0x01, 0x08,
        0xFF, 0x06, 0x0C, 0x18, 0x30, 0x60, 0xC1, 0x83, 0x06, 0x0F, 0xF0,
        /* U+FCC6 'ﳆ' */
        0xC6, 0xFC, 0x03, 0x07, 0x0C, 0x01, 0x08,
        0xFF, 0x06, 0x0C, 0x18, 0x30, 0x60, 0xC1, 0x83, 0x06, 0x0F, 0xF0,
        /* U+FCC7 'ﳇ' */
        0xC7, 0xFC, 0x03, 0x07, 0x0C, 0x01, 0x08,
        0xFF, 0x06, 0x0C, 0x18, 0x30, 0x60, 0xC1, 0x83, 0x06, 0x0F, 0xF0,
        /* U+FCC8 'ﳈ' */
        0xC8, 0xFC, 0x03, 0x07, 0x0C, 0x01, 0x08,
        0xFF, 0x06, 0x0C, 0x18, 0x30, 0x60, 0xC1, 0x83, 0x06, 0x0F, 0xF0,
        /* U+FCC9 'ﳉ' */
        0xC9, 0xFC, 0x03, 0x07, 0x0C, 0x01, 0x08,
        0xFF, 0x06, 0x0C, 0x18, 0x30, 0x60, 0xC1, 0x83, 0x06, 0x0F, 0xF0,
        /* U+FCCA 'ﳊ' */
        0xCA, 0xFC, 0x03, 0x07, 0x0C, 0x01, 0x08,
        0xFF, 0x06, 0x0C, 0x18, 0x30, 0x60, 0xC1, 0x83, 0x06, 0x0F, 0xF0,
        /* U+FCCB 'ﳋ' */
        0xCB, 0xFC, 0x03, 0x07, 0x0C, 0x01, 0x08,
        0xFF, 0x06, 0x0C, 0x18, 0x30, 0x60, 0xC1, 0x83, 0x06, 0x0F, 0xF0,
        /* U+FCCC 'ﳌ' */
        0xCC, 0xFC, 0x03, 0x07, 0x0C, 0x01, 0x08,
        0xFF, 0x06, 0x0C, 0x18, 0x30, 0x60, 0xC1, 0x83, 0x06, 0x0F, 0xF0,
        /* U+FCCD 'ﳍ' */
        0xCD, 0xFC, 0x03, 0x07, 0x0C, 0x01, 0x08,
        0xFF, 0x06, 0x0C, 0x18, 0x30, 0x60, 0xC1, 0x83, 0x06, 0x0F, 0xF0,
        /* U+FCCE 'ﳎ' */
        0xCE, 0xFC, 0x03, 0x07, 0x0C, 0x01, 0x08,
        0xFF, 0x06, 0x0C, 0x18, 0x30, 0x60, 0xC1, 0x83, 0x06, 0x0F, 0xF0,
        /* U+FCCF 'ﳏ' */
        0xCF, 0xFC, 0x03, 0x07, 0x0C, 0x01, 0x08,
        0xFF, 0x06, 0x0C, 0x18, 0x30, 0x60, 0xC1, 0x83, 0x06, 0x0F, 0xF0,
        /* U+FCD0 'ﳐ' */
        0xD0, 0xFC, 0x03, 0x07, 0x0C, 0x01, 0x08,
        0xFF, 0x06, 0x0C, 0x18, 0x30, 0x60, 0xC1, 0x83, 0x06, 0x0F, 0xF0,
        /* U+FCD1 'ﳑ' */
        0xD1, 0xFC, 0x03, 0x07, 0x0C, 0x01, 0x08,
        0xFF, 0x06, 0x0C, 0x18, 0x30, 0x60, 0xC1, 0x83, 0x06, 0x0F, 0xF0,
        /* U+FCD2 'ﳒ' */
        0xD2, 0xFC, 0x03, 0x07, 0x0C, 0x01, 0x08,
        0xFF, 0x06, 0x0C, 0x18, 0x30, 0x60, 0xC1, 0x83, 0x06, 0x0F, 0xF0,
        /* U+FCD3 'ﳓ' */
        0xD3, 0xFC, 0x03, 0x07, 0x0C, 0x01, 0x08,
        0xFF, 0x06, 0x0C, 0x18, 0x30, 0x60, 0xC1, 0x83, 0x06, 0x0F, 0xF0,
        /* U+FCD4 'ﳔ' */
        0xD4, 0xFC, 0x03, 0x07, 0x0C, 0x01, 0x08,
        0xFF, 0x06, 0x0C, 0x18, 0x30, 0x60, 0xC1, 0x83, 0x06, 0x0F, 0xF0,
        /* U+FCD5 'ﳕ' */
        0xD5, 0xFC, 0x03, 0x07, 0x0C, 0x01, 0x08,
        0xFF, 0x06, 0x0C, 0x18, 0x30, 0x60, 0xC1, 0x83, 0x06, 0x0F, 0xF0,
        /* U+FCD6 'ﳖ' */
        0xD6, 0xFC, 0x03, 0x07, 0x0C, 0x01, 0x08,
        0xFF, 0x06, 0x0C, 0x18, 0x30, 0x60, 0xC1, 0x83, 0x06, 0x0F, 0xF0,
        /* U+FCD7 'ﳗ' */
        0xD7, 0xFC, 0x03, 0x07, 0x0C, 0x01, 0x08,
        0xFF, 0x06, 0x0C, 0x18, 0x30, 0x60, 0xC1, 0x83, 0x06, 0x0F, 0xF0,
        /* U+FCD8 'ﳘ' */
        0xD8, 0xFC, 0x03, 0x07, 0x0C, 0x01, 0x08,
        0xFF, 0x06, 0x0C, 0x18, 0x30, 0x60, 0xC1, 0x83, 0x06, 0x0F, 0xF0,
        /* U+FCD9 'ﳙ' */
        0xD9, 0xFC, 0x03, 0x07, 0x0C, 0x01, 0x08,
        0xFF, 0x06, 0x0C, 0x18, 0x30, 0x60, 0xC1, 0x83, 0x06, 0x0F, 0xF0,
        /* U+FCDA 'ﳚ' */
        0xDA, 0xFC, 0x03, 0x07, 0x0C, 0x01, 0x08,
        0xFF, 0x06, 0x0C, 0x18, 0x30, 0x60, 0xC1, 0x83, 0x06, 0x0F, 0xF0,
        /* U+FCDB 'ﳛ' */
        0xDB, 0xFC, 0x03, 0x07, 0x0C, 0x01, 0x08,
        0xFF, 0x06, 0x0C, 0x18, 0x30, 0x60, 0xC1, 0x83, 0x06, 0x0F, 0xF0,
        /* U+FCDC 'ﳜ' */
        0xDC, 0xFC, 0x03, 0x07, 0x0C, 0x01, 0x08,
        0xFF, 0x06, 0x0C, 0x18, 0x30, 0x60, 0xC1, 0x83, 0x06, 0x0F, 0xF0,
        /* U+FCDD 'ﳝ' */
        0xDD, 0xFC, 0x03, 0x07, 0x0C, 0x01, 0x08,
        0xFF, 0x06, 0x0C, 0x18, 0x30, 0x60, 0xC1, 0x83, 0x06, 0x0F, 0xF0,
        /* U+FCDE 'ﳞ' */
        0xDE, 0xFC, 0x03, 0x07, 0x0C, 0x01, 0x08,
        0xFF, 0x06, 0x0C, 0x18, 0x30, 0x60, 0xC1, 0x83, 0x06, 0x0F, 0xF0,
        /* U+FCDF 'ﳟ' */
        0xDF, 0xFC, 0x03, 0x07, 0x0C, 0x01, 0x08,
        0xFF, 0x06, 0x0C, 0x18, 0x30, 0x60, 0xC1, 0x83, 0x06, 0x0F, 0xF0,
        /* U+FCE0 'ﳠ' */
        0xE0, 0xFC, 0x03, 0x07, 0x0C, 0x01, 0x08,
        0xFF, 0x06, 0x0C, 0x18, 0x30, 0x60, 0xC1, 0x83, 0x06, 0x0F, 0xF0,
        /* U+FCE1 'ﳡ' */
        0xE1, 0xFC, 0x03, 0x07, 0x0C, 0x01, 0x08,
        0xFF, 0x06, 0x0C, 0x18, 0x30, 0x60, 0xC1, 0x83, 0x06, 0x0F, 0xF0,
        /* U+FCE2 'ﳢ' */
        0xE2, 0xFC, 0x03, 0x07, 0x0C, 0x01, 0x08,
        0xFF, 0x06, 0x0C, 0x18, 0x30, 0x60, 0xC1, 0x83, 0x06, 0x0F, 0xF0,
        /* U+FCE3 'ﳣ' */
        0xE3, 0xFC, 0x03, 0x07, 0x0C, 0x01, 0x08,
        0xFF, 0x06, 0x0C, 0x18, 0x30, 0x60, 0xC1, 0x83, 0x06, 0x0F, 0xF0,
        /* U+FCE4 'ﳤ' */
        0xE4, 0xFC, 0x03, 0x07, 0x0C, 0x01, 0x08,
        0xFF, 0x06, 0x0C, 0x18, 0x30, 0x60, 0xC1, 0x83, 0x06, 0x0F, 0xF0,
        /* U+FCE5 'ﳥ' */
        0xE5, 0xFC, 0x03, 0x07, 0x0C, 0x01, 0x08,
        0xFF, 0x06, 0x0C, 0x18, 0x30, 0x60, 0xC1, 0x83, 0x06, 0x0F, 0xF0,
        /* U+FCE6 'ﳦ' */
        0xE6, 0xFC, 0x03, 0x07, 0x0C, 0x01, 0x08,
        0xFF, 0x06, 0x0C, 0x18, 0x30, 0x60, 0xC1, 0x83, 0x06, 0x0F, 0xF0,
        /* U+FCE7 'ﳧ' */
        0xE7, 0xFC, 0x03, 0x07, 0x0C, 0x01, 0x08,
        0xFF, 0x06, 0x0C, 0x18, 0x30, 0x60, 0xC1, 0x83, 0x06, 0x0F, 0xF0,
        /* U+FCE8 'ﳨ' */
        0xE8, 0xFC, 0x03, 0x07, 0x0C, 0x01, 0x08,
        0xFF, 0x06, 0x0C, 0x18, 0x30, 0x60, 0xC1, 0x83, 0x06, 0x0F, 0xF0,
        /* U+FCE9 'ﳩ' */
        0xE9, 0xFC, 0x03, 0x07, 0x0C, 0x01, 0x08,
        0xFF, 0x06, 0x0C, 0x18, 0x30, 0x60, 0xC1, 0x83, 0x06, 0x0F, 0xF0,
        /* U+FCEA 'ﳪ' */
        0xEA, 0xFC, 0x03, 0x07, 0x0C, 0x01, 0x08,
        0xFF, 0x06, 0x0C, 0x18, 0x30, 0x60, 0xC1, 0x83, 0x06, 0x0F, 0xF0,
        /* U+FCEB 'ﳫ' */
        0xEB, 0xFC, 0x03, 0x07, 0x0C, 0x01, 0x08,
        0xFF, 0x06, 0x0C, 0x18, 0x30, 0x60, 0xC1, 0x83, 0x06, 0x0F, 0xF0,
        /* U+FCEC 'ﳬ' */
        0xEC, 0xFC, 0x03, 0x07, 0x0C, 0x01, 0x08,
        0xFF, 0x06, 0x0C, 0x18, 0x30, 0x60, 0xC1, 0x83, 0x06, 0x0F, 0xF0,
        /* U+FCED 'ﳭ' */
        0xED, 0xFC, 0x03, 0x07, 0x0C, 0x01, 0x08,
        0xFF, 0x06, 0x0C, 0x18, 0x30, 0x60, 0xC1, 0x83, 0x06, 0x0F, 0xF0,
        /* U+FCEE 'ﳮ' */
        0xEE, 0xFC, 0x03, 0x07, 0x0C, 0x01, 0x08,
        0xFF, 0x06, 0x0C, 0x18, 0x30, 0x60, 0xC1, 0x83, 0x06, 0x0F, 0xF0,
        /* U+FCEF 'ﳯ' */
        0xEF, 0xFC, 0x03, 0x07, 0x0C, 0x01, 0x08,
        0xFF, 0x06, 0x0C, 0x18, 0x30, 0x60, 0xC1, 0x83, 0x06, 0x0F, 0xF0,
        /* U+FCF0 'ﳰ' */
        0xF0, 0xFC, 0x03, 0x07, 0x0C, 0x01, 0x08,
        0xFF, 0x06, 0x0C, 0x18, 0x30, 0x60, 0xC1, 0x83, 0x06, 0x0F, 0xF0,
        /* U+FCF1 'ﳱ' */
        0xF1, 0xFC, 0x03, 0x07, 0x0C, 0x01, 0x08,
        0xFF, 0x06, 0x0C, 0x18, 0x30, 0x60, 0xC1, 0x83, 0x06, 0x0F, 0xF0,
        /* U+FCF2 'ﳲ' */
        0xF2, 0xFC, 0x03, 0x07, 0x0C, 0x01, 0x08,
        0xFF, 0x06, 0x0C, 0x18, 0x30, 0x60, 0xC1, 0x83, 0x06, 0x0F, 0xF0,
        /* U+FCF3 'ﳳ' */
        0xF3, 0xFC, 0x03, 0x07, 0x0C, 0x01, 0x08,
        0xFF, 0x06, 0x0C, 0x18, 0x30, 0x60, 0xC1, 0x83, 0x06, 0x0F, 0xF0,
        /* U+FCF4 'ﳴ' */
        0xF4, 0xFC, 0x03, 0x07, 0x0C, 0x01, 0x08,
        0xFF, 0x06, 0x0C, 0x18, 0x30, 0x60, 0xC1, 0x83, 0x06, 0x0F, 0xF0,
        /* U+FCF5 'ﳵ' */
        0xF5, 0xFC, 0x03, 0x07, 0x0C, 0x01, 0x08,
        0xFF, 0x06, 0x0C, 0x18, 0x30, 0x60, 0xC1, 0x83, 0x06, 0x0F, 0xF0,
        /* U+FCF6 'ﳶ' */
        0xF6, 0xFC, 0x03, 0x07, 0x0C, 0x01, 0x08,
        0xFF, 0x06, 0x0C, 0x18, 0x30, 0x60, 0xC1, 0x83, 0x06, 0x0F, 0xF0,
        /* U+FCF7 'ﳷ' */
        0xF7, 0xFC, 0x03, 0x07, 0x0C, 0x01, 0x08,
        0xFF, 0x06, 0x0C, 0x18, 0x30, 0x60, 0xC1, 0x83, 0x06, 0x0F, 0xF0,
        /* U+FCF8 'ﳸ' */
        0xF8, 0xFC, 0x03, 0x07, 0x0C, 0x01, 0x08,
        0xFF, 0x06, 0x0C, 0x18, 0x30, 0x60, 0xC1, 0x83, 0x06, 0x0F, 0xF0,
        /* U+FCF9 'ﳹ' */
        0xF9, 0xFC, 0x03, 0x07, 0x0C, 0x01, 0x08,
        0xFF, 0x06, 0x0C, 0x18, 0x30, 0x60, 0xC1, 0x83, 0x06, 0x0F, 0xF0,
        /* U+FCFA 'ﳺ' */
        0xFA, 0xFC, 0x03, 0x07, 0x0C, 0x01, 0x08,
        0xFF, 0x06, 0x0C, 0x18, 0x30, 0x60, 0xC1, 0x83, 0x06, 0x0F, 0xF0,
        /* U+FCFB 'ﳻ' */
        0xFB, 0xFC, 0x03, 0x07, 0x0C, 0x01, 0x08,
        0xFF, 0x06, 0x0C, 0x18, 0x30, 0x60, 0xC1, 0x83, 0x06, 0x0F, 0xF0,
        /* U+FCFC 'ﳼ' */
        0xFC, 0xFC, 0x03, 0x07, 0x0C, 0x01, 0x08,
        0xFF, 0x06, 0x0C, 0x18, 0x30, 0x60, 0xC1, 0x83, 0x06, 0x0F, 0xF0,
        /* U+FCFD 'ﳽ' */
        0xFD, 0xFC, 0x03, 0x07, 0x0C, 0x01, 0x08,
        0xFF, 0x06, 0x0C, 0x18, 0x30, 0x60, 0xC1, 0x83, 0x06, 0x0F, 0xF0,
        /* U+FCFE 'ﳾ' */
        0xFE, 0xFC, 0x03, 0x07, 0x0C, 0x01, 0x08,
        0xFF, 0x06, 0x0C, 0x18, 0x30, 0x60, 0xC1, 0x83, 0x06, 0x0F, 0xF0,
        /* U+FCFF 'ﳿ' */
        0xFF, 0xFC, 0x03, 0x07, 0x0C, 0x01, 0x08,
        0xFF, 0x06, 0x0C, 0x18, 0x30, 0x60, 0xC1, 0x83, 0x06, 0x0F, 0xF0,
        /* U+FD00 'ﴀ' */
        0x00, 0xFD, 0x03, 0x07, 0x0C, 0x01, 0x08,
        0xFF, 0x06, 0x0C, 0x18, 0x30, 0x60, 0xC1, 0x83, 0x06, 0x0F, 0xF0,
        /* U+FD01 'ﴁ' */
        0x01, 0xFD, 0x03, 0x07, 0x0C, 0x01, 0x08,
        0xFF, 0x06, 0x0C, 0x18, 0x30, 0x60, 0xC1, 0x83, 0x06, 0x0F, 0xF0,
        /* U+FD02 'ﴂ' */
        0x02, 0xFD, 0x03, 0x07, 0x0C, 0x01, 0x08,
        0xFF, 0x06, 0x0C, 0x18, 0x30, 0x60, 0xC1, 0x83, 0x06, 0x0F, 0xF0,
        /* U+FD03 'ﴃ' */
        0x03, 0xFD, 0x03, 0x07, 0x0C, 0x01, 0x08,
        0xFF, 0x06, 0x0C, 0x18, 0x30, 0x60, 0xC1, 0x83, 0x06, 0x0F, 0xF0,
        /* U+FD04 'ﴄ' */
        0x04, 0xFD, 0x03, 0x07, 0x0C, 0x01, 0x08,
        0xFF, 0x06, 0x0C, 0x18, 0x30, 0x60, 0xC1, 0x83, 0x06, 0x0F, 0xF0,
        /* U+FD05 'ﴅ' */
        0x05, 0xFD, 0x03, 0x07, 0x0C, 0x01, 0x08,
        0xFF, 0x06, 0x0C, 0x18, 0x30, 0x60, 0xC1, 0x83, 0x06, 0x0F, 0xF0,
        /* U+FD06 'ﴆ' */
        0x06, 0xFD, 0x03, 0x07, 0x0C, 0x01, 0x08,
        0xFF, 0x06, 0x0C, 0x18, 0x30, 0x60, 0xC1, 0x83, 0x06, 0x0F, 0xF0,
        /* U+FD07 'ﴇ' */
        0x07, 0xFD, 0x03, 0x07, 0x0C, 0x01, 0x08,
        0xFF, 0x06, 0x0C, 0x18, 0x30, 0x60, 0xC1, 0x83, 0x06, 0x0F, 0xF0,
        /* U+FD08 'ﴈ' */
        0x08, 0xFD, 0x03, 0x07, 0x0C, 0x01, 0x08,
        0xFF, 0x06, 0x0C, 0x18, 0x30, 0x60, 0xC1, 0x83, 0x06, 0x0F, 0xF0,
        /* U+FD09 'ﴉ' */
        0x09, 0xFD, 0x03, 0x07, 0x0C, 0x01, 0x08,
        0xFF, 0x06, 0x0C, 0x18, 0x30, 0x60, 0xC1, 0x83, 0x06, 0x0F, 0xF0,
        /* U+FD0A 'ﴊ' */
        0x0A, 0xFD, 0x03, 0x07, 0x0C, 0x01, 0x08,
        0xFF, 0x06, 0x0C, 0x18, 0x30, 0x60, 0xC1, 0x83, 0x06, 0x0F, 0xF0,
        /* U+FD0B 'ﴋ' */
        0x0B, 0xFD, 0x03, 0x07, 0x0C, 0x01, 0x08,
        0xFF, 0x06, 0x0C, 0x18, 0x30, 0x60, 0xC1, 0x83, 0x06, 0x0F, 0xF0,
        /* U+FD0C 'ﴌ' */
        0x0C, 0xFD, 0x03, 0x07, 0x0C, 0x01, 0x08,
        0xFF, 0x06, 0x0C, 0x18, 0x30, 0x60, 0xC1, 0x83, 0x06, 0x0F, 0xF0,
        /* U+FD0D 'ﴍ' */
        0x0D, 0xFD, 0x03, 0x07, 0x0C, 0x01, 0x08,
        0xFF, 0x06, 0x0C, 0x18, 0x30, 0x60, 0xC1, 0x83, 0x06, 0x0F, 0xF0,
        /* U+FD0E 'ﴎ' */
        0x0E, 0xFD, 0x03, 0x07, 0x0C, 0x01, 0x08,
        0xFF, 0x06, 0x0C, 0x18, 0x30, 0x60, 0xC1, 0x83, 0x06, 0x0F, 0xF0,
        /* U+FD0F 'ﴏ' */
        0x0F, 0xFD, 0x03, 0x07, 0x0C, 0x01, 0x08,
        0xFF, 0x06, 0x0C, 0x18, 0x30, 0x60, 0xC1, 0x83, 0x06, 0x0F, 0xF0,
        /* U+FD10 'ﴐ' */
        0x10, 0xFD, 0x03, 0x07, 0x0C, 0x01, 0x08,
        0xFF, 0x06, 0x0C, 0x18, 0x30, 0x60, 0xC1, 0x83, 0x06, 0x0F, 0xF0,
        /* U+FD11 'ﴑ' */
        0x11, 0xFD, 0x03, 0x07, 0x0C, 0x01, 0x08,
        0xFF, 0x06, 0x0C, 0x18, 0x30, 0x60, 0xC1, 0x83, 0x06, 0x0F, 0xF0,
        /* U+FD12 'ﴒ' */
        0x12, 0xFD, 0x03, 0x07, 0x0C, 0x01, 0x08,
        0xFF, 0x06, 0x0C, 0x18, 0x30, 0x60, 0xC1, 0x83, 0x06, 0x0F, 0xF0,
        /* U+FD13 'ﴓ' */
        0x13, 0xFD, 0x03, 0x07, 0x0C, 0x01, 0x08,
        0xFF, 0x06, 0x0C, 0x18, 0x30, 0x60, 0xC1, 0x83, 0x06, 0x0F, 0xF0,
        /* U+FD14 'ﴔ' */
        0x14, 0xFD, 0x03, 0x07, 0x0C, 0x01, 0x08,
        0xFF, 0x06, 0x0C, 0x18, 0x30, 0x60, 0xC1, 0x83, 0x06, 0x0F, 0xF0,
        /* U+FD15 'ﴕ' */
        0x15, 0xFD, 0x03, 0x07, 0x0C, 0x01, 0x08,
        0xFF, 0x06, 0x0C, 0x18, 0x30, 0x60, 0xC1, 0x83, 0x06, 0x0F, 0xF0,
        /* U+FD16 'ﴖ' */
        0x16, 0xFD, 0x03, 0x07, 0x0C, 0x01, 0x08,
        0xFF, 0x06, 0x0C, 0x18, 0x30, 0x60, 0xC1, 0x83, 0x06, 0x0F, 0xF0,
        /* U+FD17 'ﴗ' */
        0x17, 0xFD, 0x03, 0x07, 0x0C, 0x01, 0x08,
        0xFF, 0x06, 0x0C, 0x18, 0x30, 0x60, 0xC1, 0x83, 0x06, 0x0F, 0xF0,
        /* U+FD18 'ﴘ' */
        0x18, 0xFD, 0x03, 0x07, 0x0C, 0x01, 0x08,
        0xFF, 0x06, 0x0C, 0x18, 0x30, 0x60, 0xC1, 0x83, 0x06, 0x0F, 0xF0,
        /* U+FD19 'ﴙ' */
        0x19, 0xFD, 0x03, 0x07, 0x0C, 0x01, 0x08,
        0xFF, 0x06, 0x0C, 0x18, 0x30, 0x60, 0xC1, 0x83, 0x06, 0x0F, 0xF0,
        /* U+FD1A 'ﴚ' */
        0x1A, 0xFD, 0x03, 0x07, 0x0C, 0x01, 0x08,
        0xFF, 0x06, 0x0C, 0x18, 0x30, 0x60, 0xC1, 0x83, 0x06, 0x0F, 0xF0,
        /* U+FD1B 'ﴛ' */
        0x1B, 0xFD, 0x03, 0x07, 0x0C, 0x01, 0x08,
        0xFF, 0x06, 0x0C, 0x18, 0x30, 0x60, 0xC1, 0x83, 0x06, 0x0F, 0xF0,
        /* U+FD1C 'ﴜ' */
        0x1C, 0xFD, 0x03, 0x07, 0x0C, 0x01, 0x08,
        0xFF, 0x06, 0x0C, 0x18, 0x30, 0x60, 0xC1, 0x83, 0x06, 0x0F, 0xF0,
        /* U+FD1D 'ﴝ' */
        0x1D, 0xFD, 0x03, 0x07, 0x0C, 0x01, 0x08,
        0xFF, 0x06, 0x0C, 0x18, 0x30, 0x60, 0xC1, 0x83, 0x06, 0x0F, 0xF0,
        /* U+FD1E 'ﴞ' */
        0x1E, 0xFD, 0x03, 0x07, 0x0C, 0x01, 0x08,
        0xFF, 0x06, 0x0C, 0x18, 0x30, 0x60, 0xC1, 0x83, 0x06, 0x0F, 0xF0,
        /* U+FD1F 'ﴟ' */
        0x1F, 0xFD, 0x03, 0x07, 0x0C, 0x01, 0x08,
        0xFF, 0x06, 0x0C, 0x18, 0x30, 0x60, 0xC1, 0x83, 0x06, 0x0F, 0xF0,
        /* U+FD20 'ﴠ' */
        0x20, 0xFD, 0x03, 0x07, 0x0C, 0x01, 0x08,
        0xFF, 0x06, 0x0C, 0x18, 0x30, 0x60, 0xC1, 0x83, 0x06, 0x0F, 0xF0,
        /* U+FD21 'ﴡ' */
        0x21, 0xFD, 0x03, 0x07, 0x0C, 0x01, 0x08,
        0xFF, 0x06, 0x0C, 0x18, 0x30, 0x60, 0xC1, 0x83, 0x06, 0x0F, 0xF0,
        /* U+FD22 'ﴢ' */
        0x22, 0xFD, 0x03, 0x07, 0x0C, 0x01, 0x08,
        0xFF, 0x06, 0x0C, 0x18, 0x30, 0x60, 0xC1, 0x83, 0x06, 0x0F, 0xF0,
        /* U+FD23 'ﴣ' */
        0x23, 0xFD, 0x03, 0x07, 0x0C, 0x01, 0x08,
        0xFF, 0x06, 0x0C, 0x18, 0x30, 0x60, 0xC1, 0x83, 0x06, 0x0F, 0xF0,
        /* U+FD24 'ﴤ' */
        0x24, 0xFD, 0x03, 0x07, 0x0C, 0x01, 0x08,
        0xFF, 0x06, 0x0C, 0x18, 0x30, 0x60, 0xC1, 0x83, 0x06, 0x0F, 0xF0,
        /* U+FD25 'ﴥ' */
        0x25, 0xFD, 0x03, 0x07, 0x0C, 0x01, 0x08,
        0xFF, 0x06, 0x0C, 0x18, 0x30, 0x60, 0xC1, 0x83, 0x06, 0x0F, 0xF0,
        /* U+FD26 'ﴦ' */
        0x26, 0xFD, 0x03, 0x07, 0x0C, 0x01, 0x08,
        0xFF, 0x06, 0x0C, 0x18, 0x30, 0x60, 0xC1, 0x83, 0x06, 0x0F, 0xF0,
        /* U+FD27 'ﴧ' */
        0x27, 0xFD, 0x03, 0x07, 0x0C, 0x01, 0x08,
        0xFF, 0x06, 0x0C, 0x18, 0x30, 0x60, 0xC1, 0x83, 0x06, 0x0F, 0xF0,
        /* U+FD28 'ﴨ' */
        0x28, 0xFD, 0x03, 0x07, 0x0C, 0x01, 0x08,
        0xFF, 0x06, 0x0C, 0x18, 0x30, 0x60, 0xC1, 0x83, 0x06, 0x0F, 0xF0,
        /* U+FD29 'ﴩ' */
        0x29, 0xFD, 0x03, 0x07, 0x0C, 0x01, 0x08,
        0xFF, 0x06, 0x0C, 0x18, 0x30, 0x60, 0xC1, 0x83, 0x06, 0x0F, 0xF0,
        /* U+FD2A 'ﴪ' */
        0x2A, 0xFD, 0x03, 0x07, 0x0C, 0x01, 0x08,
        0xFF, 0x06, 0x0C, 0x18, 0x30, 0x60, 0xC1, 0x83, 0x06, 0x0F, 0xF0,
        /* U+FD2B 'ﴫ' */
        0x2B, 0xFD, 0x03, 0x07, 0x0C, 0x01, 0x08,
        0xFF, 0x06, 0x0C, 0x18, 0x30, 0x60, 0xC1, 0x83, 0x06, 0x0F, 0xF0,
        /* U+FD2C 'ﴬ' */
        0x2C, 0xFD, 0x03, 0x07, 0x0C, 0x01, 0x08,
        0xFF, 0x06, 0x0C, 0x18, 0x30, 0x60, 0xC1, 0x83, 0x06, 0x0F, 0xF0,
        /* U+FD2D 'ﴭ' */
        0x2D, 0xFD, 0x03, 0x07, 0x0C, 0x01, 0x08,
        0xFF, 0x06, 0x0C, 0x18, 0x30, 0x60, 0xC1, 0x83, 0x06, 0x0F, 0xF0,
        /* U+FD2E 'ﴮ' */
        0x2E, 0xFD, 0x03, 0x07, 0x0C, 0x01, 0x08,
        0xFF, 0x06, 0x0C, 0x18, 0x30, 0x60, 0xC1, 0x83, 0x06, 0x0F, 0xF0,
        /* U+FD2F 'ﴯ' */
        0x2F, 0xFD, 0x03, 0x07, 0x0C, 0x01, 0x08,
        0xFF, 0x06, 0x0C, 0x18, 0x30, 0x60, 0xC1, 0x83, 0x06, 0x0F, 0xF0,
        /* U+FD30 'ﴰ' */
        0x30, 0xFD, 0x03, 0x07, 0x0C, 0x01, 0x08,
        0xFF, 0x06, 0x0C, 0x18, 0x30, 0x60, 0xC1, 0x83, 0x06, 0x0F, 0xF0,
        /* U+FD31 'ﴱ' */
        0x31, 0xFD, 0x03, 0x07, 0x0C, 0x01, 0x08,
        0xFF, 0x06, 0x0C, 0x18, 0x30, 0x60, 0xC1, 0x83, 0x06, 0x0F, 0xF0,
        /* U+FD32 'ﴲ' */
        0x32, 0xFD, 0x03, 0x07, 0x0C, 0x01, 0x08,
        0xFF, 0x06, 0x0C, 0x18, 0x30, 0x60, 0xC1, 0x83, 0x06, 0x0F, 0xF0,
        /* U+FD33 'ﴳ' */
        0x33, 0xFD, 0x03, 0x07, 0x0C, 0x01, 0x08,
        0xFF, 0x06, 0x0C, 0x18, 0x30, 0x60, 0xC1, 0x83, 0x06, 0x0F, 0xF0,
        /* U+FD34 'ﴴ' */
        0x34, 0xFD, 0x03, 0x07, 0x0C, 0x01, 0x08,
        0xFF, 0x06, 0x0C, 0x18, 0x30, 0x60, 0xC1, 0x83, 0x06, 0x0F, 0xF0,
        /* U+FD35 'ﴵ' */
        0x35, 0xFD, 0x03, 0x07, 0x0C, 0x01, 0x08,
        0xFF, 0x06, 0x0C, 0x18, 0x30, 0x60, 0xC1, 0x83, 0x06, 0x0F, 0xF0,
        /* U+FD36 'ﴶ' */
        0x36, 0xFD, 0x03, 0x07, 0x0C, 0x01, 0x08,
        0xFF, 0x06, 0x0C, 0x18, 0x30, 0x60, 0xC1, 0x83, 0x06, 0x0F, 0xF0,
        /* U+FD37 'ﴷ' */
        0x37, 0xFD, 0x03, 0x07, 0x0C, 0x01, 0x08,
        0xFF, 0x06, 0x0C, 0x18, 0x30, 0x60, 0xC1, 0x83, 0x06, 0x0F, 0xF0,
        /* U+FD38 'ﴸ' */
        0x38, 0xFD, 0x03, 0x07, 0x0C, 0x01, 0x08,
        0xFF, 0x06, 0x0C, 0x18, 0x30, 0x60, 0xC1, 0x83, 0x06, 0x0F, 0xF0,
        /* U+FD39 'ﴹ' */
        0x39, 0xFD, 0x03, 0x07, 0x0C, 0x01, 0x08,
        0xFF, 0x06, 0x0C, 0x18, 0x30, 0x60, 0xC1, 0x83, 0x06, 0x0F, 0xF0,
        /* U+FD3A 'ﴺ' */
        0x3A, 0xFD, 0x03, 0x07, 0x0C, 0x01, 0x08,
        0xFF, 0x06, 0x0C, 0x18, 0x30, 0x60, 0xC1, 0x83, 0x06, 0x0F, 0xF0,
        /* U+FD3B 'ﴻ' */
        0x3B, 0xFD, 0x03, 0x07, 0x0C, 0x01, 0x08,
        0xFF, 0x06, 0x0C, 0x18, 0x30, 0x60, 0xC1, 0x83, 0x06, 0x0F, 0xF0,
        /* U+FD3C 'ﴼ' */
        0x3C, 0xFD, 0x03, 0x07, 0x0C, 0x01, 0x08,
        0xFF, 0x06, 0x0C, 0x18, 0x30, 0x60, 0xC1, 0x83, 0x06, 0x0F, 0xF0,
        /* U+FD3D 'ﴽ' */
        0x3D, 0xFD, 0x03, 0x07, 0x0C, 0x01, 0x08,
        0xFF, 0x06, 0x0C, 0x18, 0x30, 0x60, 0xC1, 0x83, 0x06, 0x0F, 0xF0,
        /* U+FD3E '﴾' */
        0x3E, 0xFD, 0x03, 0x07, 0x0C, 0x01, 0x08,
        0xFF, 0x06, 0x0C, 0x18, 0x30, 0x60, 0xC1, 0x83, 0x06, 0x0F, 0xF0,
        /* U+FD3F '﴿' */
        0x3F, 0xFD, 0x03, 0x07, 0x0C, 0x01, 0x08,
        0xFF, 0x06, 0x0C, 0x18, 0x30, 0x60, 0xC1, 0x83, 0x06, 0x0F, 0xF0,
        /* U+FD40 '﵀' */
        0x40, 0xFD, 0x03, 0x07, 0x0C, 0x01, 0x08,
        0xFF, 0x06, 0x0C, 0x18, 0x30, 0x60, 0xC1, 0x83, 0x06, 0x0F, 0xF0,
        /* U+FD41 '﵁' */
        0x41, 0xFD, 0x03, 0x07, 0x0C, 0x01, 0x08,
        0xFF, 0x06, 0x0C, 0x18, 0x30, 0x60, 0xC1, 0x83, 0x06, 0x0F, 0xF0,
        /* U+FD42 '﵂' */
        0x42, 0xFD, 0x03, 0x07, 0x0C, 0x01, 0x08,
        0xFF, 0x06, 0x0C, 0x18, 0x30, 0x60, 0xC1, 0x83, 0x06, 0x0F, 0xF0,
        /* U+FD43 '﵃' */
        0x43, 0xFD, 0x03, 0x07, 0x0C, 0x01, 0x08,
        0xFF, 0x06, 0x0C, 0x18, 0x30, 0x60, 0xC1, 0x83, 0x06, 0x0F, 0xF0,
        /* U+FD44 '﵄' */
        0x44, 0xFD, 0x03, 0x07, 0x0C, 0x01, 0x08,
        0xFF, 0x06, 0x0C, 0x18, 0x30, 0x60, 0xC1, 0x83, 0x06, 0x0F, 0xF0,
        /* U+FD45 '﵅' */
        0x45, 0xFD, 0x03, 0x07, 0x0C, 0x01, 0x08,
        0xFF, 0x06, 0x0C, 0x18, 0x30, 0x60, 0xC1, 0x83, 0x06, 0x0F, 0xF0,
        /* U+FD46 '﵆' */
        0x46, 0xFD, 0x03, 0x07, 0x0C, 0x01, 0x08,
        0xFF, 0x06, 0x0C, 0x18, 0x30, 0x60, 0xC1, 0x83, 0x06, 0x0F, 0xF0,
        /* U+FD47 '﵇' */
        0x47, 0xFD, 0x03, 0x07, 0x0C, 0x01, 0x08,
        0xFF, 0x06, 0x0C, 0x18, 0x30, 0x60, 0xC1, 0x83, 0x06, 0x0F, 0xF0,
        /* U+FD48 '﵈' */
        0x48, 0xFD, 0x03, 0x07, 0x0C, 0x01, 0x08,
        0xFF, 0x06, 0x0C, 0x18, 0x30, 0x60, 0xC1, 0x83, 0x06, 0x0F, 0xF0,
        /* U+FD49 '﵉' */
        0x49, 0xFD, 0x03, 0x07, 0x0C, 0x01, 0x08,
        0xFF, 0x06, 0x0C, 0x18, 0x30, 0x60, 0xC1, 0x83, 0x06, 0x0F, 0xF0,
        /* U+FD4A '﵊' */
        0x4A, 0xFD, 0x03, 0x07, 0x0C, 0x01, 0x08,
        0xFF, 0x06, 0x0C, 0x18, 0x30, 0x60, 0xC1, 0x83, 0x06, 0x0F, 0xF0,
        /* U+FD4B '﵋' */
        0x4B, 0xFD, 0x03, 0x07, 0x0C, 0x01, 0x08,
        0xFF, 0x06, 0x0C, 0x18, 0x30, 0x60, 0xC1, 0x83, 0x06, 0x0F, 0xF0,
        /* U+FD4C '﵌' */
        0x4C, 0xFD, 0x03, 0x07, 0x0C, 0x01, 0x08,
        0xFF, 0x06, 0x0C, 0x18, 0x30, 0x60, 0xC1, 0x83, 0x06, 0x0F, 0xF0,
        /* U+FD4D '﵍' */
        0x4D, 0xFD, 0x03, 0x07, 0x0C, 0x01, 0x08,
        0xFF, 0x06, 0x0C, 0x18, 0x30, 0x60, 0xC1, 0x83, 0x06, 0x0F, 0xF0,
        /* U+FD4E '﵎' */
        0x4E, 0xFD, 0x03, 0x07, 0x0C, 0x01, 0x08,
        0xFF, 0x06, 0x0C, 0x18, 0x30, 0x60, 0xC1, 0x83, 0x06, 0x0F, 0xF0,
        /* U+FD4F '﵏' */
        0x4F, 0xFD, 0x03, 0x07, 0x0C, 0x01, 0x08,
        0xFF, 0x06, 0x0C, 0x18, 0x30, 0x60, 0xC1, 0x83, 0x06, 0x0F, 0xF0,
        /* U+FD50 'ﵐ' */
        0x50, 0xFD, 0x03, 0x07, 0x0C, 0x01, 0x08,
        0xFF, 0x06, 0x0C, 0x18, 0x30, 0x60, 0xC1, 0x83, 0x06, 0x0F, 0xF0,
        /* U+FD51 'ﵑ' */
        0x51, 0xFD, 0x03, 0x07, 0x0C, 0x01, 0x08,
        0xFF, 0x06, 0x0C, 0x18, 0x30, 0x60, 0xC1, 0x83, 0x06, 0x0F, 0xF0,
        /* U+FD52 'ﵒ' */
        0x52, 0xFD, 0x03, 0x07, 0x0C, 0x01, 0x08,
        0xFF, 0x06, 0x0C, 0x18, 0x30, 0x60, 0xC1, 0x83, 0x06, 0x0F, 0xF0,
        /* U+FD53 'ﵓ' */
        0x53, 0xFD, 0x03, 0x07, 0x0C, 0x01, 0x08,
        0xFF, 0x06, 0x0C, 0x18, 0x30, 0x60, 0xC1, 0x83, 0x06, 0x0F, 0xF0,
        /* U+FD54 'ﵔ' */
        0x54, 0xFD, 0x03, 0x07, 0x0C, 0x01, 0x08,
        0xFF, 0x06, 0x0C, 0x18, 0x30, 0x60, 0xC1, 0x83, 0x06, 0x0F, 0xF0,
        /* U+FD55 'ﵕ' */
        0x55, 0xFD, 0x03, 0x07, 0x0C, 0x01, 0x08,
        0xFF, 0x06, 0x0C, 0x18, 0x30, 0x60, 0xC1, 0x83, 0x06, 0x0F, 0xF0,
        /* U+FD56 'ﵖ' */
        0x56, 0xFD, 0x03, 0x07, 0x0C, 0x01, 0x08,
        0xFF, 0x06, 0x0C, 0x18, 0x30, 0x60, 0xC1, 0x83, 0x06, 0x0F, 0xF0,
        /* U+FD57 'ﵗ' */
        0x57, 0xFD, 0x03, 0x07, 0x0C, 0x01, 0x08,
        0xFF, 0x06, 0x0C, 0x18, 0x30, 0x60, 0xC1, 0x83, 0x06, 0x0F, 0xF0,
        /* U+FD58 'ﵘ' */
        0x58, 0xFD, 0x03, 0x07, 0x0C, 0x01, 0x08,
        0xFF, 0x06, 0x0C, 0x18, 0x30, 0x60, 0xC1, 0x83, 0x06, 0x0F, 0xF0,
        /* U+FD59 'ﵙ' */
        0x59, 0xFD, 0x03, 0x07, 0x0C, 0x01, 0x08,
        0xFF, 0x06, 0x0C, 0x18, 0x30, 0x60, 0xC1, 0x83, 0x06, 0x0F, 0xF0,
        /* U+FD5A 'ﵚ' */
        0x5A, 0xFD, 0x03, 0x07, 0x0C, 0x01, 0x08,
        0xFF, 0x06, 0x0C, 0x18, 0x30, 0x60, 0xC1, 0x83, 0x06, 0x0F, 0xF0,
        /* U+FD5B 'ﵛ' */
        0x5B, 0xFD, 0x03, 0x07, 0x0C, 0x01, 0x08,
        0xFF, 0x06, 0x0C, 0x18, 0x30, 0x60, 0xC1, 0x83, 0x06, 0x0F, 0xF0,
        /* U+FD5C 'ﵜ' */
        0x5C, 0xFD, 0x03, 0x07, 0x0C, 0x01, 0x08,
        0xFF, 0x06, 0x0C, 0x18, 0x30, 0x60, 0xC1, 0x83, 0x06, 0x0F, 0xF0,
        /* U+FD5D 'ﵝ' */
        0x5D, 0xFD, 0x03, 0x07, 0x0C, 0x01, 0x08,
        0xFF, 0x06, 0x0C, 0x18, 0x30, 0x60, 0xC1, 0x83, 0x06, 0x0F, 0xF0,
        /* U+FD5E 'ﵞ' */
        0x5E, 0xFD, 0x03, 0x07, 0x0C, 0x01, 0x08,
        0xFF, 0x06, 0x0C, 0x18, 0x30, 0x60, 0xC1, 0x83, 0x06, 0x0F, 0xF0,
        /* U+FD5F 'ﵟ' */
        0x5F, 0xFD, 0x03, 0x07, 0x0C, 0x01, 0x08,
        0xFF, 0x06, 0x0C, 0x18, 0x30, 0x60, 0xC1, 0x83, 0x06, 0x0F, 0xF0,
        /* U+FD60 'ﵠ' */
        0x60, 0xFD, 0x03, 0x07, 0x0C, 0x01, 0x08,
        0xFF, 0x06, 0x0C, 0x18, 0x30, 0x60, 0xC1, 0x83, 0x06, 0x0F, 0xF0,
        /* U+FD61 'ﵡ' */
        0x61, 0xFD, 0x03, 0x07, 0x0C, 0x01, 0x08,
        0xFF, 0x06, 0x0C, 0x18, 0x30, 0x60, 0xC1, 0x83, 0x06, 0x0F, 0xF0,
        /* U+FD62 'ﵢ' */
        0x62, 0xFD, 0x03, 0x07, 0x0C, 0x01, 0x08,
        0xFF, 0x06, 0x0C, 0x18, 0x30, 0x60, 0xC1, 0x83, 0x06, 0x0F, 0xF0,
        /* U+FD63 'ﵣ' */
        0x63, 0xFD, 0x03, 0x07, 0x0C, 0x01, 0x08,
        0xFF, 0x06, 0x0C, 0x18, 0x30, 0x60, 0xC1, 0x83, 0x06, 0x0F, 0xF0,
        /* U+FD64 'ﵤ' */
        0x64, 0xFD, 0x03, 0x07, 0x0C, 0x01, 0x08,
        0xFF, 0x06, 0x0C, 0x18, 0x30, 0x60, 0xC1, 0x83, 0x06, 0x0F, 0xF0,
        /* U+FD65 'ﵥ' */
        0x65, 0xFD, 0x03, 0x07, 0x0C, 0x01, 0x08,
        0xFF, 0x06, 0x0C, 0x18, 0x30, 0x60, 0xC1, 0x83, 0x06, 0x0F, 0xF0,
        /* U+FD66 'ﵦ' */
        0x66, 0xFD, 0x03, 0x07, 0x0C, 0x01, 0x08,
        0xFF, 0x06, 0x0C, 0x18, 0x30, 0x60, 0xC1, 0x83, 0x06, 0x0F, 0xF0,
        /* U+FD67 'ﵧ' */
        0x67, 0xFD, 0x03, 0x07, 0x0C, 0x01, 0x08,
        0xFF, 0x06, 0x0C, 0x18, 0x30, 0x60, 0xC1, 0x83, 0x06, 0x0F, 0xF0,
        /* U+FD68 'ﵨ' */
        0x68, 0xFD, 0x03, 0x07, 0x0C, 0x01, 0x08,
        0xFF, 0x06, 0x0C, 0x18, 0x30, 0x60, 0xC1, 0x83, 0x06, 0x0F, 0xF0,
        /* U+FD69 'ﵩ' */
        0x69, 0xFD, 0x03, 0x07, 0x0C, 0x01, 0x08,
        0xFF, 0x06, 0x0C, 0x18, 0x30, 0x60, 0xC1, 0x83, 0x06, 0x0F, 0xF0,
        /* U+FD6A 'ﵪ' */
        0x6A, 0xFD, 0x03, 0x07, 0x0C, 0x01, 0x08,
        0xFF, 0x06, 0x0C, 0x18, 0x30, 0x60, 0xC1, 0x83, 0x06, 0x0F, 0xF0,
        /* U+FD6B 'ﵫ' */
        0x6B, 0xFD, 0x03, 0x07, 0x0C, 0x01, 0x08,
        0xFF, 0x06, 0x0C, 0x18, 0x30, 0x60, 0xC1, 0x83, 0x06, 0x0F, 0xF0,
        /* U+FD6C 'ﵬ' */
        0x6C, 0xFD, 0x03, 0x07, 0x0C, 0x01, 0x08,
        0xFF, 0x06, 0x0C, 0x18, 0x30, 0x60, 0xC1, 0x83, 0x06, 0x0F, 0xF0,
        /* U+FD6D 'ﵭ' */
        0x6D, 0xFD, 0x03, 0x07, 0x0C, 0x01, 0x08,
        0xFF, 0x06, 0x0C, 0x18, 0x30, 0x60, 0xC1, 0x83, 0x06, 0x0F, 0xF0,
        /* U+FD6E 'ﵮ' */
        0x6E, 0xFD, 0x03, 0x07, 0x0C, 0x01, 0x08,
        0xFF, 0x06, 0x0C, 0x18, 0x30, 0x60, 0xC1, 0x83, 0x06, 0x0F, 0xF0,
        /* U+FD6F 'ﵯ' */
        0x6F, 0xFD, 0x03, 0x07, 0x0C, 0x01, 0x08,
        0xFF, 0x06, 0x0C, 0x18, 0x30, 0x60, 0xC1, 0x83, 0x06, 0x0F, 0xF0,
        /* U+FD70 'ﵰ' */
        0x70, 0xFD, 0x03, 0x07, 0x0C, 0x01, 0x08,
        0xFF, 0x06, 0x0C, 0x18, 0x30, 0x60, 0xC1, 0x83, 0x06, 0x0F, 0xF0,
        /* U+FD71 'ﵱ' */
        0x71, 0xFD, 0x03, 0x07, 0x0C, 0x01, 0x08,
        0xFF, 0x06, 0x0C, 0x18, 0x30, 0x60, 0xC1, 0x83, 0x06, 0x0F, 0xF0,
        /* U+FD72 'ﵲ' */
        0x72, 0xFD, 0x03, 0x07, 0x0C, 0x01, 0x08,
        0xFF, 0x06, 0x0C, 0x18, 0x30, 0x60, 0xC1, 0x83, 0x06, 0x0F, 0xF0,
        /* U+FD73 'ﵳ' */
        0x73, 0xFD, 0x03, 0x07, 0x0C, 0x01, 0x08,
        0xFF, 0x06, 0x0C, 0x18, 0x30, 0x60, 0xC1, 0x83, 0x06, 0x0F, 0xF0,
        /* U+FD74 'ﵴ' */
        0x74, 0xFD, 0x03, 0x07, 0x0C, 0x01, 0x08,
        0xFF, 0x06, 0x0C, 0x18, 0x30, 0x60, 0xC1, 0x83, 0x06, 0x0F, 0xF0,
        /* U+FD75 'ﵵ' */
        0x75, 0xFD, 0x03, 0x07, 0x0C, 0x01, 0x08,
        0xFF, 0x06, 0x0C, 0x18, 0x30, 0x60, 0xC1, 0x83, 0x06, 0x0F, 0xF0,
        /* U+FD76 'ﵶ' */
        0x76, 0xFD, 0x03, 0x07, 0x0C, 0x01, 0x08,
        0xFF, 0x06, 0x0C, 0x18, 0x30, 0x60, 0xC1, 0x83, 0x06, 0x0F, 0xF0,
        /* U+FD77 'ﵷ' */
        0x77, 0xFD, 0x03, 0x07, 0x0C, 0x01, 0x08,
        0xFF, 0x06, 0x0C, 0x18, 0x30, 0x60, 0xC1, 0x83, 0x06, 0x0F, 0xF0,
        /* U+FD78 'ﵸ' */
        0x78, 0xFD, 0x03, 0x07, 0x0C, 0x01, 0x08,
        0xFF, 0x06, 0x0C, 0x18, 0x30, 0x60, 0xC1, 0x83, 0x06, 0x0F, 0xF0,
        /* U+FD79 'ﵹ' */
        0x79, 0xFD, 0x03, 0x07, 0x0C, 0x01, 0x08,
        0xFF, 0x06, 0x0C, 0x18, 0x30, 0x60, 0xC1, 0x83, 0x06, 0x0F, 0xF0,
        /* U+FD7A 'ﵺ' */
        0x7A, 0xFD, 0x03, 0x07, 0x0C, 0x01, 0x08,
        0xFF, 0x06, 0x0C, 0x18, 0x30, 0x60, 0xC1, 0x83, 0x06, 0x0F, 0xF0,
        /* U+FD7B 'ﵻ' */
        0x7B, 0xFD, 0x03, 0x07, 0x0C, 0x01, 0x08,
        0xFF, 0x06, 0x0C, 0x18, 0x30, 0x60, 0xC1, 0x83, 0x06, 0x0F, 0xF0,
        /* U+FD7C 'ﵼ' */
        0x7C, 0xFD, 0x03, 0x07, 0x0C, 0x01, 0x08,
        0xFF, 0x06, 0x0C, 0x18, 0x30, 0x60, 0xC1, 0x83, 0x06, 0x0F, 0xF0,
        /* U+FD7D 'ﵽ' */
        0x7D, 0xFD, 0x03, 0x07, 0x0C, 0x01, 0x08,
        0xFF, 0x06, 0x0C, 0x18, 0x30, 0x60, 0xC1, 0x83, 0x06, 0x0F, 0xF0,
        /* U+FD7E 'ﵾ' */
        0x7E, 0xFD, 0x03, 0x07, 0x0C, 0x01, 0x08,
        0xFF, 0x06, 0x0C, 0x18, 0x30, 0x60, 0xC1, 0x83, 0x06, 0x0F, 0xF0,
        /* U+FD7F 'ﵿ' */
        0x7F, 0xFD, 0x03, 0x07, 0x0C, 0x01, 0x08,
        0xFF, 0x06, 0x0C, 0x18, 0x30, 0x60, 0xC1, 0x83, 0x06, 0x0F, 0xF0,
        /* U+FD80 'ﶀ' */
        0x80, 0xFD, 0x03, 0x07, 0x0C, 0x01, 0x08,
        0xFF, 0x06, 0x0C, 0x18, 0x30, 0x60, 0xC1, 0x83, 0x06, 0x0F, 0xF0,
        /* U+FD81 'ﶁ' */
        0x81, 0xFD, 0x03, 0x07, 0x0C, 0x01, 0x08,
        0xFF, 0x06, 0x0C, 0x18, 0x30, 0x60, 0xC1, 0x83, 0x06, 0x0F, 0xF0,
        /* U+FD82 'ﶂ' */
        0x82, 0xFD, 0x03, 0x07, 0x0C, 0x01, 0x08,
        0xFF, 0x06, 0x0C, 0x18, 0x30, 0x60, 0xC1, 0x83, 0x06, 0x0F, 0xF0,
        /* U+FD83 'ﶃ' */
        0x83, 0xFD, 0x03, 0x07, 0x0C, 0x01, 0x08,
        0xFF, 0x06, 0x0C, 0x18, 0x30, 0x60, 0xC1, 0x83, 0x06, 0x0F, 0xF0,
        /* U+FD84 'ﶄ' */
        0x84, 0xFD, 0x03, 0x07, 0x0C, 0x01, 0x08,
        0xFF, 0x06, 0x0C, 0x18, 0x30, 0x60, 0xC1, 0x83, 0x06, 0x0F, 0xF0,
        /* U+FD85 'ﶅ' */
        0x85, 0xFD, 0x03, 0x07, 0x0C, 0x01, 0x08,
        0xFF, 0x06, 0x0C, 0x18, 0x30, 0x60, 0xC1, 0x83, 0x06, 0x0F, 0xF0,
        /* U+FD86 'ﶆ' */
        0x86, 0xFD, 0x03, 0x07, 0x0C, 0x01, 0x08,
        0xFF, 0x06, 0x0C, 0x18, 0x30, 0x60, 0xC1, 0x83, 0x06, 0x0F, 0xF0,
        /* U+FD87 'ﶇ' */
        0x87, 0xFD, 0x03, 0x07, 0x0C, 0x01, 0x08,
        0xFF, 0x06, 0x0C, 0x18, 0x30, 0x60, 0xC1, 0x83, 0x06, 0x0F, 0xF0,
        /* U+FD88 'ﶈ' */
        0x88, 0xFD, 0x03, 0x07, 0x0C, 0x01, 0x08,
        0xFF, 0x06, 0x0C, 0x18, 0x30, 0x60, 0xC1, 0x83, 0x06, 0x0F, 0xF0,
        /* U+FD89 'ﶉ' */
        0x89, 0xFD, 0x03, 0x07, 0x0C, 0x01, 0x08,
        0xFF, 0x06, 0x0C, 0x18, 0x30, 0x60, 0xC1, 0x83, 0x06, 0x0F, 0xF0,
        /* U+FD8A 'ﶊ' */
        0x8A, 0xFD, 0x03, 0x07, 0x0C, 0x01, 0x08,
        0xFF, 0x06, 0x0C, 0x18, 0x30, 0x60, 0xC1, 0x83, 0x06, 0x0F, 0xF0,
        /* U+FD8B 'ﶋ' */
        0x8B, 0xFD, 0x03, 0x07, 0x0C, 0x01, 0x08,
        0xFF, 0x06, 0x0C, 0x18, 0x30, 0x60, 0xC1, 0x83, 0x06, 0x0F, 0xF0,
        /* U+FD8C 'ﶌ' */
        0x8C, 0xFD, 0x03, 0x07, 0x0C, 0x01, 0x08,
        0xFF, 0x06, 0x0C, 0x18, 0x30, 0x60, 0xC1, 0x83, 0x06, 0x0F, 0xF0,
        /* U+FD8D 'ﶍ' */
        0x8D, 0xFD, 0x03, 0x07, 0x0C, 0x01, 0x08,
        0xFF, 0x06, 0x0C, 0x18, 0x30, 0x60, 0xC1, 0x83, 0x06, 0x0F, 0xF0,
        /* U+FD8E 'ﶎ' */
        0x8E, 0xFD, 0x03, 0x07, 0x0C, 0x01, 0x08,
        0xFF, 0x06, 0x0C, 0x18, 0x30, 0x60, 0xC1, 0x83, 0x06, 0x0F, 0xF0,
        /* U+FD8F 'ﶏ' */
        0x8F, 0xFD, 0x03, 0x07, 0x0C, 0x01, 0x08,
        0xFF, 0x06, 0x0C, 0x18, 0x30, 0x60, 0xC1, 0x83, 0x06, 0x0F, 0xF0,
        /* U+FD90 '﶐' */
        0x90, 0xFD, 0x03, 0x07, 0x0C, 0x01, 0x08,
        0xFF, 0x06, 0x0C, 0x18, 0x30, 0x60, 0xC1, 0x83, 0x06, 0x0F, 0xF0,
        /* U+FD91 '﶑' */
        0x91, 0xFD, 0x03, 0x07, 0x0C, 0x01, 0x08,
        0xFF, 0x06, 0x0C, 0x18, 0x30, 0x60, 0xC1, 0x83, 0x06, 0x0F, 0xF0,
        /* U+FD92 'ﶒ' */
        0x92, 0xFD, 0x03, 0x07, 0x0C, 0x01, 0x08,
        0xFF, 0x06, 0x0C, 0x18, 0x30, 0x60, 0xC1, 0x83, 0x06, 0x0F, 0xF0,
        /* U+FD93 'ﶓ' */
        0x93, 0xFD, 0x03, 0x07, 0x0C, 0x01, 0x08,
        0xFF, 0x06, 0x0C, 0x18, 0x30, 0x60, 0xC1, 0x83, 0x06, 0x0F, 0xF0,
        /* U+FD94 'ﶔ' */
        0x94, 0xFD, 0x03, 0x07, 0x0C, 0x01, 0x08,
        0xFF, 0x06, 0x0C, 0x18, 0x30, 0x60, 0xC1, 0x83, 0x06, 0x0F, 0xF0,
        /* U+FD95 'ﶕ' */
        0x95, 0xFD, 0x03, 0x07, 0x0C, 0x01, 0x08,
        0xFF, 0x06, 0x0C, 0x18, 0x30, 0x60, 0xC1, 0x83, 0x06, 0x0F, 0xF0,
        /* U+FD96 'ﶖ' */
        0x96, 0xFD, 0x03, 0x07, 0x0C, 0x01, 0x08,
        0xFF, 0x06, 0x0C, 0x18, 0x30, 0x60, 0xC1, 0x83, 0x06, 0x0F, 0xF0,
        /* U+FD97 'ﶗ' */
        0x97, 0xFD, 0x03, 0x07, 0x0C, 0x01, 0x08,
        0xFF, 0x06, 0x0C, 0x18, 0x30, 0x60, 0xC1, 0x83, 0x06, 0x0F, 0xF0,
        /* U+FD98 'ﶘ' */
        0x98, 0xFD, 0x03, 0x07, 0x0C, 0x01, 0x08,
        0xFF, 0x06, 0x0C, 0x18, 0x30, 0x60, 0xC1, 0x83, 0x06, 0x0F, 0xF0,
        /* U+FD99 'ﶙ' */
        0x99, 0xFD, 0x03, 0x07, 0x0C, 0x01, 0x08,
        0xFF, 0x06, 0x0C, 0x18, 0x30, 0x60, 0xC1, 0x83, 0x06, 0x0F, 0xF0,
        /* U+FD9A 'ﶚ' */
        0x9A, 0xFD, 0x03, 0x07, 0x0C, 0x01, 0x08,
        0xFF, 0x06, 0x0C, 0x18, 0x30, 0x60, 0xC1, 0x83, 0x06, 0x0F, 0xF0,
        /* U+FD9B 'ﶛ' */
        0x9B, 0xFD, 0x03, 0x07, 0x0C, 0x01, 0x08,
        0xFF, 0x06, 0x0C, 0x18, 0x30, 0x60, 0xC1, 0x83, 0x06, 0x0F, 0xF0,
        /* U+FD9C 'ﶜ' */
        0x9C, 0xFD, 0x03, 0x07, 0x0C, 0x01, 0x08,
        0xFF, 0x06, 0x0C, 0x18, 0x30, 0x60, 0xC1, 0x83, 0x06, 0x0F, 0xF0,
        /* U+FD9D 'ﶝ' */
        0x9D, 0xFD, 0x03, 0x07, 0x0C, 0x01, 0x08,
        0xFF, 0x06, 0x0C, 0x18, 0x30, 0x60, 0xC1, 0x83, 0x06, 0x0F, 0xF0,
        /* U+FD9E 'ﶞ' */
        0x9E, 0xFD, 0x03, 0x07, 0x0C, 0x01, 0x08,
        0xFF, 0x06, 0x0C, 0x18, 0x30, 0x60, 0xC1, 0x83, 0x06, 0x0F, 0xF0,
        /* U+FD9F 'ﶟ' */
        0x9F, 0xFD, 0x03, 0x07, 0x0C, 0x01, 0x08,
        0xFF, 0x06, 0x0C, 0x18, 0x30, 0x60, 0xC1, 0x83, 0x06, 0x0F, 0xF0,
        /* U+FDA0 'ﶠ' */
        0xA0, 0xFD, 0x03, 0x07, 0x0C, 0x01, 0x08,
        0xFF, 0x06, 0x0C, 0x18, 0x30, 0x60, 0xC1, 0x83, 0x06, 0x0F, 0xF0,
        /* U+FDA1 'ﶡ' */
        0xA1, 0xFD, 0x03, 0x07, 0x0C, 0x01, 0x08,
        0xFF, 0x06, 0x0C, 0x18, 0x30, 0x60, 0xC1, 0x83, 0x06, 0x0F, 0xF0,
        /* U+FDA2 'ﶢ' */
        0xA2, 0xFD, 0x03, 0x07, 0x0C, 0x01, 0x08,
        0xFF, 0x06, 0x0C, 0x18, 0x30, 0x60, 0xC1, 0x83, 0x06, 0x0F, 0xF0,
        /* U+FDA3 'ﶣ' */
        0xA3, 0xFD, 0x03, 0x07, 0x0C, 0x01, 0x08,
        0xFF, 0x06, 0x0C, 0x18, 0x30, 0x60, 0xC1, 0x83, 0x06, 0x0F, 0xF0,
        /* U+FDA4 'ﶤ' */
        0xA4, 0xFD, 0x03, 0x07, 0x0C, 0x01, 0x08,
        0xFF, 0x06, 0x0C, 0x18, 0x30, 0x60, 0xC1, 0x83, 0x06, 0x0F, 0xF0,
        /* U+FDA5 'ﶥ' */
        0xA5, 0xFD, 0x03, 0x07, 0x0C, 0x01, 0x08,
        0xFF, 0x06, 0x0C, 0x18, 0x30, 0x60, 0xC1, 0x83, 0x06, 0x0F, 0xF0,
        /* U+FDA6 'ﶦ' */
        0xA6, 0xFD, 0x03, 0x07, 0x0C, 0x01, 0x08,
        0xFF, 0x06, 0x0C, 0x18, 0x30, 0x60, 0xC1, 0x83, 0x06, 0x0F, 0xF0,
        /* U+FDA7 'ﶧ' */
        0xA7, 0xFD, 0x03, 0x07, 0x0C, 0x01, 0x08,
        0xFF, 0x06, 0x0C, 0x18, 0x30, 0x60, 0xC1, 0x83, 0x06, 0x0F, 0xF0,
        /* U+FDA8 'ﶨ' */
        0xA8, 0xFD, 0x03, 0x07, 0x0C, 0x01, 0x08,
        0xFF, 0x06, 0x0C, 0x18, 0x30, 0x60, 0xC1, 0x83, 0x06, 0x0F, 0xF0,
        /* U+FDA9 'ﶩ' */
        0xA9, 0xFD, 0x03, 0x07, 0x0C, 0x01, 0x08,
        0xFF, 0x06, 0x0C, 0x18, 0x30, 0x60, 0xC1, 0x83, 0x06, 0x0F, 0xF0,
        /* U+FDAA 'ﶪ' */
        0xAA, 0xFD, 0x03, 0x07, 0x0C, 0x01, 0x08,
        0xFF, 0x06, 0x0C, 0x18, 0x30, 0x60, 0xC1, 0x83, 0x06, 0x0F, 0xF0,
        /* U+FDAB 'ﶫ' */
        0xAB, 0xFD, 0x03, 0x07, 0x0C, 0x01, 0x08,
        0xFF, 0x06, 0x0C, 0x18, 0x30, 0x60, 0xC1, 0x83, 0x06, 0x0F, 0xF0,
        /* U+FDAC 'ﶬ' */
        0xAC, 0xFD, 0x03, 0x07, 0x0C, 0x01, 0x08,
        0xFF, 0x06, 0x0C, 0x18, 0x30, 0x60, 0xC1, 0x83, 0x06, 0x0F, 0xF0,
        /* U+FDAD 'ﶭ' */
        0xAD, 0xFD, 0x03, 0x07, 0x0C, 0x01, 0x08,
        0xFF, 0x06, 0x0C, 0x18, 0x30, 0x60, 0xC1, 0x83, 0x06, 0x0F, 0xF0,
        /* U+FDAE 'ﶮ' */
        0xAE, 0xFD, 0x03, 0x07, 0x0C, 0x01, 0x08,
        0xFF, 0x06, 0x0C, 0x18, 0x30, 0x60, 0xC1, 0x83, 0x06, 0x0F, 0xF0,
        /* U+FDAF 'ﶯ' */
        0xAF, 0xFD, 0x03, 0x07, 0x0C, 0x01, 0x08,
        0xFF, 0x06, 0x0C, 0x18, 0x30, 0x60, 0xC1, 0x83, 0x06, 0x0F, 0xF0,
        /* U+FDB0 'ﶰ' */
        0xB0, 0xFD, 0x03, 0x07, 0x0C, 0x01, 0x08,
        0xFF, 0x06, 0x0C, 0x18, 0x30, 0x60, 0xC1, 0x83, 0x06, 0x0F, 0xF0,
        /* U+FDB1 'ﶱ' */
        0xB1, 0xFD, 0x03, 0x07, 0x0C, 0x01, 0x08,
        0xFF, 0x06, 0x0C, 0x18, 0x30, 0x60, 0xC1, 0x83, 0x06, 0x0F, 0xF0,
        /* U+FDB2 'ﶲ' */
        0xB2, 0xFD, 0x03, 0x07, 0x0C, 0x01, 0x08,
        0xFF, 0x06, 0x0C, 0x18, 0x30, 0x60, 0xC1, 0x83, 0x06, 0x0F, 0xF0,
        /* U+FDB3 'ﶳ' */
        0xB3, 0xFD, 0x03, 0x07, 0x0C, 0x01, 0x08,
        0xFF, 0x06, 0x0C, 0x18, 0x30, 0x60, 0xC1, 0x83, 0x06, 0x0F, 0xF0,
        /* U+FDB4 'ﶴ' */
        0xB4, 0xFD, 0x03, 0x07, 0x0C, 0x01, 0x08,
        0xFF, 0x06, 0x0C, 0x18, 0x30, 0x60, 0xC1, 0x83, 0x06, 0x0F, 0xF0,
        /* U+FDB5 'ﶵ' */
        0xB5, 0xFD, 0x03, 0x07, 0x0C, 0x01, 0x08,
        0xFF, 0x06, 0x0C, 0x18, 0x30, 0x60, 0xC1, 0x83, 0x06, 0x0F, 0xF0,
        /* U+FDB6 'ﶶ' */
        0xB6, 0xFD, 0x03, 0x07, 0x0C, 0x01, 0x08,
        0xFF, 0x06, 0x0C, 0x18, 0x30, 0x60, 0xC1, 0x83, 0x06, 0x0F, 0xF0,
        /* U+FDB7 'ﶷ' */
        0xB7, 0xFD, 0x03, 0x07, 0x0C, 0x01, 0x08,
        0xFF, 0x06, 0x0C, 0x18, 0x30, 0x60, 0xC1, 0x83, 0x06, 0x0F, 0xF0,
        /* U+FDB8 'ﶸ' */
        0xB8, 0xFD, 0x03, 0x07, 0x0C, 0x01, 0x08,
        0xFF, 0x06, 0x0C, 0x18, 0x30, 0x60, 0xC1, 0x83, 0x06, 0x0F, 0xF0,
        /* U+FDB9 'ﶹ' */
        0xB9, 0xFD, 0x03, 0x07, 0x0C, 0x01, 0x08,
        0xFF, 0x06, 0x0C, 0x18, 0x30, 0x60, 0xC1, 0x83, 0x06, 0x0F, 0xF0,
        /* U+FDBA 'ﶺ' */
        0xBA, 0xFD, 0x03, 0x07, 0x0C, 0x01, 0x08,
        0xFF, 0x06, 0x0C, 0x18, 0x30, 0x60, 0xC1, 0x83, 0x06, 0x0F, 0xF0,
        /* U+FDBB 'ﶻ' */
        0xBB, 0xFD, 0x03, 0x07, 0x0C, 0x01, 0x08,
        0xFF, 0x06, 0x0C, 0x18, 0x30, 0x60, 0xC1, 0x83, 0x06, 0x0F, 0xF0,
        /* U+FDBC 'ﶼ' */
        0xBC, 0xFD, 0x03, 0x07, 0x0C, 0x01, 0x08,
        0xFF, 0x06, 0x0C, 0x18, 0x30, 0x60, 0xC1, 0x83, 0x06, 0x0F, 0xF0,
        /* U+FDBD 'ﶽ' */
        0xBD, 0xFD, 0x03, 0x07, 0x0C, 0x01, 0x08,
        0xFF, 0x06, 0x0C, 0x18, 0x30, 0x60, 0xC1, 0x83, 0x06, 0x0F, 0xF0,
        /* U+FDBE 'ﶾ' */
        0xBE, 0xFD, 0x03, 0x07, 0x0C, 0x01, 0x08,
        0xFF, 0x06, 0x0C, 0x18, 0x30, 0x60, 0xC1, 0x83, 0x06, 0x0F, 0xF0,
        /* U+FDBF 'ﶿ' */
        0xBF, 0xFD, 0x03, 0x07, 0x0C, 0x01, 0x08,
        0xFF, 0x06, 0x0C, 0x18, 0x30, 0x60, 0xC1, 0x83, 0x06, 0x0F, 0xF0,
        /* U+FDC0 'ﷀ' */
        0xC0, 0xFD, 0x03, 0x07, 0x0C, 0x01, 0x08,
        0xFF, 0x06, 0x0C, 0x18, 0x30, 0x60, 0xC1, 0x83, 0x06, 0x0F, 0xF0,
        /* U+FDC1 'ﷁ' */
        0xC1, 0xFD, 0x03, 0x07, 0x0C, 0x01, 0x08,
        0xFF, 0x06, 0x0C, 0x18, 0x30, 0x60, 0xC1, 0x83, 0x06, 0x0F, 0xF0,
        /* U+FDC2 'ﷂ' */
        0xC2, 0xFD, 0x03, 0x07, 0x0C, 0x01, 0x08,
        0xFF, 0x06, 0x0C, 0x18, 0x30, 0x60, 0xC1, 0x83, 0x06, 0x0F, 0xF0,
        /* U+FDC3 'ﷃ' */
        0xC3, 0xFD, 0x03, 0x07, 0x0C, 0x01, 0x08,
        0xFF, 0x06, 0x0C, 0x18, 0x30, 0x60, 0xC1, 0x83, 0x06, 0x0F, 0xF0,
        /* U+FDC4 'ﷄ' */
        0xC4, 0xFD, 0x03, 0x07, 0x0C, 0x01, 0x08,
        0xFF, 0x06, 0x0C, 0x18, 0x30, 0x60, 0xC1, 0x83, 0x06, 0x0F, 0xF0,
        /* U+FDC5 'ﷅ' */
        0xC5, 0xFD, 0x03, 0x07, 0x0C, 0x01, 0x08,
        0xFF, 0x06, 0x0C, 0x18, 0x30, 0x60, 0xC1, 0x83, 0x06, 0x0F, 0xF0,
        /* U+FDC6 'ﷆ' */
        0xC6, 0xFD, 0x03, 0x07, 0x0C, 0x01, 0x08,
        0xFF, 0x06, 0x0C, 0x18, 0x30, 0x60, 0xC1, 0x83, 0x06, 0x0F, 0xF0,
        /* U+FDC7 'ﷇ' */
        0xC7, 0xFD, 0x03, 0x07, 0x0C, 0x01, 0x08,
        0xFF, 0x06, 0x0C, 0x18, 0x30, 0x60, 0xC1, 0x83, 0x06, 0x0F, 0xF0,
        /* U+FDC8 '﷈' */
        0xC8, 0xFD, 0x03, 0x07, 0x0C, 0x01, 0x08,
        0xFF, 0x06, 0x0C, 0x18, 0x30, 0x60, 0xC1, 0x83, 0x06, 0x0F, 0xF0,
        /* U+FDC9 '﷉' */
        0xC9, 0xFD, 0x03, 0x07, 0x0C, 0x01, 0x08,
        0xFF, 0x06, 0x0C, 0x18, 0x30, 0x60, 0xC1, 0x83, 0x06, 0x0F, 0xF0,
        /* U+FDCA '﷊' */
        0xCA, 0xFD, 0x03, 0x07, 0x0C, 0x01, 0x08,
        0xFF, 0x06, 0x0C, 0x18, 0x30, 0x60, 0xC1, 0x83, 0x06, 0x0F, 0xF0,
        /* U+FDCB '﷋' */
        0xCB, 0xFD, 0x03, 0x07, 0x0C, 0x01, 0x08,
        0xFF, 0x06, 0x0C, 0x18, 0x30, 0x60, 0xC1, 0x83, 0x06, 0x0F, 0xF0,
        /* U+FDCC '﷌' */
        0xCC, 0xFD, 0x03, 0x07, 0x0C, 0x01, 0x08,
        0xFF, 0x06, 0x0C, 0x18, 0x30, 0x60, 0xC1, 0x83, 0x06, 0x0F, 0xF0,
        /* U+FDCD '﷍' */
        0xCD, 0xFD, 0x03, 0x07, 0x0C, 0x01, 0x08,
        0xFF, 0x06, 0x0C, 0x18, 0x30, 0x60, 0xC1, 0x83, 0x06, 0x0F, 0xF0,
        /* U+FDCE '﷎' */
        0xCE, 0xFD, 0x03, 0x07, 0x0C, 0x01, 0x08,
        0xFF, 0x06, 0x0C, 0x18, 0x30, 0x60, 0xC1, 0x83, 0x06, 0x0F, 0xF0,
        /* U+FDCF '﷏' */
        0xCF, 0xFD, 0x03, 0x07, 0x0C, 0x01, 0x08,
        0xFF, 0x06, 0x0C, 0x18, 0x30, 0x60, 0xC1, 0x83, 0x06, 0x0F, 0xF0,
        /* U+FDD0 ' ' */
        0xD0, 0xFD, 0x03, 0x07, 0x0C, 0x01, 0x08,
        0xFF, 0x06, 0x0C, 0x18, 0x30, 0x60, 0xC1, 0x83, 0x06, 0x0F, 0xF0,
        /* U+FDD1 ' ' */
        0xD1, 0xFD, 0x03, 0x07, 0x0C, 0x01, 0x08,
        0xFF, 0x06, 0x0C, 0x18, 0x30, 0x60, 0xC1, 0x83, 0x06, 0x0F, 0xF0,
        /* U+FDD2 ' ' */
        0xD2, 0xFD, 0x03, 0x07, 0x0C, 0x01, 0x08,
        0xFF, 0x06, 0x0C, 0x18, 0x30, 0x60, 0xC1, 0x83, 0x06, 0x0F, 0xF0,
        /* U+FDD3 ' ' */
        0xD3, 0xFD, 0x03, 0x07, 0x0C, 0x01, 0x08,
        0xFF, 0x06, 0x0C, 0x18, 0x30, 0x60, 0xC1, 0x83, 0x06, 0x0F, 0xF0,
        /* U+FDD4 ' ' */
        0xD4, 0xFD, 0x03, 0x07, 0x0C, 0x01, 0x08,
        0xFF, 0x06, 0x0C, 0x18, 0x30, 0x60, 0xC1, 0x83, 0x06, 0x0F, 0xF0,
        /* U+FDD5 ' ' */
        0xD5, 0xFD, 0x03, 0x07, 0x0C, 0x01, 0x08,
        0xFF, 0x06, 0x0C, 0x18, 0x30, 0x60, 0xC1, 0x83, 0x06, 0x0F, 0xF0,
        /* U+FDD6 ' ' */
        0xD6, 0xFD, 0x03, 0x07, 0x0C, 0x01, 0x08,
        0xFF, 0x06, 0x0C, 0x18, 0x30, 0x60, 0xC1, 0x83, 0x06, 0x0F, 0xF0,
        /* U+FDD7 ' ' */
        0xD7, 0xFD, 0x03, 0x07, 0x0C, 0x01, 0x08,
        0xFF, 0x06, 0x0C, 0x18, 0x30, 0x60, 0xC1, 0x83, 0x06, 0x0F, 0xF0,
        /* U+FDD8 ' ' */
        0xD8, 0xFD, 0x03, 0x07, 0x0C, 0x01, 0x08,
        0xFF, 0x06, 0x0C, 0x18, 0x30, 0x60, 0xC1, 0x83, 0x06, 0x0F, 0xF0,
        /* U+FDD9 ' ' */
        0xD9, 0xFD, 0x03, 0x07, 0x0C, 0x01, 0x08,
        0xFF, 0x06, 0x0C, 0x18, 0x30, 0x60, 0xC1, 0x83, 0x06, 0x0F, 0xF0,
        /* U+FDDA ' ' */
        0xDA, 0xFD, 0x03, 0x07, 0x0C, 0x01, 0x08,
        0xFF, 0x06, 0x0C, 0x18, 0x30, 0x60, 0xC1, 0x83, 0x06, 0x0F, 0xF0,
        /* U+FDDB ' ' */
        0xDB, 0xFD, 0x03, 0x07, 0x0C, 0x01, 0x08,
        0xFF, 0x06, 0x0C, 0x18, 0x30, 0x60, 0xC1, 0x83, 0x06, 0x0F, 0xF0,
        /* U+FDDC ' ' */
        0xDC, 0xFD, 0x03, 0x07, 0x0C, 0x01, 0x08,
        0xFF, 0x06, 0x0C, 0x18, 0x30, 0x60, 0xC1, 0x83, 0x06, 0x0F, 0xF0,
        /* U+FDDD ' ' */
        0xDD, 0xFD, 0x03, 0x07, 0x0C, 0x01, 0x08,
        0xFF, 0x06, 0x0C, 0x18, 0x30, 0x60, 0xC1, 0x83, 0x06, 0x0F, 0xF0,
        /* U+FDDE ' ' */
        0xDE, 0xFD, 0x03, 0x07, 0x0C, 0x01, 0x08,
        0xFF, 0x06, 0x0C, 0x18, 0x30, 0x60, 0xC1, 0x83, 0x06, 0x0F, 0xF0,
        /* U+FDDF ' ' */
        0xDF, 0xFD, 0x03, 0x07, 0x0C, 0x01, 0x08,
        0xFF, 0x06, 0x0C, 0x18, 0x30, 0x60, 0xC1, 0x83, 0x06, 0x0F, 0xF0,
        /* U+FDE0 ' ' */
        0xE0, 0xFD, 0x03, 0x07, 0x0C, 0x01, 0x08,
        0xFF, 0x06, 0x0C, 0x18, 0x30, 0x60, 0xC1, 0x83, 0x06, 0x0F, 0xF0,
        /* U+FDE1 ' ' */
        0xE1, 0xFD, 0x03, 0x07, 0x0C, 0x01, 0x08,
        0xFF, 0x06, 0x0C, 0x18, 0x30, 0x60, 0xC1, 0x83, 0x06, 0x0F, 0xF0,
        /* U+FDE2 ' ' */
        0xE2, 0xFD, 0x03, 0x07, 0x0C, 0x01, 0x08,
        0xFF, 0x06, 0x0C, 0x18, 0x30, 0x60, 0xC1, 0x83, 0x06, 0x0F, 0xF0,
        /* U+FDE3 ' ' */
        0xE3, 0xFD, 0x03, 0x07, 0x0C, 0x01, 0x08,
        0xFF, 0x06, 0x0C, 0x18, 0x30, 0x60, 0xC1, 0x83, 0x06, 0x0F, 0xF0,
        /* U+FDE4 ' ' */
        0xE4, 0xFD, 0x03, 0x07, 0x0C, 0x01, 0x08,
        0xFF, 0x06, 0x0C, 0x18, 0x30, 0x60, 0xC1, 0x83, 0x06, 0x0F, 0xF0,
        /* U+FDE5 ' ' */
        0xE5, 0xFD, 0x03, 0x07, 0x0C, 0x01, 0x08,
        0xFF, 0x06, 0x0C, 0x18, 0x30, 0x60, 0xC1, 0x83, 0x06, 0x0F, 0xF0,
        /* U+FDE6 ' ' */
        0xE6, 0xFD, 0x03, 0x07, 0x0C, 0x01, 0x08,
        0xFF, 0x06, 0x0C, 0x18, 0x30, 0x60, 0xC1, 0x83, 0x06, 0x0F, 0xF0,
        /* U+FDE7 ' ' */
        0xE7, 0xFD, 0x03, 0x07, 0x0C, 0x01, 0x08,
        0xFF, 0x06, 0x0C, 0x18, 0x30, 0x60, 0xC1, 0x83, 0x06, 0x0F, 0xF0,
        /* U+FDE8 ' ' */
        0xE8, 0xFD, 0x03, 0x07, 0x0C, 0x01, 0x08,
        0xFF, 0x06, 0x0C, 0x18, 0x30, 0x60, 0xC1, 0x83, 0x06, 0x0F, 0xF0,
        /* U+FDE9 ' ' */
        0xE9, 0xFD, 0x03, 0x07, 0x0C, 0x01, 0x08,
        0xFF, 0x06, 0x0C, 0x18, 0x30, 0x60, 0xC1, 0x83, 0x06, 0x0F, 0xF0,
        /* U+FDEA ' ' */
        0xEA, 0xFD, 0x03, 0x07, 0x0C, 0x01, 0x08,
        0xFF, 0x06, 0x0C, 0x18, 0x30, 0x60, 0xC1, 0x83, 0x06, 0x0F, 0xF0,
        /* U+FDEB ' ' */
        0xEB, 0xFD, 0x03, 0x07, 0x0C, 0x01, 0x08,
        0xFF, 0x06, 0x0C, 0x18, 0x30, 0x60, 0xC1, 0x83, 0x06, 0x0F, 0xF0,
        /* U+FDEC ' ' */
        0xEC, 0xFD, 0x03, 0x07, 0x0C, 0x01, 0x08,
        0xFF, 0x06, 0x0C, 0x18, 0x30, 0x60, 0xC1, 0x83, 0x06, 0x0F, 0xF0,
        /* U+FDED ' ' */
        0xED, 0xFD, 0x03, 0x07, 0x0C, 0x01, 0x08,
        0xFF, 0x06, 0x0C, 0x18, 0x30, 0x60, 0xC1, 0x83, 0x06, 0x0F, 0xF0,
        /* U+FDEE ' ' */
        0xEE, 0xFD, 0x03, 0x07, 0x0C, 0x01, 0x08,
        0xFF, 0x06, 0x0C, 0x18, 0x30, 0x60, 0xC1, 0x83, 0x06, 0x0F, 0xF0,
        /* U+FDEF ' ' */
        0xEF, 0xFD, 0x03, 0x07, 0x0C, 0x01, 0x08,
        0xFF, 0x06, 0x0C, 0x18, 0x30, 0x60, 0xC1, 0x83, 0x06, 0x0F, 0xF0,
        /* U+FDF0 'ﷰ' */
        0xF0, 0xFD, 0x03, 0x07, 0x0C, 0x01, 0x08,
        0xFF, 0x06, 0x0C, 0x18, 0x30, 0x60, 0xC1, 0x83, 0x06, 0x0F, 0xF0,
        /* U+FDF1 'ﷱ' */
        0xF1, 0xFD, 0x03, 0x07, 0x0C, 0x01, 0x08,
        0xFF, 0x06, 0x0C, 0x18, 0x30, 0x60, 0xC1, 0x83, 0x06, 0x0F, 0xF0,
        /* U+FDF2 'ﷲ' */
        0xF2, 0xFD, 0x03, 0x07, 0x0C, 0x01, 0x08,
        0xFF, 0x06, 0x0C, 0x18, 0x30, 0x60, 0xC1, 0x83, 0x06, 0x0F, 0xF0,
        /* U+FDF3 'ﷳ' */
        0xF3, 0xFD, 0x03, 0x07, 0x0C, 0x01, 0x08,
        0xFF, 0x06, 0x0C, 0x18, 0x30, 0x60, 0xC1, 0x83, 0x06, 0x0F, 0xF0,
        /* U+FDF4 'ﷴ' */
        0xF4, 0xFD, 0x03, 0x07, 0x0C, 0x01, 0x08,
        0xFF, 0x06, 0x0C, 0x18, 0x30, 0x60, 0xC1, 0x83, 0x06, 0x0F, 0xF0,
        /* U+FDF5 'ﷵ' */
        0xF5, 0xFD, 0x03, 0x07, 0x0C, 0x01, 0x08,
        0xFF, 0x06, 0x0C, 0x18, 0x30, 0x60, 0xC1, 0x83, 0x06, 0x0F, 0xF0,
        /* U+FDF6 'ﷶ' */
        0xF6, 0xFD, 0x03, 0x07, 0x0C, 0x01, 0x08,
        0xFF, 0x06, 0x0C, 0x18, 0x30, 0x60, 0xC1, 0x83, 0x06, 0x0F, 0xF0,
        /* U+FDF7 'ﷷ' */
        0xF7, 0xFD, 0x03, 0x07, 0x0C, 0x01, 0x08,
        0xFF, 0x06, 0x0C, 0x18, 0x30, 0x60, 0xC1, 0x83, 0x06, 0x0F, 0xF0,
        /* U+FDF8 'ﷸ' */
        0xF8, 0xFD, 0x03, 0x07, 0x0C, 0x01, 0x08,
        0xFF, 0x06, 0x0C, 0x18, 0x30, 0x60, 0xC1, 0x83, 0x06, 0x0F, 0xF0,
        /* U+FDF9 'ﷹ' */
        0xF9, 0xFD, 0x03, 0x07, 0x0C, 0x01, 0x08,
        0xFF, 0x06, 0x0C, 0x18, 0x30, 0x60, 0xC1, 0x83, 0x06, 0x0F, 0xF0,
        /* U+FDFA 'ﷺ' */
        0xFA, 0xFD, 0x03, 0x07, 0x0C, 0x01, 0x08,
        0xFF, 0x06, 0x0C, 0x18, 0x30, 0x60, 0xC1, 0x83, 0x06, 0x0F, 0xF0,
        /* U+FDFB 'ﷻ' */
        0xFB, 0xFD, 0x03, 0x07, 0x0C, 0x01, 0x08,
        0xFF, 0x06, 0x0C, 0x18, 0x30, 0x60, 0xC1, 0x83, 0x06, 0x0F, 0xF0,
        /* U+FDFC '﷼' */
        0xFC, 0xFD, 0x03, 0x07, 0x0C, 0x01, 0x08,
        0xFF, 0x06, 0x0C, 0x18, 0x30, 0x60, 0xC1, 0x83, 0x06, 0x0F, 0xF0,
        /* U+FDFD '﷽' */
        0xFD, 0xFD, 0x03, 0x07, 0x0C, 0x01, 0x08,
        0xFF, 0x06, 0x0C, 0x18, 0x30, 0x60, 0xC1, 0x83, 0x06, 0x0F, 0xF0,
        /* U+FDFE '﷾' */
        0xFE, 0xFD, 0x03, 0x07, 0x0C, 0x01, 0x08,
        0xFF, 0x06, 0x0C, 0x18, 0x30, 0x60, 0xC1, 0x83, 0x06, 0x0F, 0xF0,
        /* U+FDFF '﷿' */
        0xFF, 0xFD, 0x03, 0x07, 0x0C, 0x01, 0x08,
        0xFF, 0x06, 0x0C, 0x18, 0x30, 0x60, 0xC1, 0x83, 0x06, 0x0F, 0xF0,
        /* U+FE70 'ﹰ' */
        0x70, 0xFE, 0x01, 0x05, 0x04, 0x00, 0x05,
        0x0F, 0x87, 0xC0,
        /* U+FE71 'ﹱ' */
        0x71, 0xFE, 0x01, 0x05, 0x0C, 0x00, 0x05,
        0x0F, 0x87, 0xC0, 0x00, 0x00, 0x00, 0x01, 0xE0,
        /* U+FE72 'ﹲ' */
        0x72, 0xFE, 0x00, 0x05, 0x04, 0x00, 0x05,
        0x31, 0xE4, 0xC0,
        /* U+FE73 'ﹳ' */
        0x73, 0xFE, 0x0A, 0x03, 0x02, 0x01, 0x04,
        0x9C,
        /* U+FE74 'ﹴ' */
        0x74, 0xFE, 0x0D, 0x05, 0x03, 0x00, 0x05,
        0x1F, 0x1C,
        /* U+FE75 '﹵' */
        0x75, 0xFE, 0x03, 0x07, 0x0C, 0x01, 0x08,
        0xFF, 0x06, 0x0C, 0x18, 0x30, 0x60, 0xC1, 0x83, 0x06, 0x0F, 0xF0,
        /* U+FE76 'ﹶ' */
        0x76, 0xFE, 0x03, 0x05, 0x02, 0x00, 0x05,
        0x1F, 0x00,
        /* U+FE77 'ﹷ' */
        0x77, 0xFE, 0x03, 0x05, 0x0A, 0x00, 0x05,
        0x1F, 0x00, 0x00, 0x00, 0x00, 0x07, 0x80,
        /* U+FE78 'ﹸ' */
        0x78, 0xFE, 0x00, 0x05, 0x04, 0x00, 0x05,
        0x31, 0xC9, 0x80,
        /* U+FE79 'ﹹ' */
        0x79, 0xFE, 0x00, 0x05, 0x0C, 0x00, 0x05,
        0x31, 0xC9, 0x80, 0x00, 0x00, 0x00, 0x01, 0xE0,
        /* U+FE7A 'ﹺ' */
        0x7A, 0xFE, 0x0D, 0x05, 0x02, 0x00, 0x05,
        0x1F, 0x00,
        /* U+FE7B 'ﹻ' */
        0x7B, 0xFE, 0x0B, 0x05, 0x03, 0x00, 0x05,
        0xF0, 0xF8,
        /* U+FE7C 'ﹼ' */
        0x7C, 0xFE, 0x00, 0x05, 0x04, 0x00, 0x05,
        0x2D, 0x6C, 0x80,
        /* U+FE7D 'ﹽ' */
        0x7D, 0xFE, 0x00, 0x05, 0x0C, 0x00, 0x05,
        0x2D, 0x6C, 0x80, 0x00, 0x00, 0x00, 0x01, 0xE0,
        /* U+FE7E 'ﹾ' */
        0x7E, 0xFE, 0x00, 0x03, 0x03, 0x01, 0x04,
        0xF7, 0x80,
        /* U+FE7F 'ﹿ' */
        0x7F, 0xFE, 0x00, 0x04, 0x0C, 0x00, 0x04,
        0x79, 0x52, 0x00, 0x00, 0x00, 0x0F,
        /* U+FE80 'ﺀ' */
        0x80, 0xFE, 0x06, 0x04, 0x06, 0x01, 0x07,
        0x7D, 0x8C, 0x7E,
        /* U+FE81 'ﺁ' */
        0x81, 0xFE, 0x00, 0x02, 0x0C, 0x01, 0x04,
        0xFF, 0xFF, 0xFF,
        /* U+FE82 'ﺂ' */
        0x82, 0xFE, 0x00, 0x03, 0x0C, 0x01, 0x04,
        0xDB, 0x6D, 0xB6, 0xDB, 0x30,
        /* U+FE83 'ﺃ' */
        0x83, 0xFE, 0x00, 0x03, 0x0C, 0x00, 0x04,
        0xCD, 0xB6, 0xDB, 0x6D, 0xB0,
        /* U+FE84 'ﺄ' */
        0x84, 0xFE, 0x00, 0x04, 0x0C, 0x00, 0x04,
        0xC6, 0x66, 0x66, 0x66, 0x66, 0x63,
        /* U+FE85 'ﺅ' */
        0x85, 0xFE, 0x04, 0x07, 0x0B, 0x00, 0x07,
        0x18, 0x20, 0x60, 0x01, 0xC6, 0xCD, 0x8F, 0x04, 0x1B, 0xE0,
        /* U+FE86 'ﺆ' */
        0x86, 0xFE, 0x04, 0x08, 0x0B, 0x00, 0x08,
        0x18, 0x10, 0x18, 0x00, 0x1C, 0x36, 0x36, 0x1F, 0x04, 0x0C, 0xF8,
        /* U+FE87 'ﺇ' */
        0x87, 0xFE, 0x02, 0x03, 0x0F, 0x00, 0x04,
        0x6D, 0xB6, 0xDB, 0x6D, 0x8D, 0x30,
        /* U+FE88 'ﺈ' */
        0x88, 0xFE, 0x02, 0x04, 0x0F, 0x00, 0x04,
        0x66, 0x66, 0x66, 0x66, 0x66, 0x30, 0xC8, 0xC0,
        /* U+FE89 'ﺉ' */
        0x89, 0xFE, 0x04, 0x09, 0x0A, 0x01, 0x0B,
        0x60, 0x20, 0x19, 0xC1, 0xB0, 0x80, 0x3A, 0x07, 0x03, 0xCF, 0x3E, 0x00,
        /* U+FE8A 'ﺊ' */
        0x8A, 0xFE, 0x06, 0x0B, 0x08, 0x01, 0x0C,
        0x30, 0x04, 0x00, 0xC0, 0x61, 0xE8, 0x35, 0x02, 0x78, 0xC1, 0xE0,
        /* U+FE8B 'ﺋ' */
        0x8B, 0xFE, 0x04, 0x03, 0x08, 0x00, 0x04,
        0x69, 0x86, 0xDE,
        /* U+FE8C 'ﺌ' */
        0x8C, 0xFE, 0x04, 0x04, 0x08, 0x00, 0x04,
        0x64, 0x60, 0x66, 0x6F,
        /* U+FE8D 'ﺍ' */
        0x8D, 0xFE, 0x02, 0x02, 0x0B, 0x01, 0x04,
        0xFF, 0xFF, 0xFC,
        /* U+FE8E 'ﺎ' */
        0x8E, 0xFE, 0x02, 0x03, 0x0B, 0x01, 0x04,
        0xDB, 0x6D, 0xB6, 0xD9, 0x80,
        /* U+FE8F 'ﺏ' */
        0x8F, 0xFE, 0x08, 0x0B, 0x07, 0x01, 0x0D,
        0x00, 0x30, 0x06, 0x01, 0xE0, 0xE7, 0xF0, 0x00, 0x01, 0x00,
        /* U+FE90 'ﺐ' */
        0x90, 0xFE, 0x08, 0x0D, 0x07, 0x01, 0x0E,
        0x00, 0x24, 0x01, 0x20, 0x19, 0x83, 0xE7, 0xF1, 0x80, 0x00, 0x10, 0x00,
        /* U+FE91 'ﺑ' */
        0x91, 0xFE, 0x08, 0x03, 0x06, 0x00, 0x04,
        0x6D, 0xE0, 0x40,
        /* U+FE92 'ﺒ' */
        0x92, 0xFE, 0x08, 0x04, 0x06, 0x00, 0x04,
        0x66, 0x6F, 0x02,
        /* U+FE93 'ﺓ' */
        0x93, 0xFE, 0x05, 0x05, 0x07, 0x01, 0x07,
        0x50, 0x1D, 0xB8, 0xC7, 0xE0,
        /* U+FE94 'ﺔ' */
        0x94, 0xFE, 0x05, 0x07, 0x07, 0x01, 0x08,
        0x50, 0x00, 0x43, 0x89, 0x9F, 0x0B, 0x80,
        /* U+FE95 'ﺕ' */
        0x95, 0xFE, 0x07, 0x0B, 0x05, 0x01, 0x0D,
        0x0A, 0x30, 0x06, 0x01, 0xE0, 0xE7, 0xF0,
        /* U+FE96 'ﺖ' */
        0x96, 0xFE, 0x07, 0x0D, 0x05, 0x01, 0x0E,
        0x0A, 0x24, 0x01, 0x20, 0x19, 0x83, 0xE7, 0xF1, 0x80,
        /* U+FE97 'ﺗ' */
        0x97, 0xFE, 0x05, 0x04, 0x07, 0x00, 0x04,
        0x50, 0x06, 0x66, 0xC0,
        /* U+FE98 'ﺘ' */
        0x98, 0xFE, 0x05, 0x04, 0x07, 0x00, 0x04,
        0x50, 0x06, 0x66, 0xF0,
        /* U+FE99 'ﺙ' */
        0x99, 0xFE, 0x06, 0x0B, 0x07, 0x01, 0x0D,
        0x04, 0x00, 0x00, 0x28, 0xC0, 0x18, 0x07, 0x83, 0x9F, 0xC0,
        /* U+FE9A 'ﺚ' */
        0x9A, 0xFE, 0x06, 0x0D, 0x07, 0x01, 0x0E,
        0x04, 0x00, 0x00, 0x02, 0x89, 0x00, 0x48, 0x06, 0x60, 0xF9, 0xFC, 0x60,
        /* U+FE9B 'ﺛ' */
        0x9B, 0xFE, 0x04, 0x04, 0x09, 0x00, 0x04,
        0x20, 0x50, 0x06, 0x66, 0xC0,
        /* U+FE9C 'ﺜ' */
        0x9C, 0xFE, 0x04, 0x04, 0x09, 0x00, 0x04,
        0x20, 0x50, 0x06, 0x66, 0xF0,
        /* U+FE9D 'ﺝ' */
        0x9D, 0xFE, 0x07, 0x08, 0x09, 0x01, 0x09,
        0xFE, 0x9C, 0x20, 0x40, 0x40, 0xC8, 0xC0, 0x40, 0x3F,
        /* U+FE9E 'ﺞ' */
        0x9E, 0xFE, 0x07, 0x08, 0x09, 0x01, 0x09,
        0xFE, 0x9C, 0x24, 0x44, 0x42, 0xC9, 0xC0, 0x40, 0x3F,
        /* U+FE9F 'ﺟ' */
        0x9F, 0xFE, 0x07, 0x08, 0x08, 0x00, 0x09,
        0x60, 0x7E, 0x07, 0x0C, 0x38, 0xE0, 0x00, 0x08,
        /* U+FEA0 'ﺠ' */
        0xA0, 0xFE, 0x07, 0x09, 0x08, 0x00, 0x09,
        0x60, 0x3F, 0x01, 0xC1, 0xC3, 0xB7, 0x0C, 0x00, 0x10,
        /* U+FEA1 'ﺡ' */
        0xA1, 0xFE, 0x07, 0x08, 0x09, 0x01, 0x09,
        0xFE, 0x9C, 0x20, 0x40, 0x40, 0xC0, 0xC0, 0x40, 0x3F,
        /* U+FEA2 'ﺢ' */
        0xA2, 0xFE, 0x07, 0x08, 0x09, 0x01, 0x09,
        0xFE, 0x9C, 0x24, 0x44, 0x42, 0xC1, 0xC0, 0x40, 0x3F,
        /* U+FEA3 'ﺣ' */
        0xA3, 0xFE, 0x07, 0x08, 0x06, 0x00, 0x09,
        0x60, 0x7E, 0x07, 0x0C, 0x38, 0xE0,
        /* U+FEA4 'ﺤ' */
        0xA4, 0xFE, 0x07, 0x09, 0x06, 0x00, 0x09,
        0x60, 0x3F, 0x01, 0xC1, 0xC3, 0xB7, 0x0C,
        /* U+FEA5 'ﺥ' */
        0xA5, 0xFE, 0x04, 0x08, 0x0B, 0x01, 0x09,
        0x10, 0x00, 0xFE, 0x9C, 0x20, 0x40, 0x40, 0xC0, 0xC0, 0x40, 0x3F,
        /* U+FEA6 'ﺦ' */
        0xA6, 0xFE, 0x04, 0x08, 0x0B, 0x01, 0x09,
        0x10, 0x00, 0xFE, 0x9C, 0x24, 0x44, 0x42, 0xC1, 0xC0, 0x40, 0x3F,
        /* U+FEA7 'ﺧ' */
        0xA7, 0xFE, 0x04, 0x08, 0x08, 0x00, 0x09,
        0x08, 0x00, 0x60, 0x7E, 0x07, 0x0C, 0x38, 0xE0,
        /* U+FEA8 'ﺨ' */
        0xA8, 0xFE, 0x04, 0x09, 0x08, 0x00, 0x09,
        0x08, 0x00, 0x18, 0x0F, 0xC0, 0x70, 0x70, 0xED, 0xC3,
        /* U+FEA9 'ﺩ' */
        0xA9, 0xFE, 0x07, 0x04, 0x06, 0x01, 0x06,
        0x63, 0x11, 0x1F,
        /* U+FEAA 'ﺪ' */
        0xAA, 0xFE, 0x07, 0x06, 0x06, 0x01, 0x07,
        0x60, 0xC1, 0x04, 0x1B, 0xF0,
        /* U+FEAB 'ﺫ' */
        0xAB, 0xFE, 0x04, 0x04, 0x08, 0x01, 0x06,
        0x40, 0x63, 0x11, 0x1F,
        /* U+FEAC 'ﺬ' */
        0xAC, 0xFE, 0x04, 0x06, 0x08, 0x01, 0x07,
        0x40, 0x06, 0x0C, 0x10, 0x41, 0xBF,
        /* U+FEAD 'ﺭ' */
        0xAD, 0xFE, 0x09, 0x07, 0x07, 0x00, 0x07,
        0x06, 0x04, 0x08, 0x30, 0x41, 0xBC, 0x00,
        /* U+FEAE 'ﺮ' */
        0xAE, 0xFE, 0x09, 0x09, 0x07, 0x00, 0x09,
        0x06, 0x01, 0x00, 0x80, 0xF0, 0x40, 0x63, 0xC0,
        /* U+FEAF 'ﺯ' */
        0xAF, 0xFE, 0x06, 0x07, 0x09, 0x00, 0x07,
        0x04, 0x00, 0x18, 0x10, 0x20, 0xC1, 0x06, 0xF0,
        /* U+FEB0 'ﺰ' */
        0xB0, 0xFE, 0x06, 0x09, 0x09, 0x00, 0x09,
        0x04, 0x00, 0x01, 0x80, 0x40, 0x20, 0x3C, 0x10, 0x18, 0xF0, 0x00,
        /* U+FEB1 'ﺱ' */
        0xB1, 0xFE, 0x07, 0x0F, 0x08, 0x01, 0x11,
        0x00, 0x02, 0x04, 0x44, 0x0C, 0x8C, 0x09, 0xB8, 0x1D, 0xD0, 0x60, 0x21, 0x80, 0x3E, 0x00,
        /* U+FEB2 'ﺲ' */
        0xB2, 0xFE, 0x07, 0x11, 0x08, 0x01, 0x12,
        0x00, 0x02, 0x01, 0x11, 0x00, 0xC8, 0x90, 0x26, 0xE8, 0x1D, 0xDC, 0x18, 0x02, 0x18, 0x00, 0xF8, 0x00,
        /* U+FEB3 'ﺳ' */
        0xB3, 0xFE, 0x07, 0x0B, 0x05, 0x00, 0x0C,
        0x00, 0x64, 0x4C, 0x89, 0xBB, 0xAD, 0xDC,
        /* U+FEB4 'ﺴ' */
        0xB4, 0xFE, 0x07, 0x0D, 0x05, 0x00, 0x0D,
        0x00, 0x61, 0x13, 0x08, 0x98, 0xEE, 0xCD, 0xDF, 0x80,
        /* U+FEB5 'ﺵ' */
        0xB5, 0xFE, 0x05, 0x0F, 0x0B, 0x01, 0x11,
        0x00, 0x40, 0x00, 0x00, 0x02, 0x80, 0x00, 0x10, 0x22, 0x20, 0x64, 0x60, 0x4D, 0xC0, 0xEE, 0x83, 0x01, 0x0C, 0x01, 0xF0, 0x00,
        /* U+FEB6 'ﺶ' */
        0xB6, 0xFE, 0x05, 0x11, 0x0B, 0x01, 0x12,
        0x00, 0x40, 0x00, 0x00, 0x00, 0x28, 0x00, 0x00, 0x40, 0x22, 0x20, 0x19, 0x12, 0x04, 0xDD, 0x03, 0xBB, 0x83, 0x00, 0x43, 0x00, 0x1F, 0x00, 0x00,
        /* U+FEB7 'ﺷ' */
        0xB7, 0xFE, 0x05, 0x0B, 0x08, 0x00, 0x0C,
        0x04, 0x00, 0x00, 0x28, 0x00, 0x32, 0x26, 0x44, 0xDD, 0xD6, 0xEE,
        /* U+FEB8 'ﺸ' */
        0xB8, 0xFE, 0x05, 0x0D, 0x08, 0x00, 0x0D,
        0x04, 0x00, 0x00, 0x02, 0x80, 0x00, 0xC2, 0x26, 0x11, 0x31, 0xDD, 0x9B, 0xBF,
        /* U+FEB9 'ﺹ' */
        0xB9, 0xFE, 0x07, 0x0F, 0x08, 0x01, 0x11,
        0x00, 0x3C, 0x00, 0xCC, 0x0B, 0x0C, 0x1C, 0x68, 0x3F, 0x90, 0x40, 0x21, 0x80, 0x3E, 0x00,
        /* U+FEBA 'ﺺ' */
        0xBA, 0xFE, 0x07, 0x10, 0x08, 0x01, 0x11,
        0x00, 0x3C, 0x00, 0x66, 0x02, 0xC2, 0x83, 0x8E, 0x83, 0xFB, 0x82, 0x00, 0x86, 0x00, 0x7C, 0x00,
        /* U+FEBB 'ﺻ' */
        0xBB, 0xFE, 0x07, 0x0B, 0x05, 0x00, 0x0C,
        0x03, 0xC4, 0xCC, 0xB1, 0xBC, 0x6D, 0xF8,
        /* U+FEBC 'ﺼ' */
        0xBC, 0xFE, 0x07, 0x0C, 0x05, 0x00, 0x0C,
        0x03, 0xC2, 0x66, 0x2C, 0x67, 0x8E, 0xDF, 0xB0,
        /* U+FEBD 'ﺽ' */
        0xBD, 0xFE, 0x06, 0x0F, 0x09, 0x01, 0x11,
        0x00, 0x80, 0x00, 0x78, 0x01, 0x98, 0x16, 0x18, 0x38, 0xD0, 0x7F, 0x20, 0x80, 0x43, 0x00, 0x7C, 0x00,
        /* U+FEBE 'ﺾ' */
        0xBE, 0xFE, 0x06, 0x10, 0x09, 0x01, 0x11,
        0x00, 0x80, 0x00, 0x3C, 0x00, 0x66, 0x02, 0xC2, 0x83, 0x8E, 0x83, 0xFB, 0x82, 0x00, 0x86, 0x00, 0x7C, 0x00,
        /* U+FEBF 'ﺿ' */
        0xBF, 0xFE, 0x06, 0x0B, 0x06, 0x00, 0x0C,
        0x10, 0x00, 0x78, 0x99, 0x96, 0x37, 0x8D, 0xBF, 0x00,
        /* U+FEC0 'ﻀ' */
        0xC0, 0xFE, 0x06, 0x0C, 0x06, 0x00, 0x0C,
        0x10, 0x00, 0x3C, 0x26, 0x62, 0xC6, 0x78, 0xED, 0xFB,
        /* U+FEC1 'ﻁ' */
        0xC1, 0xFE, 0x02, 0x0B, 0x0B, 0x01, 0x0D,
        0x30, 0x06, 0x00, 0xC0, 0x18, 0x03, 0x00, 0x60, 0x0C, 0xF1, 0xB1, 0x3C, 0x27, 0x1F, 0xFE, 0x00,
        /* U+FEC2 'ﻂ' */
        0xC2, 0xFE, 0x02, 0x0C, 0x0B, 0x01, 0x0D,
        0x30, 0x03, 0x00, 0x30, 0x03, 0x00, 0x30, 0x03, 0x00, 0x33, 0xC3, 0x62, 0x3C, 0x23, 0x8E, 0xFF, 0xB0,
        /* U+FEC3 'ﻃ' */
        0xC3, 0xFE, 0x02, 0x0A, 0x0B, 0x00, 0x0B,
        0x20, 0x08, 0x02, 0x00, 0x80, 0x20, 0x08, 0x02, 0x38, 0xB1, 0x38, 0x4C, 0x7F, 0xF0,
        /* U+FEC4 'ﻄ' */
        0xC4, 0xFE, 0x02, 0x0C, 0x0B, 0x00, 0x0C,
        0x20, 0x02, 0x00, 0x20, 0x02, 0x00, 0x20, 0x02, 0x00, 0x23, 0x82, 0xC4, 0x38, 0x43, 0x1C, 0xFF, 0x70,
        /* U+FEC5 'ﻅ' */
        0xC5, 0xFE, 0x02, 0x0B, 0x0B, 0x01, 0x0D,
        0x30, 0x06, 0x00, 0xC0, 0x18, 0x03, 0x20, 0x60, 0x0C, 0xF1, 0xB1, 0x3C, 0x27, 0x1F, 0xFE, 0x00,
        /* U+FEC6 'ﻆ' */
        0xC6, 0xFE, 0x02, 0x0C, 0x0B, 0x01, 0x0D,
        0x30, 0x03, 0x00, 0x30, 0x03, 0x00, 0x32, 0x03, 0x00, 0x33, 0xC3, 0x62, 0x3C, 0x23, 0x8E, 0xFF, 0xB0,
        /* U+FEC7 'ﻇ' */
        0xC7, 0xFE, 0x02, 0x0A, 0x0B, 0x00, 0x0B,
        0x20, 0x08, 0x02, 0x00, 0x80, 0x24, 0x08, 0x02, 0x38, 0xB1, 0x38, 0x4C, 0x7F, 0xF0,
        /* U+FEC8 'ﻈ' */
        0xC8, 0xFE, 0x02, 0x0C, 0x0B, 0x00, 0x0C,
        0x20, 0x02, 0x00, 0x20, 0x02, 0x00, 0x24, 0x02, 0x00, 0x23, 0x82, 0xC4, 0x38, 0x43, 0x1C, 0xFF, 0x70,
        /* U+FEC9 'ﻉ' */
        0xC9, 0xFE, 0x05, 0x07, 0x0A, 0x01, 0x08,
        0x70, 0x83, 0x13, 0xE6, 0x18, 0x20, 0x40, 0xC0, 0xFC,
        /* U+FECA 'ﻊ' */
        0xCA, 0xFE, 0x07, 0x07, 0x08, 0x01, 0x08,
        0xF9, 0xB1, 0xC7, 0x88, 0xF0, 0x30, 0x3F,
        /* U+FECB 'ﻋ' */
        0xCB, 0xFE, 0x05, 0x07, 0x07, 0x00, 0x08,
        0x38, 0x41, 0x83, 0x13, 0xE7, 0x38, 0x00,
        /* U+FECC 'ﻌ' */
        0xCC, 0xFE, 0x07, 0x07, 0x05, 0x00, 0x07,
        0x7C, 0xD8, 0xE1, 0xCC, 0xE0,
        /* U+FECD 'ﻍ' */
        0xCD, 0xFE, 0x03, 0x07, 0x0C, 0x01, 0x08,
        0x20, 0x01, 0xC2, 0x0C, 0x4F, 0x98, 0x60, 0x81, 0x03, 0x03, 0xF0,
        /* U+FECE 'ﻎ' */
        0xCE, 0xFE, 0x04, 0x07, 0x0B, 0x01, 0x08,
        0x20, 0x00, 0x07, 0xCD, 0x8E, 0x3C, 0x47, 0x81, 0x81, 0xF8,
        /* U+FECF 'ﻏ' */
        0xCF, 0xFE, 0x03, 0x07, 0x09, 0x00, 0x07,
        0x10, 0x00, 0xE1, 0x06, 0x0C, 0x4F, 0x9C, 0xE0,
        /* U+FED0 'ﻐ' */
        0xD0, 0xFE, 0x04, 0x07, 0x08, 0x00, 0x07,
        0x10, 0x00, 0x03, 0xE6, 0xC7, 0x0E, 0x67,
        /* U+FED1 'ﻑ' */
        0xD1, 0xFE, 0x03, 0x0C, 0x0A, 0x01, 0x0F,
        0x00, 0x40, 0x00, 0x00, 0x60, 0x0F, 0x00, 0x98, 0x0F, 0x80, 0x78, 0x03, 0x7F, 0xE1, 0xE0,
        /* U+FED2 'ﻒ' */
        0xD2, 0xFE, 0x04, 0x0E, 0x09, 0x01, 0x0F,
        0x00, 0x40, 0x00, 0x00, 0x00, 0x00, 0x3C, 0x80, 0x92, 0x02, 0x48, 0x0F, 0x1F, 0xFF, 0x1E, 0x00,
        /* U+FED3 'ﻓ' */
        0xD3, 0xFE, 0x03, 0x06, 0x09, 0x00, 0x07,
        0x10, 0x03, 0x1E, 0x6D, 0xF1, 0xC6, 0xF0,
        /* U+FED4 'ﻔ' */
        0xD4, 0xFE, 0x04, 0x07, 0x08, 0x00, 0x07,
        0x10, 0x00, 0x01, 0xC6, 0xCD, 0x8E, 0x7F,
        /* U+FED5 'ﻕ' */
        0xD5, 0xFE, 0x03, 0x09, 0x0C, 0x01, 0x0B,
        0x05, 0x00, 0x00, 0x81, 0xE0, 0xD8, 0x7E, 0x0B, 0x03, 0x81, 0x41, 0xB3, 0x8F, 0x00,
        /* U+FED6 'ﻖ' */
        0xD6, 0xFE, 0x05, 0x0B, 0x0A, 0x01, 0x0C,
        0x05, 0x00, 0x00, 0x1C, 0x06, 0x80, 0xD8, 0x0D, 0x20, 0xFC, 0x08, 0x83, 0x1F, 0xC0,
        /* U+FED7 'ﻗ' */
        0xD7, 0xFE, 0x03, 0x06, 0x09, 0x00, 0x07,
        0x28, 0x03, 0x1E, 0x6D, 0xF1, 0xC6, 0xF0,
        /* U+FED8 'ﻘ' */
        0xD8, 0xFE, 0x04, 0x07, 0x08, 0x00, 0x07,
        0x28, 0x00, 0x01, 0xC6, 0xCD, 0x8E, 0x7F,
        /* U+FED9 'ﻙ' */
        0xD9, 0xFE, 0x02, 0x09, 0x0B, 0x01, 0x0C,
        0x00, 0x80, 0x40, 0x21, 0x91, 0x08, 0x64, 0x62, 0x01, 0x80, 0xC0, 0xDF, 0xC0,
        /* U+FEDA 'ﻚ' */
        0xDA, 0xFE, 0x02, 0x0B, 0x0B, 0x01, 0x0C,
        0x00, 0x80, 0x10, 0x02, 0x06, 0x41, 0x08, 0x19, 0x06, 0x20, 0x04, 0x80, 0x90, 0x39, 0xFD, 0x80,
        /* U+FEDB 'ﻛ' */
        0xDB, 0xFE, 0x02, 0x07, 0x0B, 0x00, 0x07,
        0x02, 0x1C, 0xE2, 0x04, 0x0C, 0x0C, 0x08, 0x18, 0x33, 0xC0,
        /* U+FEDC 'ﻜ' */
        0xDC, 0xFE, 0x02, 0x08, 0x0B, 0x00, 0x08,
        0x02, 0x0E, 0x38, 0x40, 0x40, 0x60, 0x30, 0x18, 0x18, 0x1C, 0xF7,
        /* U+FEDD 'ﻝ' */
        0xDD, 0xFE, 0x02, 0x08, 0x0D, 0x01, 0x0A,
        0x01, 0x01, 0x01, 0x01, 0x01, 0x01, 0x01, 0x01, 0x01, 0x81, 0x83, 0xC6, 0x7C,
        /* U+FEDE 'ﻞ' */
        0xDE, 0xFE, 0x02, 0x0A, 0x0D, 0x01, 0x0B,
        0x01, 0x00, 0x40, 0x10, 0x04, 0x01, 0x00, 0x40, 0x10, 0x04, 0x01, 0x20, 0x48, 0x3F, 0x18, 0x7C, 0x00,
        /* U+FEDF 'ﻟ' */
        0xDF, 0xFE, 0x02, 0x03, 0x0B, 0x00, 0x04,
        0x24, 0x92, 0x49, 0x2F, 0x00,
        /* U+FEE0 'ﻠ' */
        0xE0, 0xFE, 0x02, 0x05, 0x0B, 0x00, 0x05,
        0x21, 0x08, 0x42, 0x10, 0x84, 0x23, 0x3E,
        /* U+FEE1 'ﻡ' */
        0xE1, 0xFE, 0x07, 0x07, 0x08, 0x01, 0x09,
        0x1C, 0x4C, 0x9F, 0xE8, 0x10, 0x20, 0x40,
        /* U+FEE2 'ﻢ' */
        0xE2, 0xFE, 0x08, 0x08, 0x07, 0x01, 0x09,
        0x1C, 0x26, 0x26, 0xFF, 0x80, 0x80, 0x80,
        /* U+FEE3 'ﻣ' */
        0xE3, 0xFE, 0x08, 0x06, 0x04, 0x00, 0x08,
        0x3C, 0x96, 0x7F,
        /* U+FEE4 'ﻤ' */
        0xE4, 0xFE, 0x08, 0x08, 0x04, 0x00, 0x08,
        0x3C, 0x24, 0x66, 0xFF,
        /* U+FEE5 'ﻥ' */
        0xE5, 0xFE, 0x06, 0x08, 0x08, 0x01, 0x0A,
        0x10, 0x01, 0x01, 0x81, 0x81, 0x81, 0xC2, 0x7C,
        /* U+FEE6 'ﻦ' */
        0xE6, 0xFE, 0x07, 0x0A, 0x08, 0x01, 0x0B,
        0x10, 0x00, 0xC0, 0x12, 0x06, 0x81, 0xE0, 0x4C, 0x31, 0xF8,
        /* U+FEE7 'ﻧ' */
        0xE7, 0xFE, 0x05, 0x03, 0x07, 0x00, 0x04,
        0x20, 0x36, 0xF0,
        /* U+FEE8 'ﻨ' */
        0xE8, 0xFE, 0x05, 0x04, 0x07, 0x00, 0x04,
        0x20, 0x06, 0x66, 0xF0,
        /* U+FEE9 'ﻩ' */
        0xE9, 0xFE, 0x07, 0x05, 0x05, 0x01, 0x07,
        0x76, 0xE3, 0x1F, 0x80,
        /* U+FEEA 'ﻪ' */
        0xEA, 0xFE, 0x07, 0x07, 0x05, 0x01, 0x08,
        0x10, 0xE2, 0x67, 0xC2, 0xE0,
        /* U+FEEB 'ﻫ' */
        0xEB, 0xFE, 0x06, 0x07, 0x07, 0x00, 0x07,
        0x40, 0xE1, 0xE2, 0xE5, 0xCE, 0xFF, 0x00,
        /* U+FEEC 'ﻬ' */
        0xEC, 0xFE, 0x08, 0x07, 0x08, 0x00, 0x07,
        0x10, 0x51, 0xA2, 0xCF, 0xEB, 0x1A, 0x1C,
        /* U+FEED 'ﻭ' */
        0xED, 0xFE, 0x08, 0x07, 0x07, 0x00, 0x07,
        0x1C, 0x6C, 0xD8, 0xF0, 0x41, 0xBE, 0x00,
        /* U+FEEE 'ﻮ' */
        0xEE, 0xFE, 0x08, 0x08, 0x07, 0x00, 0x08,
        0x1C, 0x36, 0x36, 0x1F, 0x04, 0x0C, 0xF8,
        /* U+FEEF 'ﻯ' */
        0xEF, 0xFE, 0x07, 0x09, 0x08, 0x01, 0x0B,
        0x07, 0x06, 0xC2, 0x00, 0xE8, 0x1C, 0x0F, 0x3C, 0xF8,
        /* U+FEF0 'ﻰ' */
        0xF0, 0xFE, 0x0A, 0x0B, 0x05, 0x01, 0x0C,
        0xC3, 0xD0, 0x6A, 0x04, 0xF1, 0x83, 0xC0,
        /* U+FEF1 'ﻱ' */
        0xF1, 0xFE, 0x07, 0x09, 0x09, 0x01, 0x0B,
        0x07, 0x06, 0xC2, 0x00, 0xE8, 0x1C, 0x0F, 0x3C, 0xF8, 0x28, 0x00,
        /* U+FEF2 'ﻲ' */
        0xF2, 0xFE, 0x0A, 0x0B, 0x06, 0x01, 0x0C,
        0xC3, 0xD0, 0x6A, 0x04, 0xF1, 0x83, 0xC0, 0x50, 0x00,
        /* U+FEF3 'ﻳ' */
        0xF3, 0xFE, 0x08, 0x04, 0x06, 0x00, 0x04,
        0x66, 0x6C, 0x05,
        /* U+FEF4 'ﻴ' */
        0xF4, 0xFE, 0x08, 0x04, 0x06, 0x00, 0x04,
        0x66, 0x6F, 0x05,
        /* U+FEF5 'ﻵ' */
        0xF5, 0xFE, 0x00, 0x07, 0x0C, 0x00, 0x08,
        0x90, 0xCD, 0x1A, 0x32, 0x64, 0xCD, 0x8A, 0x1C, 0x18, 0x63, 0x80,
        /* U+FEF6 'ﻶ' */
        0xF6, 0xFE, 0x00, 0x08, 0x0C, 0x00, 0x08,
        0x90, 0x66, 0x46, 0x46, 0x26, 0x26, 0x36, 0x16, 0x1E, 0x0E, 0x1A, 0x73,
        /* U+FEF7 'ﻷ' */
        0xF7, 0xFE, 0x00, 0x07, 0x0C, 0x00, 0x08,
        0x81, 0x8D, 0x1A, 0x32, 0x64, 0xCD, 0x8A, 0x1C, 0x18, 0x63, 0x80,
        /* U+FEF8 'ﻸ' */
        0xF8, 0xFE, 0x00, 0x08, 0x0C, 0x00, 0x08,
        0x80, 0xC6, 0x46, 0x46, 0x26, 0x26, 0x36, 0x16, 0x1E, 0x0E, 0x1A, 0x73,
        /* U+FEF9 'ﻹ' */
        0xF9, 0xFE, 0x02, 0x07, 0x0F, 0x00, 0x08,
        0x06, 0x8D, 0x19, 0x32, 0x66, 0xC5, 0x0E, 0x0C, 0x31, 0xC0, 0x0C, 0x10, 0x30, 0x00,
        /* U+FEFA 'ﻺ' */
        0xFA, 0xFE, 0x02, 0x08, 0x0F, 0x00, 0x08,
        0x06, 0x46, 0x46, 0x26, 0x26, 0x36, 0x16, 0x1E, 0x0E, 0x1A, 0x73, 0x00, 0xC0, 0x80, 0xC0,
        /* U+FEFB 'ﻻ' */
        0xFB, 0xFE, 0x02, 0x06, 0x0B, 0x01, 0x08,
        0x0E, 0x38, 0xD3, 0x4D, 0xB2, 0x8E, 0x18, 0xCE, 0x00,
        /* U+FEFC 'ﻼ' */
        0xFC, 0xFE, 0x02, 0x07, 0x0B, 0x01, 0x08,
        0x0D, 0x1A, 0x32, 0x64, 0xCD, 0x8B, 0x1E, 0x1C, 0x6B, 0x98,
        /* U+FEFD '﻽' */
        0xFD, 0xFE, 0x03, 0x07, 0x0C, 0x01, 0x08,
        0xFF, 0x06, 0x0C, 0x18, 0x30, 0x60, 0xC1, 0x83, 0x06, 0x0F, 0xF0,
        /* U+FEFE '﻾' */
        0xFE, 0xFE, 0x03, 0x07, 0x0C, 0x01, 0x08,
        0xFF, 0x06, 0x0C, 0x18, 0x30, 0x60, 0xC1, 0x83, 0x06, 0x0F, 0xF0,
        /* U+FEFF '﻿' */
        0xFF, 0xFE, 0x00, 0x00, 0x00, 0x00, 0x00,
        

        // Terminator
        0x00, 0x00,
    },
};
